par,est,iter,ln_sigma_eta,ln_kappa2,Estimation model,Operating model
beta[j1],-1.8699671646661964,1,0,2.5,Null,Operating model = Diffusion
beta[j1],-1.8717227704765946,1,-2.30258509299405,2.5,Null,Operating model = Diffusion
beta[j1],-2.003184819103369,1,0.693147180559945,2.5,Null,Operating model = Diffusion
beta[j1],-0.1508854276422179,1,0,0,Null,Operating model = Diffusion
beta[j1],-2.3723221619340515,1,0,5,Null,Operating model = Diffusion
beta[j1],-2.043661111237748,2,0,2.5,Null,Operating model = Diffusion
beta[j1],-1.4477518124587863,2,-2.30258509299405,2.5,Null,Operating model = Diffusion
beta[j1],-1.6314110495555723,2,0.693147180559945,2.5,Null,Operating model = Diffusion
beta[j1],-0.09906118005746205,2,0,0,Null,Operating model = Diffusion
beta[j1],-1.9925270779540134,2,0,5,Null,Operating model = Diffusion
beta[j1],-1.635441741978838,3,0,2.5,Null,Operating model = Diffusion
beta[j1],-1.6022888001726499,3,-2.30258509299405,2.5,Null,Operating model = Diffusion
beta[j1],-2.1472806959500845,3,0.693147180559945,2.5,Null,Operating model = Diffusion
beta[j1],-0.1693858399018578,3,0,0,Null,Operating model = Diffusion
beta[j1],-2.7029095070089157,3,0,5,Null,Operating model = Diffusion
beta[j1],-2.2538639068465467,4,0,2.5,Null,Operating model = Diffusion
beta[j1],-2.4833141877159313,4,-2.30258509299405,2.5,Null,Operating model = Diffusion
beta[j1],-2.201204413827844,4,0.693147180559945,2.5,Null,Operating model = Diffusion
beta[j1],-0.07400388018894224,4,0,0,Null,Operating model = Diffusion
beta[j1],-2.461096807258586,4,0,5,Null,Operating model = Diffusion
beta[j1],-1.57678164859126,5,0,2.5,Null,Operating model = Diffusion
beta[j1],-1.4424197793585443,5,-2.30258509299405,2.5,Null,Operating model = Diffusion
beta[j1],-1.6069857550960835,5,0.693147180559945,2.5,Null,Operating model = Diffusion
beta[j1],-0.0017764265052381818,5,0,0,Null,Operating model = Diffusion
beta[j1],-2.336663079572324,5,0,5,Null,Operating model = Diffusion
beta[j1],-1.8962623992383663,6,0,2.5,Null,Operating model = Diffusion
beta[j1],-1.5824475790318593,6,-2.30258509299405,2.5,Null,Operating model = Diffusion
beta[j1],-1.8177819483591529,6,0.693147180559945,2.5,Null,Operating model = Diffusion
beta[j1],-0.12179693932622027,6,0,0,Null,Operating model = Diffusion
beta[j1],-2.4654325917207176,6,0,5,Null,Operating model = Diffusion
beta[j1],-1.9745314621346055,7,0,2.5,Null,Operating model = Diffusion
beta[j1],-1.636082736416312,7,-2.30258509299405,2.5,Null,Operating model = Diffusion
beta[j1],-1.5502022768055812,7,0.693147180559945,2.5,Null,Operating model = Diffusion
beta[j1],-0.08862049474160383,7,0,0,Null,Operating model = Diffusion
beta[j1],-2.250636875036424,7,0,5,Null,Operating model = Diffusion
beta[j1],-1.7291645742230741,8,0,2.5,Null,Operating model = Diffusion
beta[j1],-1.522505426317489,8,-2.30258509299405,2.5,Null,Operating model = Diffusion
beta[j1],-1.6143964901409773,8,0.693147180559945,2.5,Null,Operating model = Diffusion
beta[j1],-0.036129759858813205,8,0,0,Null,Operating model = Diffusion
beta[j1],-2.4863431362896917,8,0,5,Null,Operating model = Diffusion
beta[j1],-1.094892413541435,9,0,2.5,Null,Operating model = Diffusion
beta[j1],-2.289000573005116,9,-2.30258509299405,2.5,Null,Operating model = Diffusion
beta[j1],-1.6914703467735057,9,0.693147180559945,2.5,Null,Operating model = Diffusion
beta[j1],-0.17998732813130616,9,0,0,Null,Operating model = Diffusion
beta[j1],-2.2573332939061324,9,0,5,Null,Operating model = Diffusion
beta[j1],-1.7176849133476204,10,0,2.5,Null,Operating model = Diffusion
beta[j1],-1.4833314662763302,10,-2.30258509299405,2.5,Null,Operating model = Diffusion
beta[j1],-1.4184334875005693,10,0.693147180559945,2.5,Null,Operating model = Diffusion
beta[j1],-0.0602848502203885,10,0,0,Null,Operating model = Diffusion
beta[j1],-2.311591950434649,10,0,5,Null,Operating model = Diffusion
beta[j1],-1.8319829686990676,11,0,2.5,Null,Operating model = Diffusion
beta[j1],-2.0228925380665865,11,-2.30258509299405,2.5,Null,Operating model = Diffusion
beta[j1],-1.9884876227765442,11,0.693147180559945,2.5,Null,Operating model = Diffusion
beta[j1],-0.058309303113902554,11,0,0,Null,Operating model = Diffusion
beta[j1],-2.429498079670636,11,0,5,Null,Operating model = Diffusion
beta[j1],-1.756861727679987,12,0,2.5,Null,Operating model = Diffusion
beta[j1],-1.8487906014178024,12,-2.30258509299405,2.5,Null,Operating model = Diffusion
beta[j1],-1.7969167158038413,12,0.693147180559945,2.5,Null,Operating model = Diffusion
beta[j1],-0.05289522656255701,12,0,0,Null,Operating model = Diffusion
beta[j1],-2.108185519902656,12,0,5,Null,Operating model = Diffusion
beta[j1],-1.678455137959746,13,0,2.5,Null,Operating model = Diffusion
beta[j1],-2.632578648194256,13,-2.30258509299405,2.5,Null,Operating model = Diffusion
beta[j1],-1.5755540716017151,13,0.693147180559945,2.5,Null,Operating model = Diffusion
beta[j1],-0.09028927156142912,13,0,0,Null,Operating model = Diffusion
beta[j1],-2.3441198372026935,13,0,5,Null,Operating model = Diffusion
beta[j1],-1.7679270192671184,14,0,2.5,Null,Operating model = Diffusion
beta[j1],-1.8729412342349574,14,-2.30258509299405,2.5,Null,Operating model = Diffusion
beta[j1],-1.7420879026306733,14,0.693147180559945,2.5,Null,Operating model = Diffusion
beta[j1],-0.10735439266525446,14,0,0,Null,Operating model = Diffusion
beta[j1],-2.323427134456457,14,0,5,Null,Operating model = Diffusion
beta[j1],-1.7015563121924957,15,0,2.5,Null,Operating model = Diffusion
beta[j1],-1.522848165353406,15,-2.30258509299405,2.5,Null,Operating model = Diffusion
beta[j1],-1.6313855733952305,15,0.693147180559945,2.5,Null,Operating model = Diffusion
beta[j1],-0.10760733955712637,15,0,0,Null,Operating model = Diffusion
beta[j1],-2.1944175834823465,15,0,5,Null,Operating model = Diffusion
beta[j1],-1.8173789537553338,16,0,2.5,Null,Operating model = Diffusion
beta[j1],-1.609205572468527,16,-2.30258509299405,2.5,Null,Operating model = Diffusion
beta[j1],-1.6975178589494433,16,0.693147180559945,2.5,Null,Operating model = Diffusion
beta[j1],-0.11648540945114005,16,0,0,Null,Operating model = Diffusion
beta[j1],-2.2414277795510444,16,0,5,Null,Operating model = Diffusion
beta[j1],-1.850799484144228,17,0,2.5,Null,Operating model = Diffusion
beta[j1],-1.6343764667167444,17,-2.30258509299405,2.5,Null,Operating model = Diffusion
beta[j1],-1.5528733289060965,17,0.693147180559945,2.5,Null,Operating model = Diffusion
beta[j1],-0.03234489473341767,17,0,0,Null,Operating model = Diffusion
beta[j1],-2.4181475746031036,17,0,5,Null,Operating model = Diffusion
beta[j1],-1.7217193728299354,18,0,2.5,Null,Operating model = Diffusion
beta[j1],-1.4264264568226663,18,-2.30258509299405,2.5,Null,Operating model = Diffusion
beta[j1],-2.1230023637499817,18,0.693147180559945,2.5,Null,Operating model = Diffusion
beta[j1],-0.061458577457399965,18,0,0,Null,Operating model = Diffusion
beta[j1],-2.267790858058945,18,0,5,Null,Operating model = Diffusion
beta[j1],-1.63917653433615,19,0,2.5,Null,Operating model = Diffusion
beta[j1],-1.4474299631311116,19,-2.30258509299405,2.5,Null,Operating model = Diffusion
beta[j1],-1.7011198667621608,19,0.693147180559945,2.5,Null,Operating model = Diffusion
beta[j1],-0.016840327795608928,19,0,0,Null,Operating model = Diffusion
beta[j1],-2.774849104241265,19,0,5,Null,Operating model = Diffusion
beta[j1],-1.6879412264340017,20,0,2.5,Null,Operating model = Diffusion
beta[j1],-1.6430118496317285,20,-2.30258509299405,2.5,Null,Operating model = Diffusion
beta[j1],-1.6424825223615427,20,0.693147180559945,2.5,Null,Operating model = Diffusion
beta[j1],-0.08644251360695526,20,0,0,Null,Operating model = Diffusion
beta[j1],-2.1918680349212836,20,0,5,Null,Operating model = Diffusion
beta[j1],-2.161989841039862,21,0,2.5,Null,Operating model = Diffusion
beta[j1],-1.8205305438578183,21,-2.30258509299405,2.5,Null,Operating model = Diffusion
beta[j1],-1.87413551600216,21,0.693147180559945,2.5,Null,Operating model = Diffusion
beta[j1],-0.1443225866216051,21,0,0,Null,Operating model = Diffusion
beta[j1],-2.4252766780911155,21,0,5,Null,Operating model = Diffusion
beta[j1],-1.5484528524258487,22,0,2.5,Null,Operating model = Diffusion
beta[j1],-1.4233477138862916,22,-2.30258509299405,2.5,Null,Operating model = Diffusion
beta[j1],-1.6810681440297905,22,0.693147180559945,2.5,Null,Operating model = Diffusion
beta[j1],-0.05115608938230628,22,0,0,Null,Operating model = Diffusion
beta[j1],-2.4524877633072397,22,0,5,Null,Operating model = Diffusion
beta[j1],-1.4711722036387584,23,0,2.5,Null,Operating model = Diffusion
beta[j1],-1.5919796022144936,23,-2.30258509299405,2.5,Null,Operating model = Diffusion
beta[j1],-1.6980126984268378,23,0.693147180559945,2.5,Null,Operating model = Diffusion
beta[j1],0.003240827872698486,23,0,0,Null,Operating model = Diffusion
beta[j1],-2.2197149730336494,23,0,5,Null,Operating model = Diffusion
beta[j1],-1.6726113812848946,24,0,2.5,Null,Operating model = Diffusion
beta[j1],-1.589262100610036,24,-2.30258509299405,2.5,Null,Operating model = Diffusion
beta[j1],-1.886709172362008,24,0.693147180559945,2.5,Null,Operating model = Diffusion
beta[j1],-0.1395781438242451,24,0,0,Null,Operating model = Diffusion
beta[j1],-2.5613319030247377,24,0,5,Null,Operating model = Diffusion
beta[j1],-1.732966961923801,25,0,2.5,Null,Operating model = Diffusion
beta[j1],-1.264511072544808,25,-2.30258509299405,2.5,Null,Operating model = Diffusion
beta[j1],-1.692354201394481,25,0.693147180559945,2.5,Null,Operating model = Diffusion
beta[j1],-0.1311722703800426,25,0,0,Null,Operating model = Diffusion
beta[j1],-2.338040520884356,25,0,5,Null,Operating model = Diffusion
beta[j1],-1.9676749377039218,26,0,2.5,Null,Operating model = Diffusion
beta[j1],-1.5439469212783081,26,-2.30258509299405,2.5,Null,Operating model = Diffusion
beta[j1],-1.6657707047147643,26,0.693147180559945,2.5,Null,Operating model = Diffusion
beta[j1],-0.12836819229462668,26,0,0,Null,Operating model = Diffusion
beta[j1],-2.141851878409288,26,0,5,Null,Operating model = Diffusion
beta[j1],-1.7626964944951915,27,0,2.5,Null,Operating model = Diffusion
beta[j1],-2.1831543142068472,27,-2.30258509299405,2.5,Null,Operating model = Diffusion
beta[j1],-1.8510561553770637,27,0.693147180559945,2.5,Null,Operating model = Diffusion
beta[j1],-0.11054891971128517,27,0,0,Null,Operating model = Diffusion
beta[j1],-2.7735593601354678,27,0,5,Null,Operating model = Diffusion
beta[j1],-1.6375593393695278,28,0,2.5,Null,Operating model = Diffusion
beta[j1],-1.7430802997117714,28,-2.30258509299405,2.5,Null,Operating model = Diffusion
beta[j1],-1.5518239396992728,28,0.693147180559945,2.5,Null,Operating model = Diffusion
beta[j1],-0.1517831875250624,28,0,0,Null,Operating model = Diffusion
beta[j1],-2.5364704743150357,28,0,5,Null,Operating model = Diffusion
beta[j1],-1.9842634171391902,29,0,2.5,Null,Operating model = Diffusion
beta[j1],-1.5273526453895412,29,-2.30258509299405,2.5,Null,Operating model = Diffusion
beta[j1],-1.56263298604649,29,0.693147180559945,2.5,Null,Operating model = Diffusion
beta[j1],-0.16434701909784669,29,0,0,Null,Operating model = Diffusion
beta[j1],-2.2416222140122017,29,0,5,Null,Operating model = Diffusion
beta[j1],-2.2614439665055386,30,0,2.5,Null,Operating model = Diffusion
beta[j1],-1.8818461064449397,30,-2.30258509299405,2.5,Null,Operating model = Diffusion
beta[j1],-1.608510428781418,30,0.693147180559945,2.5,Null,Operating model = Diffusion
beta[j1],-0.06831851244019041,30,0,0,Null,Operating model = Diffusion
beta[j1],-2.2567472302698723,30,0,5,Null,Operating model = Diffusion
beta[j1],-1.657958840119958,31,0,2.5,Null,Operating model = Diffusion
beta[j1],-1.714028716888688,31,-2.30258509299405,2.5,Null,Operating model = Diffusion
beta[j1],-1.8320703120199617,31,0.693147180559945,2.5,Null,Operating model = Diffusion
beta[j1],-0.09571544608416654,31,0,0,Null,Operating model = Diffusion
beta[j1],-2.3785859365408513,31,0,5,Null,Operating model = Diffusion
beta[j1],-2.171324268415053,32,0,2.5,Null,Operating model = Diffusion
beta[j1],-1.9002390255725403,32,-2.30258509299405,2.5,Null,Operating model = Diffusion
beta[j1],-1.6829505515702736,32,0.693147180559945,2.5,Null,Operating model = Diffusion
beta[j1],-0.1542032044569785,32,0,0,Null,Operating model = Diffusion
beta[j1],-2.2935615615700757,32,0,5,Null,Operating model = Diffusion
beta[j1],-1.99190941228019,33,0,2.5,Null,Operating model = Diffusion
beta[j1],-2.5871976715073286,33,-2.30258509299405,2.5,Null,Operating model = Diffusion
beta[j1],-1.5358418907845897,33,0.693147180559945,2.5,Null,Operating model = Diffusion
beta[j1],-0.0804115628807846,33,0,0,Null,Operating model = Diffusion
beta[j1],-2.2330999758222054,33,0,5,Null,Operating model = Diffusion
beta[j1],-1.8149407779779485,34,0,2.5,Null,Operating model = Diffusion
beta[j1],-1.6211415684333748,34,-2.30258509299405,2.5,Null,Operating model = Diffusion
beta[j1],-1.8273791342236114,34,0.693147180559945,2.5,Null,Operating model = Diffusion
beta[j1],-0.139894201296369,34,0,0,Null,Operating model = Diffusion
beta[j1],-2.216938990739635,34,0,5,Null,Operating model = Diffusion
beta[j1],-1.8272089784076864,35,0,2.5,Null,Operating model = Diffusion
beta[j1],-1.7200648430941103,35,-2.30258509299405,2.5,Null,Operating model = Diffusion
beta[j1],-2.082627866318559,35,0.693147180559945,2.5,Null,Operating model = Diffusion
beta[j1],-0.014606297105478673,35,0,0,Null,Operating model = Diffusion
beta[j1],-2.4899919356826605,35,0,5,Null,Operating model = Diffusion
beta[j1],-1.6330907310433946,36,0,2.5,Null,Operating model = Diffusion
beta[j1],-1.6350300286619033,36,-2.30258509299405,2.5,Null,Operating model = Diffusion
beta[j1],-2.208351925394423,36,0.693147180559945,2.5,Null,Operating model = Diffusion
beta[j1],-0.102839773791935,36,0,0,Null,Operating model = Diffusion
beta[j1],-2.469553914046403,36,0,5,Null,Operating model = Diffusion
beta[j1],-1.5394477724899323,37,0,2.5,Null,Operating model = Diffusion
beta[j1],-2.1270915509567376,37,-2.30258509299405,2.5,Null,Operating model = Diffusion
beta[j1],-2.5241091942632377,37,0.693147180559945,2.5,Null,Operating model = Diffusion
beta[j1],-0.05748579188035121,37,0,0,Null,Operating model = Diffusion
beta[j1],-2.0843676835353855,37,0,5,Null,Operating model = Diffusion
beta[j1],-1.5515351103381156,38,0,2.5,Null,Operating model = Diffusion
beta[j1],-1.9405135860324998,38,-2.30258509299405,2.5,Null,Operating model = Diffusion
beta[j1],-2.049244871175181,38,0.693147180559945,2.5,Null,Operating model = Diffusion
beta[j1],-0.058308903815621066,38,0,0,Null,Operating model = Diffusion
beta[j1],-2.4595643483669027,38,0,5,Null,Operating model = Diffusion
beta[j1],-1.6712927871529595,39,0,2.5,Null,Operating model = Diffusion
beta[j1],-1.9944089588642502,39,-2.30258509299405,2.5,Null,Operating model = Diffusion
beta[j1],-1.6926512814046144,39,0.693147180559945,2.5,Null,Operating model = Diffusion
beta[j1],-0.11087831651902755,39,0,0,Null,Operating model = Diffusion
beta[j1],-2.7041214293876377,39,0,5,Null,Operating model = Diffusion
beta[j1],-1.5110544174193177,40,0,2.5,Null,Operating model = Diffusion
beta[j1],-1.734455938584273,40,-2.30258509299405,2.5,Null,Operating model = Diffusion
beta[j1],-1.9112246745784915,40,0.693147180559945,2.5,Null,Operating model = Diffusion
beta[j1],-0.07409608622289496,40,0,0,Null,Operating model = Diffusion
beta[j1],-2.2983858785481632,40,0,5,Null,Operating model = Diffusion
beta[j1],-1.472966228622258,41,0,2.5,Null,Operating model = Diffusion
beta[j1],-1.4807478292166945,41,-2.30258509299405,2.5,Null,Operating model = Diffusion
beta[j1],-2.127165911312243,41,0.693147180559945,2.5,Null,Operating model = Diffusion
beta[j1],-0.07630306516917282,41,0,0,Null,Operating model = Diffusion
beta[j1],-2.0198972641232857,41,0,5,Null,Operating model = Diffusion
beta[j1],-2.1058286710427314,42,0,2.5,Null,Operating model = Diffusion
beta[j1],-1.4571614889087663,42,-2.30258509299405,2.5,Null,Operating model = Diffusion
beta[j1],-1.5323720587585778,42,0.693147180559945,2.5,Null,Operating model = Diffusion
beta[j1],0.07847896986311409,42,0,0,Null,Operating model = Diffusion
beta[j1],-2.05684581025901,42,0,5,Null,Operating model = Diffusion
beta[j1],-2.1359771532297644,43,0,2.5,Null,Operating model = Diffusion
beta[j1],-1.5386640113428396,43,-2.30258509299405,2.5,Null,Operating model = Diffusion
beta[j1],-1.4583538198981827,43,0.693147180559945,2.5,Null,Operating model = Diffusion
beta[j1],-0.07143529519294764,43,0,0,Null,Operating model = Diffusion
beta[j1],-2.6973204038100294,43,0,5,Null,Operating model = Diffusion
beta[j1],-1.768813448276099,44,0,2.5,Null,Operating model = Diffusion
beta[j1],-1.7311082777434312,44,-2.30258509299405,2.5,Null,Operating model = Diffusion
beta[j1],-2.286001269971784,44,0.693147180559945,2.5,Null,Operating model = Diffusion
beta[j1],-0.07805585512732446,44,0,0,Null,Operating model = Diffusion
beta[j1],-2.4385612484046546,44,0,5,Null,Operating model = Diffusion
beta[j1],-1.8220659067527147,45,0,2.5,Null,Operating model = Diffusion
beta[j1],-1.7634976415435275,45,-2.30258509299405,2.5,Null,Operating model = Diffusion
beta[j1],-2.2110289038121205,45,0.693147180559945,2.5,Null,Operating model = Diffusion
beta[j1],0.01712638447305439,45,0,0,Null,Operating model = Diffusion
beta[j1],-2.3287447066882194,45,0,5,Null,Operating model = Diffusion
beta[j1],-1.7819305101006664,46,0,2.5,Null,Operating model = Diffusion
beta[j1],-1.5154772019970126,46,-2.30258509299405,2.5,Null,Operating model = Diffusion
beta[j1],-1.403487525198463,46,0.693147180559945,2.5,Null,Operating model = Diffusion
beta[j1],-0.09560918654423423,46,0,0,Null,Operating model = Diffusion
beta[j1],-2.3967933990526737,46,0,5,Null,Operating model = Diffusion
beta[j1],-1.9689103102284478,47,0,2.5,Null,Operating model = Diffusion
beta[j1],-1.688710952783207,47,-2.30258509299405,2.5,Null,Operating model = Diffusion
beta[j1],-2.0953416822568673,47,0.693147180559945,2.5,Null,Operating model = Diffusion
beta[j1],-0.11562304487740958,47,0,0,Null,Operating model = Diffusion
beta[j1],-2.2374672911259093,47,0,5,Null,Operating model = Diffusion
beta[j1],-1.5521177997002578,48,0,2.5,Null,Operating model = Diffusion
beta[j1],-1.6885271257506909,48,-2.30258509299405,2.5,Null,Operating model = Diffusion
beta[j1],-2.117638555558322,48,0.693147180559945,2.5,Null,Operating model = Diffusion
beta[j1],-0.09670909604986558,48,0,0,Null,Operating model = Diffusion
beta[j1],-2.4805714063451347,48,0,5,Null,Operating model = Diffusion
beta[j1],-1.9719035101221472,49,0,2.5,Null,Operating model = Diffusion
beta[j1],-2.0837217425284176,49,-2.30258509299405,2.5,Null,Operating model = Diffusion
beta[j1],-1.9330935183586049,49,0.693147180559945,2.5,Null,Operating model = Diffusion
beta[j1],-0.06444438438166496,49,0,0,Null,Operating model = Diffusion
beta[j1],-2.4167746763378606,49,0,5,Null,Operating model = Diffusion
beta[j1],-1.8674472454178366,50,0,2.5,Null,Operating model = Diffusion
beta[j1],-1.468231609064413,50,-2.30258509299405,2.5,Null,Operating model = Diffusion
beta[j1],-1.6308839692903823,50,0.693147180559945,2.5,Null,Operating model = Diffusion
beta[j1],-0.06915212009437337,50,0,0,Null,Operating model = Diffusion
beta[j1],-2.30277138252593,50,0,5,Null,Operating model = Diffusion
beta[j1],-1.9009983137360154,51,0,2.5,Null,Operating model = Diffusion
beta[j1],-2.1428882650775654,51,-2.30258509299405,2.5,Null,Operating model = Diffusion
beta[j1],-2.8686393832178134,51,0.693147180559945,2.5,Null,Operating model = Diffusion
beta[j1],-0.03524202833193809,51,0,0,Null,Operating model = Diffusion
beta[j1],-2.590261218112849,51,0,5,Null,Operating model = Diffusion
beta[j1],-1.8086868672910237,52,0,2.5,Null,Operating model = Diffusion
beta[j1],-1.7626583529384987,52,-2.30258509299405,2.5,Null,Operating model = Diffusion
beta[j1],-1.7120035265627216,52,0.693147180559945,2.5,Null,Operating model = Diffusion
beta[j1],-0.05356881293543616,52,0,0,Null,Operating model = Diffusion
beta[j1],-2.327503842120619,52,0,5,Null,Operating model = Diffusion
beta[j1],-1.6766956587137312,53,0,2.5,Null,Operating model = Diffusion
beta[j1],-1.9606411315911554,53,-2.30258509299405,2.5,Null,Operating model = Diffusion
beta[j1],-1.4509204855525697,53,0.693147180559945,2.5,Null,Operating model = Diffusion
beta[j1],-0.06233895004857932,53,0,0,Null,Operating model = Diffusion
beta[j1],-2.5673599143333123,53,0,5,Null,Operating model = Diffusion
beta[j1],-2.3671497196024496,54,0,2.5,Null,Operating model = Diffusion
beta[j1],-1.8187074610013758,54,-2.30258509299405,2.5,Null,Operating model = Diffusion
beta[j1],-1.7043904419225064,54,0.693147180559945,2.5,Null,Operating model = Diffusion
beta[j1],-0.1352238887501491,54,0,0,Null,Operating model = Diffusion
beta[j1],-2.5237870818777464,54,0,5,Null,Operating model = Diffusion
beta[j1],-1.846396932542997,55,0,2.5,Null,Operating model = Diffusion
beta[j1],-1.8781896718152764,55,-2.30258509299405,2.5,Null,Operating model = Diffusion
beta[j1],-1.8734169827872549,55,0.693147180559945,2.5,Null,Operating model = Diffusion
beta[j1],-0.2928561287135279,55,0,0,Null,Operating model = Diffusion
beta[j1],-2.344860684368439,55,0,5,Null,Operating model = Diffusion
beta[j1],-1.5452603855482412,56,0,2.5,Null,Operating model = Diffusion
beta[j1],-1.9630079417556274,56,-2.30258509299405,2.5,Null,Operating model = Diffusion
beta[j1],-2.5672853357071794,56,0.693147180559945,2.5,Null,Operating model = Diffusion
beta[j1],-0.2746771693780559,56,0,0,Null,Operating model = Diffusion
beta[j1],-2.7759854563051545,56,0,5,Null,Operating model = Diffusion
beta[j1],-2.2549551966771313,57,0,2.5,Null,Operating model = Diffusion
beta[j1],-1.5999789829835036,57,-2.30258509299405,2.5,Null,Operating model = Diffusion
beta[j1],-1.7675898813884068,57,0.693147180559945,2.5,Null,Operating model = Diffusion
beta[j1],0.022307158423420657,57,0,0,Null,Operating model = Diffusion
beta[j1],-2.2578481903523158,57,0,5,Null,Operating model = Diffusion
beta[j1],-1.8081981742897628,58,0,2.5,Null,Operating model = Diffusion
beta[j1],-1.422911715668137,58,-2.30258509299405,2.5,Null,Operating model = Diffusion
beta[j1],-2.1191907154326963,58,0.693147180559945,2.5,Null,Operating model = Diffusion
beta[j1],-0.05836056576468786,58,0,0,Null,Operating model = Diffusion
beta[j1],-2.0957448885965926,58,0,5,Null,Operating model = Diffusion
beta[j1],-1.570244386913206,59,0,2.5,Null,Operating model = Diffusion
beta[j1],-1.7564208014245968,59,-2.30258509299405,2.5,Null,Operating model = Diffusion
beta[j1],-1.7929654189325461,59,0.693147180559945,2.5,Null,Operating model = Diffusion
beta[j1],-0.31518842834165284,59,0,0,Null,Operating model = Diffusion
beta[j1],-2.3336844904052745,59,0,5,Null,Operating model = Diffusion
beta[j1],-1.8208753548766206,60,0,2.5,Null,Operating model = Diffusion
beta[j1],-1.4104759302624643,60,-2.30258509299405,2.5,Null,Operating model = Diffusion
beta[j1],-1.5590183540361626,60,0.693147180559945,2.5,Null,Operating model = Diffusion
beta[j1],-0.07907997982032049,60,0,0,Null,Operating model = Diffusion
beta[j1],-2.3732815029251815,60,0,5,Null,Operating model = Diffusion
beta[j1],-1.7577871251252308,61,0,2.5,Null,Operating model = Diffusion
beta[j1],-1.6285393801102306,61,-2.30258509299405,2.5,Null,Operating model = Diffusion
beta[j1],-1.511701519993275,61,0.693147180559945,2.5,Null,Operating model = Diffusion
beta[j1],-0.05627300066645364,61,0,0,Null,Operating model = Diffusion
beta[j1],-2.439544410332998,61,0,5,Null,Operating model = Diffusion
beta[j1],-1.7572841915148207,62,0,2.5,Null,Operating model = Diffusion
beta[j1],-1.8719907567019676,62,-2.30258509299405,2.5,Null,Operating model = Diffusion
beta[j1],-2.009290899101558,62,0.693147180559945,2.5,Null,Operating model = Diffusion
beta[j1],-0.11359646424492084,62,0,0,Null,Operating model = Diffusion
beta[j1],-2.302379622580737,62,0,5,Null,Operating model = Diffusion
beta[j1],-1.733394006126948,63,0,2.5,Null,Operating model = Diffusion
beta[j1],-1.5529082381130441,63,-2.30258509299405,2.5,Null,Operating model = Diffusion
beta[j1],-2.1394312369012383,63,0.693147180559945,2.5,Null,Operating model = Diffusion
beta[j1],-0.03957300827154752,63,0,0,Null,Operating model = Diffusion
beta[j1],-2.2254626926296295,63,0,5,Null,Operating model = Diffusion
beta[j1],-2.127406853789739,64,0,2.5,Null,Operating model = Diffusion
beta[j1],-1.7824371861636918,64,-2.30258509299405,2.5,Null,Operating model = Diffusion
beta[j1],-1.7088552615685166,64,0.693147180559945,2.5,Null,Operating model = Diffusion
beta[j1],-0.10877069254217048,64,0,0,Null,Operating model = Diffusion
beta[j1],-2.0716872778510957,64,0,5,Null,Operating model = Diffusion
beta[j1],-1.387169422024246,65,0,2.5,Null,Operating model = Diffusion
beta[j1],-1.2932738234630747,65,-2.30258509299405,2.5,Null,Operating model = Diffusion
beta[j1],-1.7051565906423973,65,0.693147180559945,2.5,Null,Operating model = Diffusion
beta[j1],-0.11352118081690366,65,0,0,Null,Operating model = Diffusion
beta[j1],-2.3728728871189815,65,0,5,Null,Operating model = Diffusion
beta[j1],-1.5988942371992705,66,0,2.5,Null,Operating model = Diffusion
beta[j1],-1.8786796364878042,66,-2.30258509299405,2.5,Null,Operating model = Diffusion
beta[j1],-1.6832548417489768,66,0.693147180559945,2.5,Null,Operating model = Diffusion
beta[j1],-0.04796817725075277,66,0,0,Null,Operating model = Diffusion
beta[j1],-2.298456503393097,66,0,5,Null,Operating model = Diffusion
beta[j1],-1.612410606943517,67,0,2.5,Null,Operating model = Diffusion
beta[j1],-1.8604236742397553,67,-2.30258509299405,2.5,Null,Operating model = Diffusion
beta[j1],-1.8164433497413957,67,0.693147180559945,2.5,Null,Operating model = Diffusion
beta[j1],-0.05136485330038876,67,0,0,Null,Operating model = Diffusion
beta[j1],-2.372837956314653,67,0,5,Null,Operating model = Diffusion
beta[j1],-1.6477661758883029,68,0,2.5,Null,Operating model = Diffusion
beta[j1],-1.6494388047941873,68,-2.30258509299405,2.5,Null,Operating model = Diffusion
beta[j1],-1.6313591008215467,68,0.693147180559945,2.5,Null,Operating model = Diffusion
beta[j1],-0.08218021792778085,68,0,0,Null,Operating model = Diffusion
beta[j1],-2.4734734223530617,68,0,5,Null,Operating model = Diffusion
beta[j1],-1.5955456034840927,69,0,2.5,Null,Operating model = Diffusion
beta[j1],-1.333534562772078,69,-2.30258509299405,2.5,Null,Operating model = Diffusion
beta[j1],-1.5804961782946179,69,0.693147180559945,2.5,Null,Operating model = Diffusion
beta[j1],-0.03060497583639239,69,0,0,Null,Operating model = Diffusion
beta[j1],-2.2269863786775232,69,0,5,Null,Operating model = Diffusion
beta[j1],-1.8066681348107145,70,0,2.5,Null,Operating model = Diffusion
beta[j1],-2.0649380594293216,70,-2.30258509299405,2.5,Null,Operating model = Diffusion
beta[j1],-1.7054261241900535,70,0.693147180559945,2.5,Null,Operating model = Diffusion
beta[j1],-0.06905025179123998,70,0,0,Null,Operating model = Diffusion
beta[j1],-2.524325118962522,70,0,5,Null,Operating model = Diffusion
beta[j1],-1.7274900626022587,71,0,2.5,Null,Operating model = Diffusion
beta[j1],-2.241639206726722,71,-2.30258509299405,2.5,Null,Operating model = Diffusion
beta[j1],-2.0071972222981764,71,0.693147180559945,2.5,Null,Operating model = Diffusion
beta[j1],-0.07152548311860187,71,0,0,Null,Operating model = Diffusion
beta[j1],-2.286388308468716,71,0,5,Null,Operating model = Diffusion
beta[j1],-1.9996876328047697,72,0,2.5,Null,Operating model = Diffusion
beta[j1],-1.8497436681980695,72,-2.30258509299405,2.5,Null,Operating model = Diffusion
beta[j1],-2.190072679034358,72,0.693147180559945,2.5,Null,Operating model = Diffusion
beta[j1],-0.03005657360400071,72,0,0,Null,Operating model = Diffusion
beta[j1],-2.153321456337342,72,0,5,Null,Operating model = Diffusion
beta[j1],-2.165619832184721,73,0,2.5,Null,Operating model = Diffusion
beta[j1],-1.7253080866021842,73,-2.30258509299405,2.5,Null,Operating model = Diffusion
beta[j1],-1.9941055433953374,73,0.693147180559945,2.5,Null,Operating model = Diffusion
beta[j1],-0.0869970617293086,73,0,0,Null,Operating model = Diffusion
beta[j1],-2.213870836537004,73,0,5,Null,Operating model = Diffusion
beta[j1],-1.7517797517152844,74,0,2.5,Null,Operating model = Diffusion
beta[j1],-1.6201245983240316,74,-2.30258509299405,2.5,Null,Operating model = Diffusion
beta[j1],-1.5204693834682141,74,0.693147180559945,2.5,Null,Operating model = Diffusion
beta[j1],-0.08721658598466644,74,0,0,Null,Operating model = Diffusion
beta[j1],-2.0330941097994293,74,0,5,Null,Operating model = Diffusion
beta[j1],-2.0108916070473817,75,0,2.5,Null,Operating model = Diffusion
beta[j1],-1.8486967183934717,75,-2.30258509299405,2.5,Null,Operating model = Diffusion
beta[j1],-1.9254484493001103,75,0.693147180559945,2.5,Null,Operating model = Diffusion
beta[j1],-0.1287504958035886,75,0,0,Null,Operating model = Diffusion
beta[j1],-2.0880904779499048,75,0,5,Null,Operating model = Diffusion
beta[j1],-1.648961585089613,76,0,2.5,Null,Operating model = Diffusion
beta[j1],-1.520183151979689,76,-2.30258509299405,2.5,Null,Operating model = Diffusion
beta[j1],-1.5503064680752319,76,0.693147180559945,2.5,Null,Operating model = Diffusion
beta[j1],-0.25088385673515584,76,0,0,Null,Operating model = Diffusion
beta[j1],-2.438871735055529,76,0,5,Null,Operating model = Diffusion
beta[j1],-1.8285950711183003,77,0,2.5,Null,Operating model = Diffusion
beta[j1],-1.3176017832726947,77,-2.30258509299405,2.5,Null,Operating model = Diffusion
beta[j1],-1.689638490180429,77,0.693147180559945,2.5,Null,Operating model = Diffusion
beta[j1],-0.11417915375332895,77,0,0,Null,Operating model = Diffusion
beta[j1],-2.3742519248513605,77,0,5,Null,Operating model = Diffusion
beta[j1],-1.745897809846228,78,0,2.5,Null,Operating model = Diffusion
beta[j1],-1.5202848671978508,78,-2.30258509299405,2.5,Null,Operating model = Diffusion
beta[j1],-1.8066334300707085,78,0.693147180559945,2.5,Null,Operating model = Diffusion
beta[j1],-0.37766853600186157,78,0,0,Null,Operating model = Diffusion
beta[j1],-2.5752129747907073,78,0,5,Null,Operating model = Diffusion
beta[j1],-1.7183720168589476,79,0,2.5,Null,Operating model = Diffusion
beta[j1],-1.9621977799840904,79,-2.30258509299405,2.5,Null,Operating model = Diffusion
beta[j1],-1.6727648759232838,79,0.693147180559945,2.5,Null,Operating model = Diffusion
beta[j1],-0.03866134951381939,79,0,0,Null,Operating model = Diffusion
beta[j1],-2.0957468886567407,79,0,5,Null,Operating model = Diffusion
beta[j1],-1.6609499369385585,80,0,2.5,Null,Operating model = Diffusion
beta[j1],-1.4958445050784053,80,-2.30258509299405,2.5,Null,Operating model = Diffusion
beta[j1],-1.6711749226775052,80,0.693147180559945,2.5,Null,Operating model = Diffusion
beta[j1],-0.2287382990195882,80,0,0,Null,Operating model = Diffusion
beta[j1],-2.3785578658056687,80,0,5,Null,Operating model = Diffusion
beta[j1],-1.4704116158486924,81,0,2.5,Null,Operating model = Diffusion
beta[j1],-1.5175821837049543,81,-2.30258509299405,2.5,Null,Operating model = Diffusion
beta[j1],-1.5580452317411362,81,0.693147180559945,2.5,Null,Operating model = Diffusion
beta[j1],-0.1319303720415703,81,0,0,Null,Operating model = Diffusion
beta[j1],-2.396259989095292,81,0,5,Null,Operating model = Diffusion
beta[j1],-1.5372440880235152,82,0,2.5,Null,Operating model = Diffusion
beta[j1],-1.6360358366226342,82,-2.30258509299405,2.5,Null,Operating model = Diffusion
beta[j1],-1.9481291976655777,82,0.693147180559945,2.5,Null,Operating model = Diffusion
beta[j1],-0.2655159674166246,82,0,0,Null,Operating model = Diffusion
beta[j1],-2.666244929992578,82,0,5,Null,Operating model = Diffusion
beta[j1],-1.6865756128846832,83,0,2.5,Null,Operating model = Diffusion
beta[j1],-1.5798768195384791,83,-2.30258509299405,2.5,Null,Operating model = Diffusion
beta[j1],-1.5299061270979883,83,0.693147180559945,2.5,Null,Operating model = Diffusion
beta[j1],-0.02579841294749201,83,0,0,Null,Operating model = Diffusion
beta[j1],-2.355788217214461,83,0,5,Null,Operating model = Diffusion
beta[j1],-1.6505901209212006,84,0,2.5,Null,Operating model = Diffusion
beta[j1],-1.8193018784919166,84,-2.30258509299405,2.5,Null,Operating model = Diffusion
beta[j1],-1.840710972331661,84,0.693147180559945,2.5,Null,Operating model = Diffusion
beta[j1],-0.08787729876774518,84,0,0,Null,Operating model = Diffusion
beta[j1],-2.5915622761785535,84,0,5,Null,Operating model = Diffusion
beta[j1],-2.0073353336111976,85,0,2.5,Null,Operating model = Diffusion
beta[j1],-1.581496219298683,85,-2.30258509299405,2.5,Null,Operating model = Diffusion
beta[j1],-1.6251700697552902,85,0.693147180559945,2.5,Null,Operating model = Diffusion
beta[j1],-0.07672113092472783,85,0,0,Null,Operating model = Diffusion
beta[j1],-2.77096934367027,85,0,5,Null,Operating model = Diffusion
beta[j1],-2.4086428193638363,86,0,2.5,Null,Operating model = Diffusion
beta[j1],-1.9832209662648097,86,-2.30258509299405,2.5,Null,Operating model = Diffusion
beta[j1],-1.8240386373348971,86,0.693147180559945,2.5,Null,Operating model = Diffusion
beta[j1],-0.2887642045362136,86,0,0,Null,Operating model = Diffusion
beta[j1],-2.4724021458335015,86,0,5,Null,Operating model = Diffusion
beta[j1],-1.8478837350335324,87,0,2.5,Null,Operating model = Diffusion
beta[j1],-2.3698829545770046,87,-2.30258509299405,2.5,Null,Operating model = Diffusion
beta[j1],-2.1048717646373953,87,0.693147180559945,2.5,Null,Operating model = Diffusion
beta[j1],-0.16781167453491208,87,0,0,Null,Operating model = Diffusion
beta[j1],-2.3028366233802706,87,0,5,Null,Operating model = Diffusion
beta[j1],-1.6659995702435755,88,0,2.5,Null,Operating model = Diffusion
beta[j1],-1.845533868223664,88,-2.30258509299405,2.5,Null,Operating model = Diffusion
beta[j1],-1.812726584891595,88,0.693147180559945,2.5,Null,Operating model = Diffusion
beta[j1],-0.10638295234856193,88,0,0,Null,Operating model = Diffusion
beta[j1],-2.3902767608156115,88,0,5,Null,Operating model = Diffusion
beta[j1],-1.7992380560953811,89,0,2.5,Null,Operating model = Diffusion
beta[j1],-1.5282498812078034,89,-2.30258509299405,2.5,Null,Operating model = Diffusion
beta[j1],-2.766490254099476,89,0.693147180559945,2.5,Null,Operating model = Diffusion
beta[j1],-0.15701300511225472,89,0,0,Null,Operating model = Diffusion
beta[j1],-2.3264469098924017,89,0,5,Null,Operating model = Diffusion
beta[j1],-3.0443753443702875,90,0,2.5,Null,Operating model = Diffusion
beta[j1],-1.824130294667633,90,-2.30258509299405,2.5,Null,Operating model = Diffusion
beta[j1],-1.6094591583222697,90,0.693147180559945,2.5,Null,Operating model = Diffusion
beta[j1],-0.1352072311138426,90,0,0,Null,Operating model = Diffusion
beta[j1],-2.264803055186495,90,0,5,Null,Operating model = Diffusion
beta[j1],-2.365461862657946,91,0,2.5,Null,Operating model = Diffusion
beta[j1],-1.7270468642105596,91,-2.30258509299405,2.5,Null,Operating model = Diffusion
beta[j1],-1.9194189956685412,91,0.693147180559945,2.5,Null,Operating model = Diffusion
beta[j1],-0.1477287821529774,91,0,0,Null,Operating model = Diffusion
beta[j1],-2.498957987817089,91,0,5,Null,Operating model = Diffusion
beta[j1],-1.6620222850645687,92,0,2.5,Null,Operating model = Diffusion
beta[j1],-1.4671479040350353,92,-2.30258509299405,2.5,Null,Operating model = Diffusion
beta[j1],-1.7136645831815094,92,0.693147180559945,2.5,Null,Operating model = Diffusion
beta[j1],-0.15195520178156272,92,0,0,Null,Operating model = Diffusion
beta[j1],-2.27096498649001,92,0,5,Null,Operating model = Diffusion
beta[j1],-1.6995804387834064,93,0,2.5,Null,Operating model = Diffusion
beta[j1],-1.4968312086775848,93,-2.30258509299405,2.5,Null,Operating model = Diffusion
beta[j1],-1.5840044929156731,93,0.693147180559945,2.5,Null,Operating model = Diffusion
beta[j1],-0.030473802865877527,93,0,0,Null,Operating model = Diffusion
beta[j1],-2.3388354568454406,93,0,5,Null,Operating model = Diffusion
beta[j1],-1.7409180405080373,94,0,2.5,Null,Operating model = Diffusion
beta[j1],-2.282462099073137,94,-2.30258509299405,2.5,Null,Operating model = Diffusion
beta[j1],-1.9528119617779747,94,0.693147180559945,2.5,Null,Operating model = Diffusion
beta[j1],-0.07925612483011127,94,0,0,Null,Operating model = Diffusion
beta[j1],-2.827583275775711,94,0,5,Null,Operating model = Diffusion
beta[j1],-1.8445647144202253,95,0,2.5,Null,Operating model = Diffusion
beta[j1],-1.7309951900044402,95,-2.30258509299405,2.5,Null,Operating model = Diffusion
beta[j1],-1.5495548329340143,95,0.693147180559945,2.5,Null,Operating model = Diffusion
beta[j1],-0.019320187460696688,95,0,0,Null,Operating model = Diffusion
beta[j1],-2.4219309709509376,95,0,5,Null,Operating model = Diffusion
beta[j1],-2.280039318043846,96,0,2.5,Null,Operating model = Diffusion
beta[j1],-1.663114839643783,96,-2.30258509299405,2.5,Null,Operating model = Diffusion
beta[j1],-1.8216595535314026,96,0.693147180559945,2.5,Null,Operating model = Diffusion
beta[j1],-0.12009004955295163,96,0,0,Null,Operating model = Diffusion
beta[j1],-2.563329360093552,96,0,5,Null,Operating model = Diffusion
beta[j1],-2.017549069684772,97,0,2.5,Null,Operating model = Diffusion
beta[j1],-1.7797289651149153,97,-2.30258509299405,2.5,Null,Operating model = Diffusion
beta[j1],-1.70746930616333,97,0.693147180559945,2.5,Null,Operating model = Diffusion
beta[j1],-0.15291041841115385,97,0,0,Null,Operating model = Diffusion
beta[j1],-2.3140493772024873,97,0,5,Null,Operating model = Diffusion
beta[j1],-1.8902209124350309,98,0,2.5,Null,Operating model = Diffusion
beta[j1],-1.631284799763326,98,-2.30258509299405,2.5,Null,Operating model = Diffusion
beta[j1],-1.652332748296221,98,0.693147180559945,2.5,Null,Operating model = Diffusion
beta[j1],-0.0617780936564881,98,0,0,Null,Operating model = Diffusion
beta[j1],-2.4607704481615547,98,0,5,Null,Operating model = Diffusion
beta[j1],-1.5395885067297466,99,0,2.5,Null,Operating model = Diffusion
beta[j1],-1.7299279348128407,99,-2.30258509299405,2.5,Null,Operating model = Diffusion
beta[j1],-1.7209231469618478,99,0.693147180559945,2.5,Null,Operating model = Diffusion
beta[j1],-0.06562599062379319,99,0,0,Null,Operating model = Diffusion
beta[j1],-2.417494880507603,99,0,5,Null,Operating model = Diffusion
beta[j1],-1.824158288614574,100,0,2.5,Null,Operating model = Diffusion
beta[j1],-1.8608093201150768,100,-2.30258509299405,2.5,Null,Operating model = Diffusion
beta[j1],-1.748239114686455,100,0.693147180559945,2.5,Null,Operating model = Diffusion
beta[j1],-0.05554393821808615,100,0,0,Null,Operating model = Diffusion
beta[j1],-2.535666847356835,100,0,5,Null,Operating model = Diffusion
beta[j1],-1.5801059636385402,101,0,2.5,Null,Operating model = Diffusion
beta[j1],-1.3789353181110784,101,-2.30258509299405,2.5,Null,Operating model = Diffusion
beta[j1],-1.899087364488243,101,0.693147180559945,2.5,Null,Operating model = Diffusion
beta[j1],0.016905618777667206,101,0,0,Null,Operating model = Diffusion
beta[j1],-2.4104736663102564,101,0,5,Null,Operating model = Diffusion
beta[j1],-1.8673308212857165,102,0,2.5,Null,Operating model = Diffusion
beta[j1],-1.6459992245496193,102,-2.30258509299405,2.5,Null,Operating model = Diffusion
beta[j1],-1.8488115079727414,102,0.693147180559945,2.5,Null,Operating model = Diffusion
beta[j1],-0.08855527299320766,102,0,0,Null,Operating model = Diffusion
beta[j1],-2.441560787112706,102,0,5,Null,Operating model = Diffusion
beta[j1],-1.962320241499305,103,0,2.5,Null,Operating model = Diffusion
beta[j1],-1.4470845184155567,103,-2.30258509299405,2.5,Null,Operating model = Diffusion
beta[j1],-1.8642777652207658,103,0.693147180559945,2.5,Null,Operating model = Diffusion
beta[j1],-0.13173280018111394,103,0,0,Null,Operating model = Diffusion
beta[j1],-2.2104338343502428,103,0,5,Null,Operating model = Diffusion
beta[j1],-1.6896948682348694,104,0,2.5,Null,Operating model = Diffusion
beta[j1],-1.3702079380817913,104,-2.30258509299405,2.5,Null,Operating model = Diffusion
beta[j1],-1.577593786219988,104,0.693147180559945,2.5,Null,Operating model = Diffusion
beta[j1],-0.08353699510300029,104,0,0,Null,Operating model = Diffusion
beta[j1],-2.422513302070165,104,0,5,Null,Operating model = Diffusion
beta[j1],-1.8269089025063086,105,0,2.5,Null,Operating model = Diffusion
beta[j1],-1.5779923801593496,105,-2.30258509299405,2.5,Null,Operating model = Diffusion
beta[j1],-1.9167423409869568,105,0.693147180559945,2.5,Null,Operating model = Diffusion
beta[j1],-0.07963625042370139,105,0,0,Null,Operating model = Diffusion
beta[j1],-2.3829046890158287,105,0,5,Null,Operating model = Diffusion
beta[j1],-1.6028679701124864,106,0,2.5,Null,Operating model = Diffusion
beta[j1],-2.061811216443497,106,-2.30258509299405,2.5,Null,Operating model = Diffusion
beta[j1],-1.6593554996728492,106,0.693147180559945,2.5,Null,Operating model = Diffusion
beta[j1],-0.14600585910030195,106,0,0,Null,Operating model = Diffusion
beta[j1],-2.6760188903644395,106,0,5,Null,Operating model = Diffusion
beta[j1],-1.7917881443065933,107,0,2.5,Null,Operating model = Diffusion
beta[j1],-1.5213108672883584,107,-2.30258509299405,2.5,Null,Operating model = Diffusion
beta[j1],-2.0197283716250634,107,0.693147180559945,2.5,Null,Operating model = Diffusion
beta[j1],-0.020710879748608742,107,0,0,Null,Operating model = Diffusion
beta[j1],-2.4384257870481574,107,0,5,Null,Operating model = Diffusion
beta[j1],-2.0188021591023126,108,0,2.5,Null,Operating model = Diffusion
beta[j1],-1.5913183378282512,108,-2.30258509299405,2.5,Null,Operating model = Diffusion
beta[j1],-1.8711637746825716,108,0.693147180559945,2.5,Null,Operating model = Diffusion
beta[j1],-0.03656408962898814,108,0,0,Null,Operating model = Diffusion
beta[j1],-2.201787303138398,108,0,5,Null,Operating model = Diffusion
beta[j1],-2.465513426624961,109,0,2.5,Null,Operating model = Diffusion
beta[j1],-1.729271441926902,109,-2.30258509299405,2.5,Null,Operating model = Diffusion
beta[j1],-1.9875441085184113,109,0.693147180559945,2.5,Null,Operating model = Diffusion
beta[j1],-0.09283076586914198,109,0,0,Null,Operating model = Diffusion
beta[j1],-2.3268409698872348,109,0,5,Null,Operating model = Diffusion
beta[j1],-1.5952417171783044,110,0,2.5,Null,Operating model = Diffusion
beta[j1],-1.428425110622024,110,-2.30258509299405,2.5,Null,Operating model = Diffusion
beta[j1],-2.197237981592627,110,0.693147180559945,2.5,Null,Operating model = Diffusion
beta[j1],-0.03755700667459506,110,0,0,Null,Operating model = Diffusion
beta[j1],-2.29361976453708,110,0,5,Null,Operating model = Diffusion
beta[j1],-1.5746166225715534,111,0,2.5,Null,Operating model = Diffusion
beta[j1],-1.4310654606885964,111,-2.30258509299405,2.5,Null,Operating model = Diffusion
beta[j1],-1.7089656441170267,111,0.693147180559945,2.5,Null,Operating model = Diffusion
beta[j1],-0.04062845578379331,111,0,0,Null,Operating model = Diffusion
beta[j1],-2.0676625008820273,111,0,5,Null,Operating model = Diffusion
beta[j1],-1.652130652573268,112,0,2.5,Null,Operating model = Diffusion
beta[j1],-1.9321771952108326,112,-2.30258509299405,2.5,Null,Operating model = Diffusion
beta[j1],-1.8920676008296575,112,0.693147180559945,2.5,Null,Operating model = Diffusion
beta[j1],-0.0736465529188903,112,0,0,Null,Operating model = Diffusion
beta[j1],-2.6665649440159434,112,0,5,Null,Operating model = Diffusion
beta[j1],-1.7532571789428473,113,0,2.5,Null,Operating model = Diffusion
beta[j1],-1.6147323916316565,113,-2.30258509299405,2.5,Null,Operating model = Diffusion
beta[j1],-2.092142218792524,113,0.693147180559945,2.5,Null,Operating model = Diffusion
beta[j1],-0.15186469803569735,113,0,0,Null,Operating model = Diffusion
beta[j1],-2.435370017652603,113,0,5,Null,Operating model = Diffusion
beta[j1],-1.541811325042331,114,0,2.5,Null,Operating model = Diffusion
beta[j1],-2.621700067886291,114,-2.30258509299405,2.5,Null,Operating model = Diffusion
beta[j1],-1.6875139396904297,114,0.693147180559945,2.5,Null,Operating model = Diffusion
beta[j1],-0.03596356400184914,114,0,0,Null,Operating model = Diffusion
beta[j1],-2.5098368748908104,114,0,5,Null,Operating model = Diffusion
beta[j1],-1.6148933586103602,115,0,2.5,Null,Operating model = Diffusion
beta[j1],-1.4312745831925469,115,-2.30258509299405,2.5,Null,Operating model = Diffusion
beta[j1],-1.1172139696084773,115,0.693147180559945,2.5,Null,Operating model = Diffusion
beta[j1],-0.0804883274262657,115,0,0,Null,Operating model = Diffusion
beta[j1],-2.3438004238326497,115,0,5,Null,Operating model = Diffusion
beta[j1],-1.863176517547685,116,0,2.5,Null,Operating model = Diffusion
beta[j1],-2.1101952505307917,116,-2.30258509299405,2.5,Null,Operating model = Diffusion
beta[j1],-1.6359341541342833,116,0.693147180559945,2.5,Null,Operating model = Diffusion
beta[j1],-0.23887231208629867,116,0,0,Null,Operating model = Diffusion
beta[j1],-2.435787882748786,116,0,5,Null,Operating model = Diffusion
beta[j1],-1.6434607520456608,117,0,2.5,Null,Operating model = Diffusion
beta[j1],-2.086562765189462,117,-2.30258509299405,2.5,Null,Operating model = Diffusion
beta[j1],-2.0266537789983152,117,0.693147180559945,2.5,Null,Operating model = Diffusion
beta[j1],-0.07857060948128795,117,0,0,Null,Operating model = Diffusion
beta[j1],-2.546051232442311,117,0,5,Null,Operating model = Diffusion
beta[j1],-1.967890456505499,118,0,2.5,Null,Operating model = Diffusion
beta[j1],-1.7384358325622165,118,-2.30258509299405,2.5,Null,Operating model = Diffusion
beta[j1],-1.656330192068227,118,0.693147180559945,2.5,Null,Operating model = Diffusion
beta[j1],-0.3737356815270325,118,0,0,Null,Operating model = Diffusion
beta[j1],-2.2854273737209727,118,0,5,Null,Operating model = Diffusion
beta[j1],-1.8813528708504452,119,0,2.5,Null,Operating model = Diffusion
beta[j1],-1.5720290659700085,119,-2.30258509299405,2.5,Null,Operating model = Diffusion
beta[j1],-1.6994454044630574,119,0.693147180559945,2.5,Null,Operating model = Diffusion
beta[j1],-0.10975026076755964,119,0,0,Null,Operating model = Diffusion
beta[j1],-2.453909519256334,119,0,5,Null,Operating model = Diffusion
beta[j1],-1.5743996263533788,120,0,2.5,Null,Operating model = Diffusion
beta[j1],-2.417690638268833,120,-2.30258509299405,2.5,Null,Operating model = Diffusion
beta[j1],-2.021485727635455,120,0.693147180559945,2.5,Null,Operating model = Diffusion
beta[j1],-0.0973425903125621,120,0,0,Null,Operating model = Diffusion
beta[j1],-2.4491144706641634,120,0,5,Null,Operating model = Diffusion
beta[j1],-1.5489346752743542,121,0,2.5,Null,Operating model = Diffusion
beta[j1],-1.5256796403449961,121,-2.30258509299405,2.5,Null,Operating model = Diffusion
beta[j1],-2.2335860394893388,121,0.693147180559945,2.5,Null,Operating model = Diffusion
beta[j1],-0.051582225028101135,121,0,0,Null,Operating model = Diffusion
beta[j1],-2.5043260941974124,121,0,5,Null,Operating model = Diffusion
beta[j1],-2.421219604572831,122,0,2.5,Null,Operating model = Diffusion
beta[j1],-1.8310066719459723,122,-2.30258509299405,2.5,Null,Operating model = Diffusion
beta[j1],-1.7225842117569043,122,0.693147180559945,2.5,Null,Operating model = Diffusion
beta[j1],-0.14379265153174212,122,0,0,Null,Operating model = Diffusion
beta[j1],-2.1932859760752126,122,0,5,Null,Operating model = Diffusion
beta[j1],-1.47958906986107,123,0,2.5,Null,Operating model = Diffusion
beta[j1],-1.5265523844592641,123,-2.30258509299405,2.5,Null,Operating model = Diffusion
beta[j1],-1.912584132232773,123,0.693147180559945,2.5,Null,Operating model = Diffusion
beta[j1],-0.20050905309020536,123,0,0,Null,Operating model = Diffusion
beta[j1],-2.446924315800487,123,0,5,Null,Operating model = Diffusion
beta[j1],-2.0905731983286713,124,0,2.5,Null,Operating model = Diffusion
beta[j1],-1.782531976505147,124,-2.30258509299405,2.5,Null,Operating model = Diffusion
beta[j1],-1.7889294841493126,124,0.693147180559945,2.5,Null,Operating model = Diffusion
beta[j1],-0.10479136690217783,124,0,0,Null,Operating model = Diffusion
beta[j1],-2.326810839489039,124,0,5,Null,Operating model = Diffusion
beta[j1],-1.7876679988692392,125,0,2.5,Null,Operating model = Diffusion
beta[j1],-1.6093517886494195,125,-2.30258509299405,2.5,Null,Operating model = Diffusion
beta[j1],-1.9762316241344253,125,0.693147180559945,2.5,Null,Operating model = Diffusion
beta[j1],-0.05773623997379305,125,0,0,Null,Operating model = Diffusion
beta[j1],-2.5100175647048353,125,0,5,Null,Operating model = Diffusion
beta[j1],-1.6266790934003716,126,0,2.5,Null,Operating model = Diffusion
beta[j1],-2.4733932637600886,126,-2.30258509299405,2.5,Null,Operating model = Diffusion
beta[j1],-1.7785007687674657,126,0.693147180559945,2.5,Null,Operating model = Diffusion
beta[j1],-0.1524568736739097,126,0,0,Null,Operating model = Diffusion
beta[j1],-2.410785243240471,126,0,5,Null,Operating model = Diffusion
beta[j1],-1.5795873447205797,127,0,2.5,Null,Operating model = Diffusion
beta[j1],-1.5381154020864007,127,-2.30258509299405,2.5,Null,Operating model = Diffusion
beta[j1],-1.769011254453665,127,0.693147180559945,2.5,Null,Operating model = Diffusion
beta[j1],-0.04855895419945422,127,0,0,Null,Operating model = Diffusion
beta[j1],-2.39012949525076,127,0,5,Null,Operating model = Diffusion
beta[j1],-1.7808027909993165,128,0,2.5,Null,Operating model = Diffusion
beta[j1],-1.5964716073816485,128,-2.30258509299405,2.5,Null,Operating model = Diffusion
beta[j1],-1.6960322992750478,128,0.693147180559945,2.5,Null,Operating model = Diffusion
beta[j1],-0.36308055601441486,128,0,0,Null,Operating model = Diffusion
beta[j1],-2.20045584641922,128,0,5,Null,Operating model = Diffusion
beta[j1],-1.651126058531722,129,0,2.5,Null,Operating model = Diffusion
beta[j1],-1.5324526438522992,129,-2.30258509299405,2.5,Null,Operating model = Diffusion
beta[j1],-1.7424406087919373,129,0.693147180559945,2.5,Null,Operating model = Diffusion
beta[j1],-0.10823352945989956,129,0,0,Null,Operating model = Diffusion
beta[j1],-2.1690114393350535,129,0,5,Null,Operating model = Diffusion
beta[j1],-1.9984687396134264,130,0,2.5,Null,Operating model = Diffusion
beta[j1],-1.658422910494742,130,-2.30258509299405,2.5,Null,Operating model = Diffusion
beta[j1],-2.685613458207432,130,0.693147180559945,2.5,Null,Operating model = Diffusion
beta[j1],-0.07971515669115711,130,0,0,Null,Operating model = Diffusion
beta[j1],-2.748315576355336,130,0,5,Null,Operating model = Diffusion
beta[j1],-1.5389597904496186,131,0,2.5,Null,Operating model = Diffusion
beta[j1],-1.817602564910503,131,-2.30258509299405,2.5,Null,Operating model = Diffusion
beta[j1],-1.686928860886157,131,0.693147180559945,2.5,Null,Operating model = Diffusion
beta[j1],0.0032358357702442827,131,0,0,Null,Operating model = Diffusion
beta[j1],-2.4216056033937217,131,0,5,Null,Operating model = Diffusion
beta[j1],-1.8032226354329284,132,0,2.5,Null,Operating model = Diffusion
beta[j1],-1.3517534772028117,132,-2.30258509299405,2.5,Null,Operating model = Diffusion
beta[j1],-1.9885330244118127,132,0.693147180559945,2.5,Null,Operating model = Diffusion
beta[j1],-0.09153420850618792,132,0,0,Null,Operating model = Diffusion
beta[j1],-2.615180896889767,132,0,5,Null,Operating model = Diffusion
beta[j1],-1.8595652790100725,133,0,2.5,Null,Operating model = Diffusion
beta[j1],-1.626007570426283,133,-2.30258509299405,2.5,Null,Operating model = Diffusion
beta[j1],-2.1256953871756243,133,0.693147180559945,2.5,Null,Operating model = Diffusion
beta[j1],-0.037364648968634145,133,0,0,Null,Operating model = Diffusion
beta[j1],-2.603184418905561,133,0,5,Null,Operating model = Diffusion
beta[j1],-1.7757971859879598,134,0,2.5,Null,Operating model = Diffusion
beta[j1],-1.9271486619942002,134,-2.30258509299405,2.5,Null,Operating model = Diffusion
beta[j1],-1.7162102060012612,134,0.693147180559945,2.5,Null,Operating model = Diffusion
beta[j1],-0.1327385866370113,134,0,0,Null,Operating model = Diffusion
beta[j1],-2.2718068820559596,134,0,5,Null,Operating model = Diffusion
beta[j1],-2.191689402737075,135,0,2.5,Null,Operating model = Diffusion
beta[j1],-1.3287628960385707,135,-2.30258509299405,2.5,Null,Operating model = Diffusion
beta[j1],-1.558361956339593,135,0.693147180559945,2.5,Null,Operating model = Diffusion
beta[j1],-0.03721789583078111,135,0,0,Null,Operating model = Diffusion
beta[j1],-2.1277617592911358,135,0,5,Null,Operating model = Diffusion
beta[j1],-2.086672694311325,136,0,2.5,Null,Operating model = Diffusion
beta[j1],-1.470434213669503,136,-2.30258509299405,2.5,Null,Operating model = Diffusion
beta[j1],-1.2872618948618273,136,0.693147180559945,2.5,Null,Operating model = Diffusion
beta[j1],-0.1934901227053779,136,0,0,Null,Operating model = Diffusion
beta[j1],-2.025816616415373,136,0,5,Null,Operating model = Diffusion
beta[j1],-2.1949682296705952,137,0,2.5,Null,Operating model = Diffusion
beta[j1],-1.454964721347637,137,-2.30258509299405,2.5,Null,Operating model = Diffusion
beta[j1],-1.805295534229428,137,0.693147180559945,2.5,Null,Operating model = Diffusion
beta[j1],-0.0998626303913871,137,0,0,Null,Operating model = Diffusion
beta[j1],-2.1991873683845116,137,0,5,Null,Operating model = Diffusion
beta[j1],-1.8108708591715073,138,0,2.5,Null,Operating model = Diffusion
beta[j1],-1.8005304901876575,138,-2.30258509299405,2.5,Null,Operating model = Diffusion
beta[j1],-1.6619738214651272,138,0.693147180559945,2.5,Null,Operating model = Diffusion
beta[j1],-0.003110566428945738,138,0,0,Null,Operating model = Diffusion
beta[j1],-2.301598626153242,138,0,5,Null,Operating model = Diffusion
beta[j1],-1.7532716920421751,139,0,2.5,Null,Operating model = Diffusion
beta[j1],-1.464488325805012,139,-2.30258509299405,2.5,Null,Operating model = Diffusion
beta[j1],-1.7260561114192579,139,0.693147180559945,2.5,Null,Operating model = Diffusion
beta[j1],-0.12323577280754894,139,0,0,Null,Operating model = Diffusion
beta[j1],-2.31454628973122,139,0,5,Null,Operating model = Diffusion
beta[j1],-1.6579702090336883,140,0,2.5,Null,Operating model = Diffusion
beta[j1],-1.4911845310466372,140,-2.30258509299405,2.5,Null,Operating model = Diffusion
beta[j1],-2.3351887459682765,140,0.693147180559945,2.5,Null,Operating model = Diffusion
beta[j1],-0.17669112104630189,140,0,0,Null,Operating model = Diffusion
beta[j1],-2.202882987345087,140,0,5,Null,Operating model = Diffusion
beta[j1],-1.7022556275061456,141,0,2.5,Null,Operating model = Diffusion
beta[j1],-1.6512417601098448,141,-2.30258509299405,2.5,Null,Operating model = Diffusion
beta[j1],-1.7164646169363702,141,0.693147180559945,2.5,Null,Operating model = Diffusion
beta[j1],-0.05831098642172601,141,0,0,Null,Operating model = Diffusion
beta[j1],-2.320305886173152,141,0,5,Null,Operating model = Diffusion
beta[j1],-1.5881708157551957,142,0,2.5,Null,Operating model = Diffusion
beta[j1],-1.927659982052193,142,-2.30258509299405,2.5,Null,Operating model = Diffusion
beta[j1],-1.6066113364371737,142,0.693147180559945,2.5,Null,Operating model = Diffusion
beta[j1],0.02507941383275352,142,0,0,Null,Operating model = Diffusion
beta[j1],-2.3632992147863896,142,0,5,Null,Operating model = Diffusion
beta[j1],-1.9922198596364793,143,0,2.5,Null,Operating model = Diffusion
beta[j1],-1.7869141231252244,143,-2.30258509299405,2.5,Null,Operating model = Diffusion
beta[j1],-1.825376667161001,143,0.693147180559945,2.5,Null,Operating model = Diffusion
beta[j1],-0.07525882916949048,143,0,0,Null,Operating model = Diffusion
beta[j1],-2.3217565242130123,143,0,5,Null,Operating model = Diffusion
beta[j1],-1.463284173066204,144,0,2.5,Null,Operating model = Diffusion
beta[j1],-1.6396466036599964,144,-2.30258509299405,2.5,Null,Operating model = Diffusion
beta[j1],-1.6360839949444932,144,0.693147180559945,2.5,Null,Operating model = Diffusion
beta[j1],-0.004487749559140251,144,0,0,Null,Operating model = Diffusion
beta[j1],-2.437880759680188,144,0,5,Null,Operating model = Diffusion
beta[j1],-1.8858836061352346,145,0,2.5,Null,Operating model = Diffusion
beta[j1],-1.5330764435429423,145,-2.30258509299405,2.5,Null,Operating model = Diffusion
beta[j1],-1.286058710374634,145,0.693147180559945,2.5,Null,Operating model = Diffusion
beta[j1],-0.4225718815775682,145,0,0,Null,Operating model = Diffusion
beta[j1],-2.4998612382382186,145,0,5,Null,Operating model = Diffusion
beta[j1],-1.5924587835078943,146,0,2.5,Null,Operating model = Diffusion
beta[j1],-1.5777638631453703,146,-2.30258509299405,2.5,Null,Operating model = Diffusion
beta[j1],-2.032981491230143,146,0.693147180559945,2.5,Null,Operating model = Diffusion
beta[j1],-0.05591226722362104,146,0,0,Null,Operating model = Diffusion
beta[j1],-2.341092636305395,146,0,5,Null,Operating model = Diffusion
beta[j1],-2.055110238170932,147,0,2.5,Null,Operating model = Diffusion
beta[j1],-1.4336468901279995,147,-2.30258509299405,2.5,Null,Operating model = Diffusion
beta[j1],-1.8485189010100225,147,0.693147180559945,2.5,Null,Operating model = Diffusion
beta[j1],-0.1683113766545507,147,0,0,Null,Operating model = Diffusion
beta[j1],-2.373778005906735,147,0,5,Null,Operating model = Diffusion
beta[j1],-1.6376889271127262,148,0,2.5,Null,Operating model = Diffusion
beta[j1],-1.577257811407476,148,-2.30258509299405,2.5,Null,Operating model = Diffusion
beta[j1],-2.0465505613526944,148,0.693147180559945,2.5,Null,Operating model = Diffusion
beta[j1],-0.10222372044480767,148,0,0,Null,Operating model = Diffusion
beta[j1],-2.482820008093534,148,0,5,Null,Operating model = Diffusion
beta[j1],-2.4823692956381493,149,0,2.5,Null,Operating model = Diffusion
beta[j1],-1.6935111476406768,149,-2.30258509299405,2.5,Null,Operating model = Diffusion
beta[j1],-1.6592731034972708,149,0.693147180559945,2.5,Null,Operating model = Diffusion
beta[j1],-0.2262642528430002,149,0,0,Null,Operating model = Diffusion
beta[j1],-2.1172879002244227,149,0,5,Null,Operating model = Diffusion
beta[j1],-1.8131388679684222,150,0,2.5,Null,Operating model = Diffusion
beta[j1],-1.710480730394922,150,-2.30258509299405,2.5,Null,Operating model = Diffusion
beta[j1],-1.7839960928650056,150,0.693147180559945,2.5,Null,Operating model = Diffusion
beta[j1],-0.3218467660813726,150,0,0,Null,Operating model = Diffusion
beta[j1],-2.2707139462550856,150,0,5,Null,Operating model = Diffusion
beta[j1],-1.50725229202879,151,0,2.5,Null,Operating model = Diffusion
beta[j1],-2.048169276609431,151,-2.30258509299405,2.5,Null,Operating model = Diffusion
beta[j1],-1.8232591901977537,151,0.693147180559945,2.5,Null,Operating model = Diffusion
beta[j1],-0.1285653508608941,151,0,0,Null,Operating model = Diffusion
beta[j1],-2.3374511800781588,151,0,5,Null,Operating model = Diffusion
beta[j1],-1.636876969667463,152,0,2.5,Null,Operating model = Diffusion
beta[j1],-1.834545474178411,152,-2.30258509299405,2.5,Null,Operating model = Diffusion
beta[j1],-1.8052087758931046,152,0.693147180559945,2.5,Null,Operating model = Diffusion
beta[j1],-0.07471488113957965,152,0,0,Null,Operating model = Diffusion
beta[j1],-2.3460859949044592,152,0,5,Null,Operating model = Diffusion
beta[j1],-1.6495209334248275,153,0,2.5,Null,Operating model = Diffusion
beta[j1],-1.5327205489124505,153,-2.30258509299405,2.5,Null,Operating model = Diffusion
beta[j1],-1.8321776946359243,153,0.693147180559945,2.5,Null,Operating model = Diffusion
beta[j1],-0.010185688099420616,153,0,0,Null,Operating model = Diffusion
beta[j1],-2.2506082777691367,153,0,5,Null,Operating model = Diffusion
beta[j1],-1.5739885787569883,154,0,2.5,Null,Operating model = Diffusion
beta[j1],-1.5721473286844427,154,-2.30258509299405,2.5,Null,Operating model = Diffusion
beta[j1],-1.7545354392839752,154,0.693147180559945,2.5,Null,Operating model = Diffusion
beta[j1],-0.12258219151212069,154,0,0,Null,Operating model = Diffusion
beta[j1],-2.3996793396220975,154,0,5,Null,Operating model = Diffusion
beta[j1],-1.950484970649252,155,0,2.5,Null,Operating model = Diffusion
beta[j1],-1.7152796532247452,155,-2.30258509299405,2.5,Null,Operating model = Diffusion
beta[j1],-2.7288866005903,155,0.693147180559945,2.5,Null,Operating model = Diffusion
beta[j1],-0.13799196320451163,155,0,0,Null,Operating model = Diffusion
beta[j1],-2.445319377539127,155,0,5,Null,Operating model = Diffusion
beta[j1],-2.089742276027782,156,0,2.5,Null,Operating model = Diffusion
beta[j1],-1.5301514238781875,156,-2.30258509299405,2.5,Null,Operating model = Diffusion
beta[j1],-1.8355932035485851,156,0.693147180559945,2.5,Null,Operating model = Diffusion
beta[j1],-0.07936115995732448,156,0,0,Null,Operating model = Diffusion
beta[j1],-2.32979228879643,156,0,5,Null,Operating model = Diffusion
beta[j1],-2.002988769122998,157,0,2.5,Null,Operating model = Diffusion
beta[j1],-1.5559813844852581,157,-2.30258509299405,2.5,Null,Operating model = Diffusion
beta[j1],-1.7024190271081612,157,0.693147180559945,2.5,Null,Operating model = Diffusion
beta[j1],-0.09854329933966786,157,0,0,Null,Operating model = Diffusion
beta[j1],-2.807526205808051,157,0,5,Null,Operating model = Diffusion
beta[j1],-2.0210291676551644,158,0,2.5,Null,Operating model = Diffusion
beta[j1],-1.6730609648158077,158,-2.30258509299405,2.5,Null,Operating model = Diffusion
beta[j1],-1.7095021680934066,158,0.693147180559945,2.5,Null,Operating model = Diffusion
beta[j1],-0.05851849799467499,158,0,0,Null,Operating model = Diffusion
beta[j1],-2.498583304454464,158,0,5,Null,Operating model = Diffusion
beta[j1],-1.6465300381746037,159,0,2.5,Null,Operating model = Diffusion
beta[j1],-1.5595676642432121,159,-2.30258509299405,2.5,Null,Operating model = Diffusion
beta[j1],-1.6902560156877255,159,0.693147180559945,2.5,Null,Operating model = Diffusion
beta[j1],-0.1611991214362913,159,0,0,Null,Operating model = Diffusion
beta[j1],-2.2851371012646564,159,0,5,Null,Operating model = Diffusion
beta[j1],-1.4954458282507128,160,0,2.5,Null,Operating model = Diffusion
beta[j1],-1.2754319064625352,160,-2.30258509299405,2.5,Null,Operating model = Diffusion
beta[j1],-1.5604444293803879,160,0.693147180559945,2.5,Null,Operating model = Diffusion
beta[j1],-0.0491301258658677,160,0,0,Null,Operating model = Diffusion
beta[j1],-3.2681369199725303,160,0,5,Null,Operating model = Diffusion
beta[j1],-1.5458658279670987,161,0,2.5,Null,Operating model = Diffusion
beta[j1],-1.4686949152468753,161,-2.30258509299405,2.5,Null,Operating model = Diffusion
beta[j1],-1.911856701633249,161,0.693147180559945,2.5,Null,Operating model = Diffusion
beta[j1],-0.06985073906057983,161,0,0,Null,Operating model = Diffusion
beta[j1],-2.552207576095468,161,0,5,Null,Operating model = Diffusion
beta[j1],-2.1995925776408654,162,0,2.5,Null,Operating model = Diffusion
beta[j1],-1.610235892994357,162,-2.30258509299405,2.5,Null,Operating model = Diffusion
beta[j1],-1.9105886303533248,162,0.693147180559945,2.5,Null,Operating model = Diffusion
beta[j1],-0.01141176628786539,162,0,0,Null,Operating model = Diffusion
beta[j1],-2.4230001958259497,162,0,5,Null,Operating model = Diffusion
beta[j1],-1.7335425001532885,163,0,2.5,Null,Operating model = Diffusion
beta[j1],-1.6076937569161238,163,-2.30258509299405,2.5,Null,Operating model = Diffusion
beta[j1],-1.6713322828223025,163,0.693147180559945,2.5,Null,Operating model = Diffusion
beta[j1],-0.12705861363726575,163,0,0,Null,Operating model = Diffusion
beta[j1],-2.130239123218716,163,0,5,Null,Operating model = Diffusion
beta[j1],-1.7790727334448777,164,0,2.5,Null,Operating model = Diffusion
beta[j1],-1.6331513237295883,164,-2.30258509299405,2.5,Null,Operating model = Diffusion
beta[j1],-1.7570053704702877,164,0.693147180559945,2.5,Null,Operating model = Diffusion
beta[j1],-0.2626181348991783,164,0,0,Null,Operating model = Diffusion
beta[j1],-2.3279019177006237,164,0,5,Null,Operating model = Diffusion
beta[j1],-2.3281751513556452,165,0,2.5,Null,Operating model = Diffusion
beta[j1],-1.8845270910754064,165,-2.30258509299405,2.5,Null,Operating model = Diffusion
beta[j1],-1.6953052598456777,165,0.693147180559945,2.5,Null,Operating model = Diffusion
beta[j1],-0.04829091230384761,165,0,0,Null,Operating model = Diffusion
beta[j1],-2.433916378235215,165,0,5,Null,Operating model = Diffusion
beta[j1],-1.5786890819692423,166,0,2.5,Null,Operating model = Diffusion
beta[j1],-1.7718703656352275,166,-2.30258509299405,2.5,Null,Operating model = Diffusion
beta[j1],-1.584278505564336,166,0.693147180559945,2.5,Null,Operating model = Diffusion
beta[j1],-0.14032568377869437,166,0,0,Null,Operating model = Diffusion
beta[j1],-2.1432338563418507,166,0,5,Null,Operating model = Diffusion
beta[j1],-1.765340268857977,167,0,2.5,Null,Operating model = Diffusion
beta[j1],-1.3677267910797317,167,-2.30258509299405,2.5,Null,Operating model = Diffusion
beta[j1],-1.717430379728831,167,0.693147180559945,2.5,Null,Operating model = Diffusion
beta[j1],-0.07031405195019465,167,0,0,Null,Operating model = Diffusion
beta[j1],-2.518860339858253,167,0,5,Null,Operating model = Diffusion
beta[j1],-1.6109734953672097,168,0,2.5,Null,Operating model = Diffusion
beta[j1],-1.5617956930324437,168,-2.30258509299405,2.5,Null,Operating model = Diffusion
beta[j1],-1.6915294560047587,168,0.693147180559945,2.5,Null,Operating model = Diffusion
beta[j1],-0.09783067685606249,168,0,0,Null,Operating model = Diffusion
beta[j1],-2.4339523611980813,168,0,5,Null,Operating model = Diffusion
beta[j1],-1.7525852755747755,169,0,2.5,Null,Operating model = Diffusion
beta[j1],-1.7739770931962802,169,-2.30258509299405,2.5,Null,Operating model = Diffusion
beta[j1],-1.604859805413223,169,0.693147180559945,2.5,Null,Operating model = Diffusion
beta[j1],0.010727382325244459,169,0,0,Null,Operating model = Diffusion
beta[j1],-2.3421604662706508,169,0,5,Null,Operating model = Diffusion
beta[j1],-1.7534232834126513,170,0,2.5,Null,Operating model = Diffusion
beta[j1],-1.3788236918749344,170,-2.30258509299405,2.5,Null,Operating model = Diffusion
beta[j1],-2.0769353421419834,170,0.693147180559945,2.5,Null,Operating model = Diffusion
beta[j1],-0.11437076395657005,170,0,0,Null,Operating model = Diffusion
beta[j1],-2.709905715870639,170,0,5,Null,Operating model = Diffusion
beta[j1],-1.6276433210670744,171,0,2.5,Null,Operating model = Diffusion
beta[j1],-1.4635737052929472,171,-2.30258509299405,2.5,Null,Operating model = Diffusion
beta[j1],-1.5284313185661167,171,0.693147180559945,2.5,Null,Operating model = Diffusion
beta[j1],-0.04747124074193735,171,0,0,Null,Operating model = Diffusion
beta[j1],-2.44699706528636,171,0,5,Null,Operating model = Diffusion
beta[j1],-1.6534250858038153,172,0,2.5,Null,Operating model = Diffusion
beta[j1],-1.4688282418244605,172,-2.30258509299405,2.5,Null,Operating model = Diffusion
beta[j1],-1.9016654107450879,172,0.693147180559945,2.5,Null,Operating model = Diffusion
beta[j1],-0.01729944684905079,172,0,0,Null,Operating model = Diffusion
beta[j1],-2.1998455503752763,172,0,5,Null,Operating model = Diffusion
beta[j1],-1.5737128861975607,173,0,2.5,Null,Operating model = Diffusion
beta[j1],-1.552550023337006,173,-2.30258509299405,2.5,Null,Operating model = Diffusion
beta[j1],-1.751588588206375,173,0.693147180559945,2.5,Null,Operating model = Diffusion
beta[j1],-0.12241163366361353,173,0,0,Null,Operating model = Diffusion
beta[j1],-2.1648559594104477,173,0,5,Null,Operating model = Diffusion
beta[j1],-1.5366969377213877,174,0,2.5,Null,Operating model = Diffusion
beta[j1],-1.7659839121911338,174,-2.30258509299405,2.5,Null,Operating model = Diffusion
beta[j1],-1.8235421598617143,174,0.693147180559945,2.5,Null,Operating model = Diffusion
beta[j1],-0.012707846396635287,174,0,0,Null,Operating model = Diffusion
beta[j1],-2.3968274613421197,174,0,5,Null,Operating model = Diffusion
beta[j1],-1.8677279557282298,175,0,2.5,Null,Operating model = Diffusion
beta[j1],-1.7579648646729267,175,-2.30258509299405,2.5,Null,Operating model = Diffusion
beta[j1],-1.8017660331282486,175,0.693147180559945,2.5,Null,Operating model = Diffusion
beta[j1],-0.07899909705552927,175,0,0,Null,Operating model = Diffusion
beta[j1],-2.4585976523268953,175,0,5,Null,Operating model = Diffusion
beta[j1],-2.803091788687933,176,0,2.5,Null,Operating model = Diffusion
beta[j1],-2.2556265655091354,176,-2.30258509299405,2.5,Null,Operating model = Diffusion
beta[j1],-1.7843882521772676,176,0.693147180559945,2.5,Null,Operating model = Diffusion
beta[j1],0.03943345390700387,176,0,0,Null,Operating model = Diffusion
beta[j1],-2.350778261791684,176,0,5,Null,Operating model = Diffusion
beta[j1],-2.229166283543393,177,0,2.5,Null,Operating model = Diffusion
beta[j1],-1.5858176755911946,177,-2.30258509299405,2.5,Null,Operating model = Diffusion
beta[j1],-1.5479916443185004,177,0.693147180559945,2.5,Null,Operating model = Diffusion
beta[j1],-0.0357082510665523,177,0,0,Null,Operating model = Diffusion
beta[j1],-2.467991739718863,177,0,5,Null,Operating model = Diffusion
beta[j1],-2.361857516040829,178,0,2.5,Null,Operating model = Diffusion
beta[j1],-1.7161274987138153,178,-2.30258509299405,2.5,Null,Operating model = Diffusion
beta[j1],-1.638653375397361,178,0.693147180559945,2.5,Null,Operating model = Diffusion
beta[j1],-0.024066066213197995,178,0,0,Null,Operating model = Diffusion
beta[j1],-2.4471664700135607,178,0,5,Null,Operating model = Diffusion
beta[j1],-1.9553555930975721,179,0,2.5,Null,Operating model = Diffusion
beta[j1],-2.121156826789382,179,-2.30258509299405,2.5,Null,Operating model = Diffusion
beta[j1],-1.722104215798235,179,0.693147180559945,2.5,Null,Operating model = Diffusion
beta[j1],-0.09138026418548635,179,0,0,Null,Operating model = Diffusion
beta[j1],-2.3464328147622195,179,0,5,Null,Operating model = Diffusion
beta[j1],-1.5052694964618356,180,0,2.5,Null,Operating model = Diffusion
beta[j1],-1.472795859983967,180,-2.30258509299405,2.5,Null,Operating model = Diffusion
beta[j1],-1.610801805588012,180,0.693147180559945,2.5,Null,Operating model = Diffusion
beta[j1],-0.07851866359533378,180,0,0,Null,Operating model = Diffusion
beta[j1],-2.220483331326655,180,0,5,Null,Operating model = Diffusion
beta[j1],-1.852177571225805,181,0,2.5,Null,Operating model = Diffusion
beta[j1],-1.7941470536102113,181,-2.30258509299405,2.5,Null,Operating model = Diffusion
beta[j1],-1.6064100990392938,181,0.693147180559945,2.5,Null,Operating model = Diffusion
beta[j1],-0.17502508134594935,181,0,0,Null,Operating model = Diffusion
beta[j1],-2.736546308685483,181,0,5,Null,Operating model = Diffusion
beta[j1],-1.9029844061490475,182,0,2.5,Null,Operating model = Diffusion
beta[j1],-1.798163134354828,182,-2.30258509299405,2.5,Null,Operating model = Diffusion
beta[j1],-1.734459151507422,182,0.693147180559945,2.5,Null,Operating model = Diffusion
beta[j1],-0.06343613319018432,182,0,0,Null,Operating model = Diffusion
beta[j1],-2.4027385397776113,182,0,5,Null,Operating model = Diffusion
beta[j1],-1.7982224522584738,183,0,2.5,Null,Operating model = Diffusion
beta[j1],-1.645263211191918,183,-2.30258509299405,2.5,Null,Operating model = Diffusion
beta[j1],-1.4722191532372595,183,0.693147180559945,2.5,Null,Operating model = Diffusion
beta[j1],-0.09983624109848245,183,0,0,Null,Operating model = Diffusion
beta[j1],-2.7127784763560028,183,0,5,Null,Operating model = Diffusion
beta[j1],-2.0580706709471834,184,0,2.5,Null,Operating model = Diffusion
beta[j1],-1.9758830484910246,184,-2.30258509299405,2.5,Null,Operating model = Diffusion
beta[j1],-1.7186293775665196,184,0.693147180559945,2.5,Null,Operating model = Diffusion
beta[j1],-0.05795061073619967,184,0,0,Null,Operating model = Diffusion
beta[j1],-2.350332404828588,184,0,5,Null,Operating model = Diffusion
beta[j1],-1.7264280588500178,185,0,2.5,Null,Operating model = Diffusion
beta[j1],-1.6982815921166403,185,-2.30258509299405,2.5,Null,Operating model = Diffusion
beta[j1],-1.8760986449821484,185,0.693147180559945,2.5,Null,Operating model = Diffusion
beta[j1],-0.02145166218242515,185,0,0,Null,Operating model = Diffusion
beta[j1],-2.2111496936304573,185,0,5,Null,Operating model = Diffusion
beta[j1],-1.5439597914586558,186,0,2.5,Null,Operating model = Diffusion
beta[j1],-1.2089758692218497,186,-2.30258509299405,2.5,Null,Operating model = Diffusion
beta[j1],-2.0425664083060924,186,0.693147180559945,2.5,Null,Operating model = Diffusion
beta[j1],-0.04846699085509575,186,0,0,Null,Operating model = Diffusion
beta[j1],-2.540302933766823,186,0,5,Null,Operating model = Diffusion
beta[j1],-2.236859745161946,187,0,2.5,Null,Operating model = Diffusion
beta[j1],-1.4889030508638958,187,-2.30258509299405,2.5,Null,Operating model = Diffusion
beta[j1],-1.5613396509223894,187,0.693147180559945,2.5,Null,Operating model = Diffusion
beta[j1],-0.10080648859140026,187,0,0,Null,Operating model = Diffusion
beta[j1],-2.3742889302577233,187,0,5,Null,Operating model = Diffusion
beta[j1],-1.513085168010457,188,0,2.5,Null,Operating model = Diffusion
beta[j1],-1.6285013539854933,188,-2.30258509299405,2.5,Null,Operating model = Diffusion
beta[j1],-2.288410312955844,188,0.693147180559945,2.5,Null,Operating model = Diffusion
beta[j1],-0.044143081169007524,188,0,0,Null,Operating model = Diffusion
beta[j1],-2.279963677612389,188,0,5,Null,Operating model = Diffusion
beta[j1],-1.7901304711699435,189,0,2.5,Null,Operating model = Diffusion
beta[j1],-1.6902270085162325,189,-2.30258509299405,2.5,Null,Operating model = Diffusion
beta[j1],-1.9093086068617275,189,0.693147180559945,2.5,Null,Operating model = Diffusion
beta[j1],-0.11915415484194186,189,0,0,Null,Operating model = Diffusion
beta[j1],-2.353055080048324,189,0,5,Null,Operating model = Diffusion
beta[j1],-1.6536443601612807,190,0,2.5,Null,Operating model = Diffusion
beta[j1],-1.4880132866539977,190,-2.30258509299405,2.5,Null,Operating model = Diffusion
beta[j1],-2.110996034059925,190,0.693147180559945,2.5,Null,Operating model = Diffusion
beta[j1],-0.07252038512431158,190,0,0,Null,Operating model = Diffusion
beta[j1],-2.256003326355815,190,0,5,Null,Operating model = Diffusion
beta[j1],-1.7880071996717524,191,0,2.5,Null,Operating model = Diffusion
beta[j1],-1.4474534207457481,191,-2.30258509299405,2.5,Null,Operating model = Diffusion
beta[j1],-1.611734500658981,191,0.693147180559945,2.5,Null,Operating model = Diffusion
beta[j1],-0.11339184386683089,191,0,0,Null,Operating model = Diffusion
beta[j1],-2.6699974989637445,191,0,5,Null,Operating model = Diffusion
beta[j1],-1.8698030667035146,192,0,2.5,Null,Operating model = Diffusion
beta[j1],-1.3981147605282616,192,-2.30258509299405,2.5,Null,Operating model = Diffusion
beta[j1],-1.5494036654297687,192,0.693147180559945,2.5,Null,Operating model = Diffusion
beta[j1],-0.0936575272944725,192,0,0,Null,Operating model = Diffusion
beta[j1],-2.769440641798743,192,0,5,Null,Operating model = Diffusion
beta[j1],-1.7257192981608458,193,0,2.5,Null,Operating model = Diffusion
beta[j1],-1.433475557639309,193,-2.30258509299405,2.5,Null,Operating model = Diffusion
beta[j1],-1.52204576486363,193,0.693147180559945,2.5,Null,Operating model = Diffusion
beta[j1],-0.13150550177741793,193,0,0,Null,Operating model = Diffusion
beta[j1],-2.4425822295341773,193,0,5,Null,Operating model = Diffusion
beta[j1],-1.9250641367418373,194,0,2.5,Null,Operating model = Diffusion
beta[j1],-1.7213525235609854,194,-2.30258509299405,2.5,Null,Operating model = Diffusion
beta[j1],-1.7644288843335336,194,0.693147180559945,2.5,Null,Operating model = Diffusion
beta[j1],-0.18227094187023526,194,0,0,Null,Operating model = Diffusion
beta[j1],-2.247435795095498,194,0,5,Null,Operating model = Diffusion
beta[j1],-1.7944746823761741,195,0,2.5,Null,Operating model = Diffusion
beta[j1],-1.4414781044366642,195,-2.30258509299405,2.5,Null,Operating model = Diffusion
beta[j1],-1.8152851536655488,195,0.693147180559945,2.5,Null,Operating model = Diffusion
beta[j1],-0.075959715756623,195,0,0,Null,Operating model = Diffusion
beta[j1],-2.321071279897046,195,0,5,Null,Operating model = Diffusion
beta[j1],-1.5649938642341572,196,0,2.5,Null,Operating model = Diffusion
beta[j1],-2.4365291082596974,196,-2.30258509299405,2.5,Null,Operating model = Diffusion
beta[j1],-1.6296288406155828,196,0.693147180559945,2.5,Null,Operating model = Diffusion
beta[j1],-0.04009549580017191,196,0,0,Null,Operating model = Diffusion
beta[j1],-2.3567592858684043,196,0,5,Null,Operating model = Diffusion
beta[j1],-2.310799286872762,197,0,2.5,Null,Operating model = Diffusion
beta[j1],-2.5973806316283397,197,-2.30258509299405,2.5,Null,Operating model = Diffusion
beta[j1],-1.9451307998615186,197,0.693147180559945,2.5,Null,Operating model = Diffusion
beta[j1],-0.10521366221352318,197,0,0,Null,Operating model = Diffusion
beta[j1],-2.3782799341804424,197,0,5,Null,Operating model = Diffusion
beta[j1],-2.048587129066939,198,0,2.5,Null,Operating model = Diffusion
beta[j1],-1.3223035304051804,198,-2.30258509299405,2.5,Null,Operating model = Diffusion
beta[j1],-1.7873705455849191,198,0.693147180559945,2.5,Null,Operating model = Diffusion
beta[j1],-0.14182967376044187,198,0,0,Null,Operating model = Diffusion
beta[j1],-2.448332061418971,198,0,5,Null,Operating model = Diffusion
beta[j1],-1.773867958788531,199,0,2.5,Null,Operating model = Diffusion
beta[j1],-1.6966455557888698,199,-2.30258509299405,2.5,Null,Operating model = Diffusion
beta[j1],-2.035471628216306,199,0.693147180559945,2.5,Null,Operating model = Diffusion
beta[j1],-0.10728421703089999,199,0,0,Null,Operating model = Diffusion
beta[j1],-2.632136762022371,199,0,5,Null,Operating model = Diffusion
beta[j1],-1.5123739370633784,200,0,2.5,Null,Operating model = Diffusion
beta[j1],-2.002701883123273,200,-2.30258509299405,2.5,Null,Operating model = Diffusion
beta[j1],-1.8760493039869421,200,0.693147180559945,2.5,Null,Operating model = Diffusion
beta[j1],-0.03607773311163546,200,0,0,Null,Operating model = Diffusion
beta[j1],-2.274960820440127,200,0,5,Null,Operating model = Diffusion
beta[j1],-2.3172108432016074,1,0,2.5,Diffusion,Operating model = Diffusion
ln_kappa2,2.703605848974852,1,0,2.5,Diffusion,Operating model = Diffusion
beta[j1],-2.283619245426838,1,-2.30258509299405,2.5,Diffusion,Operating model = Diffusion
ln_kappa2,2.4903961541325628,1,-2.30258509299405,2.5,Diffusion,Operating model = Diffusion
beta[j1],-2.436382657926676,1,0.693147180559945,2.5,Diffusion,Operating model = Diffusion
ln_kappa2,2.666977086652095,1,0.693147180559945,2.5,Diffusion,Operating model = Diffusion
beta[j1],-0.47200239380578934,1,0,0,Diffusion,Operating model = Diffusion
ln_kappa2,1.6779337338559612,1,0,0,Diffusion,Operating model = Diffusion
beta[j1],-2.4778642067950516,1,0,5,Diffusion,Operating model = Diffusion
ln_kappa2,3.638388809398777,1,0,5,Diffusion,Operating model = Diffusion
beta[j1],-2.3889491871531194,2,0,2.5,Diffusion,Operating model = Diffusion
ln_kappa2,2.419175096366576,2,0,2.5,Diffusion,Operating model = Diffusion
beta[j1],-1.884748310690602,2,-2.30258509299405,2.5,Diffusion,Operating model = Diffusion
ln_kappa2,2.4079990313233117,2,-2.30258509299405,2.5,Diffusion,Operating model = Diffusion
beta[j1],-2.5384233025324674,2,0.693147180559945,2.5,Diffusion,Operating model = Diffusion
ln_kappa2,2.3757907529070827,2,0.693147180559945,2.5,Diffusion,Operating model = Diffusion
beta[j1],-2.9985423620538145,2,0,0,Diffusion,Operating model = Diffusion
ln_kappa2,0.1358928400691973,2,0,0,Diffusion,Operating model = Diffusion
beta[j1],-1.9925462116077424,2,0,5,Diffusion,Operating model = Diffusion
ln_kappa2,7.592543380108072,2,0,5,Diffusion,Operating model = Diffusion
beta[j1],-2.3963330130587837,3,0,2.5,Diffusion,Operating model = Diffusion
ln_kappa2,2.4399745117909446,3,0,2.5,Diffusion,Operating model = Diffusion
beta[j1],-2.5001418548501517,3,-2.30258509299405,2.5,Diffusion,Operating model = Diffusion
ln_kappa2,2.4757610436297255,3,-2.30258509299405,2.5,Diffusion,Operating model = Diffusion
beta[j1],-2.5669856890781757,3,0.693147180559945,2.5,Diffusion,Operating model = Diffusion
ln_kappa2,2.6355208665247223,3,0.693147180559945,2.5,Diffusion,Operating model = Diffusion
beta[j1],-0.8565080876316893,3,0,0,Diffusion,Operating model = Diffusion
ln_kappa2,1.4443949704259424,3,0,0,Diffusion,Operating model = Diffusion
beta[j1],-2.7017718390655654,3,0,5,Diffusion,Operating model = Diffusion
ln_kappa2,8.514689534923338,3,0,5,Diffusion,Operating model = Diffusion
beta[j1],-2.788786946565114,4,0,2.5,Diffusion,Operating model = Diffusion
ln_kappa2,2.5526538506284835,4,0,2.5,Diffusion,Operating model = Diffusion
beta[j1],-3.0662638755007823,4,-2.30258509299405,2.5,Diffusion,Operating model = Diffusion
ln_kappa2,2.456105511706051,4,-2.30258509299405,2.5,Diffusion,Operating model = Diffusion
beta[j1],-2.409194536046566,4,0.693147180559945,2.5,Diffusion,Operating model = Diffusion
ln_kappa2,2.909151237763708,4,0.693147180559945,2.5,Diffusion,Operating model = Diffusion
beta[j1],-0.4769820865852668,4,0,0,Diffusion,Operating model = Diffusion
ln_kappa2,1.262138559944493,4,0,0,Diffusion,Operating model = Diffusion
beta[j1],-2.4603619560645096,4,0,5,Diffusion,Operating model = Diffusion
ln_kappa2,7.132310017260546,4,0,5,Diffusion,Operating model = Diffusion
beta[j1],-2.2896499004731172,5,0,2.5,Diffusion,Operating model = Diffusion
ln_kappa2,2.593743128026059,5,0,2.5,Diffusion,Operating model = Diffusion
beta[j1],-2.4049657139758276,5,-2.30258509299405,2.5,Diffusion,Operating model = Diffusion
ln_kappa2,2.3818938052214325,5,-2.30258509299405,2.5,Diffusion,Operating model = Diffusion
beta[j1],-2.216530067580452,5,0.693147180559945,2.5,Diffusion,Operating model = Diffusion
ln_kappa2,2.4868004869192464,5,0.693147180559945,2.5,Diffusion,Operating model = Diffusion
beta[j1],-2.321674342168044,5,0,0,Diffusion,Operating model = Diffusion
ln_kappa2,-4.944564351041565,5,0,0,Diffusion,Operating model = Diffusion
beta[j1],-2.3854280366691882,5,0,5,Diffusion,Operating model = Diffusion
ln_kappa2,3.958514339733477,5,0,5,Diffusion,Operating model = Diffusion
beta[j1],-2.5942629954640886,6,0,2.5,Diffusion,Operating model = Diffusion
ln_kappa2,2.6015357474863925,6,0,2.5,Diffusion,Operating model = Diffusion
beta[j1],-2.1257224458051036,6,-2.30258509299405,2.5,Diffusion,Operating model = Diffusion
ln_kappa2,2.4381824768802436,6,-2.30258509299405,2.5,Diffusion,Operating model = Diffusion
beta[j1],-2.1129069396346076,6,0.693147180559945,2.5,Diffusion,Operating model = Diffusion
ln_kappa2,2.716455503166001,6,0.693147180559945,2.5,Diffusion,Operating model = Diffusion
beta[j1],-1.4781761978800367,6,0,0,Diffusion,Operating model = Diffusion
ln_kappa2,0.6983305340906361,6,0,0,Diffusion,Operating model = Diffusion
beta[j1],-2.465401064833133,6,0,5,Diffusion,Operating model = Diffusion
ln_kappa2,8.316206835192414,6,0,5,Diffusion,Operating model = Diffusion
beta[j1],-2.2227186935716854,7,0,2.5,Diffusion,Operating model = Diffusion
ln_kappa2,2.7214828293686644,7,0,2.5,Diffusion,Operating model = Diffusion
beta[j1],-2.598033544117176,7,-2.30258509299405,2.5,Diffusion,Operating model = Diffusion
ln_kappa2,2.4084614478350157,7,-2.30258509299405,2.5,Diffusion,Operating model = Diffusion
beta[j1],-2.3411627247473286,7,0.693147180559945,2.5,Diffusion,Operating model = Diffusion
ln_kappa2,2.448348520363845,7,0.693147180559945,2.5,Diffusion,Operating model = Diffusion
beta[j1],-4.799010780190537,7,0,0,Diffusion,Operating model = Diffusion
ln_kappa2,-6.917207132221526,7,0,0,Diffusion,Operating model = Diffusion
beta[j1],-2.347565619185785,7,0,5,Diffusion,Operating model = Diffusion
ln_kappa2,3.70789877430674,7,0,5,Diffusion,Operating model = Diffusion
beta[j1],-2.401845531108746,8,0,2.5,Diffusion,Operating model = Diffusion
ln_kappa2,2.494877344612696,8,0,2.5,Diffusion,Operating model = Diffusion
beta[j1],-2.2361360197545457,8,-2.30258509299405,2.5,Diffusion,Operating model = Diffusion
ln_kappa2,2.468115969639432,8,-2.30258509299405,2.5,Diffusion,Operating model = Diffusion
beta[j1],-2.495121954167099,8,0.693147180559945,2.5,Diffusion,Operating model = Diffusion
ln_kappa2,2.455406200098886,8,0.693147180559945,2.5,Diffusion,Operating model = Diffusion
beta[j1],-0.5224674028265983,8,0,0,Diffusion,Operating model = Diffusion
ln_kappa2,0.8754616734966414,8,0,0,Diffusion,Operating model = Diffusion
beta[j1],-2.526948881996126,8,0,5,Diffusion,Operating model = Diffusion
ln_kappa2,3.7741579954691176,8,0,5,Diffusion,Operating model = Diffusion
beta[j1],-1.7633600121316586,9,0,2.5,Diffusion,Operating model = Diffusion
ln_kappa2,1.9808337151967597,9,0,2.5,Diffusion,Operating model = Diffusion
beta[j1],-2.5770880087157293,9,-2.30258509299405,2.5,Diffusion,Operating model = Diffusion
ln_kappa2,2.7265486222870887,9,-2.30258509299405,2.5,Diffusion,Operating model = Diffusion
beta[j1],-2.3441083675103433,9,0.693147180559945,2.5,Diffusion,Operating model = Diffusion
ln_kappa2,2.562162349757906,9,0.693147180559945,2.5,Diffusion,Operating model = Diffusion
beta[j1],-2.078098991407264,9,0,0,Diffusion,Operating model = Diffusion
ln_kappa2,0.6804458792324416,9,0,0,Diffusion,Operating model = Diffusion
beta[j1],-2.2572984297723986,9,0,5,Diffusion,Operating model = Diffusion
ln_kappa2,7.64172100661703,9,0,5,Diffusion,Operating model = Diffusion
beta[j1],-2.181329929096495,10,0,2.5,Diffusion,Operating model = Diffusion
ln_kappa2,2.745024666629206,10,0,2.5,Diffusion,Operating model = Diffusion
beta[j1],-2.4521025025940104,10,-2.30258509299405,2.5,Diffusion,Operating model = Diffusion
ln_kappa2,2.377737366415219,10,-2.30258509299405,2.5,Diffusion,Operating model = Diffusion
beta[j1],-2.3554401559784206,10,0.693147180559945,2.5,Diffusion,Operating model = Diffusion
ln_kappa2,2.289366652640094,10,0.693147180559945,2.5,Diffusion,Operating model = Diffusion
beta[j1],-4.100128427935143,10,0,0,Diffusion,Operating model = Diffusion
ln_kappa2,-5.895201459823422,10,0,0,Diffusion,Operating model = Diffusion
beta[j1],-2.3159552873488107,10,0,5,Diffusion,Operating model = Diffusion
ln_kappa2,5.356954325679711,10,0,5,Diffusion,Operating model = Diffusion
beta[j1],-2.4981058767065227,11,0,2.5,Diffusion,Operating model = Diffusion
ln_kappa2,2.5825897393998876,11,0,2.5,Diffusion,Operating model = Diffusion
beta[j1],-2.438485985507113,11,-2.30258509299405,2.5,Diffusion,Operating model = Diffusion
ln_kappa2,2.451040936015083,11,-2.30258509299405,2.5,Diffusion,Operating model = Diffusion
beta[j1],-2.549325746900473,11,0.693147180559945,2.5,Diffusion,Operating model = Diffusion
ln_kappa2,2.4794815244919652,11,0.693147180559945,2.5,Diffusion,Operating model = Diffusion
beta[j1],-1.1451224899526469,11,0,0,Diffusion,Operating model = Diffusion
ln_kappa2,0.7919608417123233,11,0,0,Diffusion,Operating model = Diffusion
beta[j1],-2.5914034900000025,11,0,5,Diffusion,Operating model = Diffusion
ln_kappa2,3.545177424141276,11,0,5,Diffusion,Operating model = Diffusion
beta[j1],-2.8472926500192317,12,0,2.5,Diffusion,Operating model = Diffusion
ln_kappa2,2.461091039599021,12,0,2.5,Diffusion,Operating model = Diffusion
beta[j1],-2.3445404675027204,12,-2.30258509299405,2.5,Diffusion,Operating model = Diffusion
ln_kappa2,2.3891924393431703,12,-2.30258509299405,2.5,Diffusion,Operating model = Diffusion
beta[j1],-2.564424021461578,12,0.693147180559945,2.5,Diffusion,Operating model = Diffusion
ln_kappa2,2.428524262736216,12,0.693147180559945,2.5,Diffusion,Operating model = Diffusion
beta[j1],-1.278435055470281,12,0,0,Diffusion,Operating model = Diffusion
ln_kappa2,0.7325276086325193,12,0,0,Diffusion,Operating model = Diffusion
beta[j1],-2.1081065089710225,12,0,5,Diffusion,Operating model = Diffusion
ln_kappa2,7.2412476278979945,12,0,5,Diffusion,Operating model = Diffusion
beta[j1],-2.212545795476558,13,0,2.5,Diffusion,Operating model = Diffusion
ln_kappa2,2.677956397966504,13,0,2.5,Diffusion,Operating model = Diffusion
beta[j1],-3.15957042265444,13,-2.30258509299405,2.5,Diffusion,Operating model = Diffusion
ln_kappa2,2.518668301016149,13,-2.30258509299405,2.5,Diffusion,Operating model = Diffusion
beta[j1],-2.0840818308715776,13,0.693147180559945,2.5,Diffusion,Operating model = Diffusion
ln_kappa2,2.5911185865034247,13,0.693147180559945,2.5,Diffusion,Operating model = Diffusion
beta[j1],-2.4851065012214733,13,0,0,Diffusion,Operating model = Diffusion
ln_kappa2,-0.595684325119545,13,0,0,Diffusion,Operating model = Diffusion
beta[j1],-2.344680039528007,13,0,5,Diffusion,Operating model = Diffusion
ln_kappa2,7.117953760923292,13,0,5,Diffusion,Operating model = Diffusion
beta[j1],-2.0854924449819645,14,0,2.5,Diffusion,Operating model = Diffusion
ln_kappa2,2.7278155368276966,14,0,2.5,Diffusion,Operating model = Diffusion
beta[j1],-2.583287251477587,14,-2.30258509299405,2.5,Diffusion,Operating model = Diffusion
ln_kappa2,2.427823130459864,14,-2.30258509299405,2.5,Diffusion,Operating model = Diffusion
beta[j1],-2.4292581170707863,14,0.693147180559945,2.5,Diffusion,Operating model = Diffusion
ln_kappa2,2.3803052354271994,14,0.693147180559945,2.5,Diffusion,Operating model = Diffusion
beta[j1],-3.4621313863021044,14,0,0,Diffusion,Operating model = Diffusion
ln_kappa2,-0.10833487955352798,14,0,0,Diffusion,Operating model = Diffusion
beta[j1],-2.322768270809277,14,0,5,Diffusion,Operating model = Diffusion
ln_kappa2,9.523266778595486,14,0,5,Diffusion,Operating model = Diffusion
beta[j1],-2.6278818682022216,15,0,2.5,Diffusion,Operating model = Diffusion
ln_kappa2,2.381840698451507,15,0,2.5,Diffusion,Operating model = Diffusion
beta[j1],-2.239825759405313,15,-2.30258509299405,2.5,Diffusion,Operating model = Diffusion
ln_kappa2,2.443938305862315,15,-2.30258509299405,2.5,Diffusion,Operating model = Diffusion
beta[j1],-2.339173123092713,15,0.693147180559945,2.5,Diffusion,Operating model = Diffusion
ln_kappa2,2.358542419751688,15,0.693147180559945,2.5,Diffusion,Operating model = Diffusion
beta[j1],-6.659898384660918,15,0,0,Diffusion,Operating model = Diffusion
ln_kappa2,-6.573081600553842,15,0,0,Diffusion,Operating model = Diffusion
beta[j1],-2.201867326160499,15,0,5,Diffusion,Operating model = Diffusion
ln_kappa2,4.521956320068315,15,0,5,Diffusion,Operating model = Diffusion
beta[j1],-2.3082054801344727,16,0,2.5,Diffusion,Operating model = Diffusion
ln_kappa2,2.5324513773451622,16,0,2.5,Diffusion,Operating model = Diffusion
beta[j1],-1.9983763878254608,16,-2.30258509299405,2.5,Diffusion,Operating model = Diffusion
ln_kappa2,2.469249684025603,16,-2.30258509299405,2.5,Diffusion,Operating model = Diffusion
beta[j1],-2.183964772769576,16,0.693147180559945,2.5,Diffusion,Operating model = Diffusion
ln_kappa2,2.671894465854534,16,0.693147180559945,2.5,Diffusion,Operating model = Diffusion
beta[j1],-4.278419205871727,16,0,0,Diffusion,Operating model = Diffusion
ln_kappa2,-1.3420526102184374,16,0,0,Diffusion,Operating model = Diffusion
beta[j1],-2.3173358915786726,16,0,5,Diffusion,Operating model = Diffusion
ln_kappa2,3.5051186021825993,16,0,5,Diffusion,Operating model = Diffusion
beta[j1],-2.4735889925431156,17,0,2.5,Diffusion,Operating model = Diffusion
ln_kappa2,2.5509135909476166,17,0,2.5,Diffusion,Operating model = Diffusion
beta[j1],-2.3574286303380747,17,-2.30258509299405,2.5,Diffusion,Operating model = Diffusion
ln_kappa2,2.5835702342417908,17,-2.30258509299405,2.5,Diffusion,Operating model = Diffusion
beta[j1],-2.1789294859995914,17,0.693147180559945,2.5,Diffusion,Operating model = Diffusion
ln_kappa2,2.5603371460052524,17,0.693147180559945,2.5,Diffusion,Operating model = Diffusion
beta[j1],-4.554118620659391,17,0,0,Diffusion,Operating model = Diffusion
ln_kappa2,-1.0700819387878224,17,0,0,Diffusion,Operating model = Diffusion
beta[j1],-2.4176671736936854,17,0,5,Diffusion,Operating model = Diffusion
ln_kappa2,7.928377257535746,17,0,5,Diffusion,Operating model = Diffusion
beta[j1],-2.2298076241905327,18,0,2.5,Diffusion,Operating model = Diffusion
ln_kappa2,2.549000468478654,18,0,2.5,Diffusion,Operating model = Diffusion
beta[j1],-2.289429535686045,18,-2.30258509299405,2.5,Diffusion,Operating model = Diffusion
ln_kappa2,2.4836381994668244,18,-2.30258509299405,2.5,Diffusion,Operating model = Diffusion
beta[j1],-2.2131090199863914,18,0.693147180559945,2.5,Diffusion,Operating model = Diffusion
ln_kappa2,3.3031035913960363,18,0.693147180559945,2.5,Diffusion,Operating model = Diffusion
beta[j1],-4.70925272746579,18,0,0,Diffusion,Operating model = Diffusion
ln_kappa2,-6.118504668613374,18,0,0,Diffusion,Operating model = Diffusion
beta[j1],-2.267848811540862,18,0,5,Diffusion,Operating model = Diffusion
ln_kappa2,7.107007465576961,18,0,5,Diffusion,Operating model = Diffusion
beta[j1],-2.2473368637855784,19,0,2.5,Diffusion,Operating model = Diffusion
ln_kappa2,2.4876846537078308,19,0,2.5,Diffusion,Operating model = Diffusion
beta[j1],-2.545427168400669,19,-2.30258509299405,2.5,Diffusion,Operating model = Diffusion
ln_kappa2,2.348503682224948,19,-2.30258509299405,2.5,Diffusion,Operating model = Diffusion
beta[j1],-2.440839146625256,19,0.693147180559945,2.5,Diffusion,Operating model = Diffusion
ln_kappa2,2.254343164657753,19,0.693147180559945,2.5,Diffusion,Operating model = Diffusion
beta[j1],-2.4603788417941486,19,0,0,Diffusion,Operating model = Diffusion
ln_kappa2,-5.865251869990092,19,0,0,Diffusion,Operating model = Diffusion
beta[j1],-2.7748929981726054,19,0,5,Diffusion,Operating model = Diffusion
ln_kappa2,6.584976376247161,19,0,5,Diffusion,Operating model = Diffusion
beta[j1],-2.103765614904603,20,0,2.5,Diffusion,Operating model = Diffusion
ln_kappa2,2.604264817021723,20,0,2.5,Diffusion,Operating model = Diffusion
beta[j1],-2.4600508472944775,20,-2.30258509299405,2.5,Diffusion,Operating model = Diffusion
ln_kappa2,2.375129338825142,20,-2.30258509299405,2.5,Diffusion,Operating model = Diffusion
beta[j1],-2.3287925134544043,20,0.693147180559945,2.5,Diffusion,Operating model = Diffusion
ln_kappa2,2.498495268018943,20,0.693147180559945,2.5,Diffusion,Operating model = Diffusion
beta[j1],-5.906368035132781,20,0,0,Diffusion,Operating model = Diffusion
ln_kappa2,-5.497412418894795,20,0,0,Diffusion,Operating model = Diffusion
beta[j1],-2.1931192498522925,20,0,5,Diffusion,Operating model = Diffusion
ln_kappa2,5.961565442602306,20,0,5,Diffusion,Operating model = Diffusion
beta[j1],-2.8304012321467242,21,0,2.5,Diffusion,Operating model = Diffusion
ln_kappa2,2.2226633423331106,21,0,2.5,Diffusion,Operating model = Diffusion
beta[j1],-2.4705740511508507,21,-2.30258509299405,2.5,Diffusion,Operating model = Diffusion
ln_kappa2,2.5245654073904658,21,-2.30258509299405,2.5,Diffusion,Operating model = Diffusion
beta[j1],-2.4174205866474714,21,0.693147180559945,2.5,Diffusion,Operating model = Diffusion
ln_kappa2,2.4287094628538815,21,0.693147180559945,2.5,Diffusion,Operating model = Diffusion
beta[j1],-7.3452762497154644,21,0,0,Diffusion,Operating model = Diffusion
ln_kappa2,-5.295117069929014,21,0,0,Diffusion,Operating model = Diffusion
beta[j1],-2.4484013512084295,21,0,5,Diffusion,Operating model = Diffusion
ln_kappa2,4.571314025581322,21,0,5,Diffusion,Operating model = Diffusion
beta[j1],-2.1781919607755738,22,0,2.5,Diffusion,Operating model = Diffusion
ln_kappa2,2.6140113795978785,22,0,2.5,Diffusion,Operating model = Diffusion
beta[j1],-2.3607167758383145,22,-2.30258509299405,2.5,Diffusion,Operating model = Diffusion
ln_kappa2,2.6194574132734565,22,-2.30258509299405,2.5,Diffusion,Operating model = Diffusion
beta[j1],-2.4355283954142686,22,0.693147180559945,2.5,Diffusion,Operating model = Diffusion
ln_kappa2,2.4638791242991487,22,0.693147180559945,2.5,Diffusion,Operating model = Diffusion
beta[j1],-1.0830555777034492,22,0,0,Diffusion,Operating model = Diffusion
ln_kappa2,0.5018691890145425,22,0,0,Diffusion,Operating model = Diffusion
beta[j1],-2.449983937207907,22,0,5,Diffusion,Operating model = Diffusion
ln_kappa2,8.966288946134227,22,0,5,Diffusion,Operating model = Diffusion
beta[j1],-2.286669878616397,23,0,2.5,Diffusion,Operating model = Diffusion
ln_kappa2,2.5048899916741867,23,0,2.5,Diffusion,Operating model = Diffusion
beta[j1],-2.4187182019520557,23,-2.30258509299405,2.5,Diffusion,Operating model = Diffusion
ln_kappa2,2.4573178118037555,23,-2.30258509299405,2.5,Diffusion,Operating model = Diffusion
beta[j1],-2.499543954791389,23,0.693147180559945,2.5,Diffusion,Operating model = Diffusion
ln_kappa2,2.4558321397567524,23,0.693147180559945,2.5,Diffusion,Operating model = Diffusion
beta[j1],0.18222683070121645,23,0,0,Diffusion,Operating model = Diffusion
ln_kappa2,1.2004807033814273,23,0,0,Diffusion,Operating model = Diffusion
beta[j1],-2.2772717377844343,23,0,5,Diffusion,Operating model = Diffusion
ln_kappa2,3.566134291547167,23,0,5,Diffusion,Operating model = Diffusion
beta[j1],-2.4405629298419282,24,0,2.5,Diffusion,Operating model = Diffusion
ln_kappa2,2.4300819883213527,24,0,2.5,Diffusion,Operating model = Diffusion
beta[j1],-2.442923586655983,24,-2.30258509299405,2.5,Diffusion,Operating model = Diffusion
ln_kappa2,2.507179553343482,24,-2.30258509299405,2.5,Diffusion,Operating model = Diffusion
beta[j1],-2.4688741278677013,24,0.693147180559945,2.5,Diffusion,Operating model = Diffusion
ln_kappa2,2.4270281935818576,24,0.693147180559945,2.5,Diffusion,Operating model = Diffusion
beta[j1],-0.9150698005951787,24,0,0,Diffusion,Operating model = Diffusion
ln_kappa2,1.2058432803318786,24,0,0,Diffusion,Operating model = Diffusion
beta[j1],-2.571942817336002,24,0,5,Diffusion,Operating model = Diffusion
ln_kappa2,4.610539147905403,24,0,5,Diffusion,Operating model = Diffusion
beta[j1],-2.95719330155031,25,0,2.5,Diffusion,Operating model = Diffusion
ln_kappa2,2.1833735733780966,25,0,2.5,Diffusion,Operating model = Diffusion
beta[j1],-2.4591908449739277,25,-2.30258509299405,2.5,Diffusion,Operating model = Diffusion
ln_kappa2,2.4744367654713186,25,-2.30258509299405,2.5,Diffusion,Operating model = Diffusion
beta[j1],-2.458413048209552,25,0.693147180559945,2.5,Diffusion,Operating model = Diffusion
ln_kappa2,2.5000858963917842,25,0.693147180559945,2.5,Diffusion,Operating model = Diffusion
beta[j1],-1.4873894843240636,25,0,0,Diffusion,Operating model = Diffusion
ln_kappa2,0.443740040570263,25,0,0,Diffusion,Operating model = Diffusion
beta[j1],-2.4957647677671138,25,0,5,Diffusion,Operating model = Diffusion
ln_kappa2,3.2152527689361765,25,0,5,Diffusion,Operating model = Diffusion
beta[j1],-2.515957451600844,26,0,2.5,Diffusion,Operating model = Diffusion
ln_kappa2,2.352295903667238,26,0,2.5,Diffusion,Operating model = Diffusion
beta[j1],-1.8868263395417402,26,-2.30258509299405,2.5,Diffusion,Operating model = Diffusion
ln_kappa2,2.6668257892063645,26,-2.30258509299405,2.5,Diffusion,Operating model = Diffusion
beta[j1],-2.6619655049738786,26,0.693147180559945,2.5,Diffusion,Operating model = Diffusion
ln_kappa2,2.280111516199699,26,0.693147180559945,2.5,Diffusion,Operating model = Diffusion
beta[j1],-7.437793075875425,26,0,0,Diffusion,Operating model = Diffusion
ln_kappa2,-5.693886233085263,26,0,0,Diffusion,Operating model = Diffusion
beta[j1],-2.1799283212295295,26,0,5,Diffusion,Operating model = Diffusion
ln_kappa2,4.013205380333968,26,0,5,Diffusion,Operating model = Diffusion
beta[j1],-2.449554037374944,27,0,2.5,Diffusion,Operating model = Diffusion
ln_kappa2,2.4422609408453644,27,0,2.5,Diffusion,Operating model = Diffusion
beta[j1],-2.7235084554912956,27,-2.30258509299405,2.5,Diffusion,Operating model = Diffusion
ln_kappa2,2.342149079860732,27,-2.30258509299405,2.5,Diffusion,Operating model = Diffusion
beta[j1],-2.493791944549595,27,0.693147180559945,2.5,Diffusion,Operating model = Diffusion
ln_kappa2,2.5742947186470455,27,0.693147180559945,2.5,Diffusion,Operating model = Diffusion
beta[j1],-5.612923683570029,27,0,0,Diffusion,Operating model = Diffusion
ln_kappa2,-6.507112738599224,27,0,0,Diffusion,Operating model = Diffusion
beta[j1],-2.77389610753525,27,0,5,Diffusion,Operating model = Diffusion
ln_kappa2,7.458699173385399,27,0,5,Diffusion,Operating model = Diffusion
beta[j1],-2.569541540712048,28,0,2.5,Diffusion,Operating model = Diffusion
ln_kappa2,2.400723239651704,28,0,2.5,Diffusion,Operating model = Diffusion
beta[j1],-2.56558891584595,28,-2.30258509299405,2.5,Diffusion,Operating model = Diffusion
ln_kappa2,2.3598352162363265,28,-2.30258509299405,2.5,Diffusion,Operating model = Diffusion
beta[j1],-2.1260210688815326,28,0.693147180559945,2.5,Diffusion,Operating model = Diffusion
ln_kappa2,2.6354424563673957,28,0.693147180559945,2.5,Diffusion,Operating model = Diffusion
beta[j1],-6.534220616819807,28,0,0,Diffusion,Operating model = Diffusion
ln_kappa2,-6.247408841290887,28,0,0,Diffusion,Operating model = Diffusion
beta[j1],-2.631693159500691,28,0,5,Diffusion,Operating model = Diffusion
ln_kappa2,3.624911853401139,28,0,5,Diffusion,Operating model = Diffusion
beta[j1],-3.264245633355743,29,0,2.5,Diffusion,Operating model = Diffusion
ln_kappa2,1.949381238588002,29,0,2.5,Diffusion,Operating model = Diffusion
beta[j1],-2.374503637699726,29,-2.30258509299405,2.5,Diffusion,Operating model = Diffusion
ln_kappa2,2.5252812969272314,29,-2.30258509299405,2.5,Diffusion,Operating model = Diffusion
beta[j1],-2.1927295828066686,29,0.693147180559945,2.5,Diffusion,Operating model = Diffusion
ln_kappa2,2.5831138484198055,29,0.693147180559945,2.5,Diffusion,Operating model = Diffusion
beta[j1],-4.935084245428673,29,0,0,Diffusion,Operating model = Diffusion
ln_kappa2,-1.9189083351501486,29,0,0,Diffusion,Operating model = Diffusion
beta[j1],-2.255888326159126,29,0,5,Diffusion,Operating model = Diffusion
ln_kappa2,4.414647322687244,29,0,5,Diffusion,Operating model = Diffusion
beta[j1],-2.8088434365692283,30,0,2.5,Diffusion,Operating model = Diffusion
ln_kappa2,2.531120512907853,30,0,2.5,Diffusion,Operating model = Diffusion
beta[j1],-2.393166836064551,30,-2.30258509299405,2.5,Diffusion,Operating model = Diffusion
ln_kappa2,2.5318442836336996,30,-2.30258509299405,2.5,Diffusion,Operating model = Diffusion
beta[j1],-2.344232110057629,30,0.693147180559945,2.5,Diffusion,Operating model = Diffusion
ln_kappa2,2.449598738517012,30,0.693147180559945,2.5,Diffusion,Operating model = Diffusion
beta[j1],-1.724534879750316,30,0,0,Diffusion,Operating model = Diffusion
ln_kappa2,-0.36427615346547937,30,0,0,Diffusion,Operating model = Diffusion
beta[j1],-2.2569240017956607,30,0,5,Diffusion,Operating model = Diffusion
ln_kappa2,7.087363814019946,30,0,5,Diffusion,Operating model = Diffusion
beta[j1],-2.545076125548404,31,0,2.5,Diffusion,Operating model = Diffusion
ln_kappa2,2.401860802987776,31,0,2.5,Diffusion,Operating model = Diffusion
beta[j1],-2.24124368562923,31,-2.30258509299405,2.5,Diffusion,Operating model = Diffusion
ln_kappa2,2.579363173327549,31,-2.30258509299405,2.5,Diffusion,Operating model = Diffusion
beta[j1],-2.6158223809733885,31,0.693147180559945,2.5,Diffusion,Operating model = Diffusion
ln_kappa2,2.358354827443056,31,0.693147180559945,2.5,Diffusion,Operating model = Diffusion
beta[j1],-1.2862302166306503,31,0,0,Diffusion,Operating model = Diffusion
ln_kappa2,0.2757330518391715,31,0,0,Diffusion,Operating model = Diffusion
beta[j1],-2.4976928102687084,31,0,5,Diffusion,Operating model = Diffusion
ln_kappa2,3.421124646904946,31,0,5,Diffusion,Operating model = Diffusion
beta[j1],-2.6369528178954647,32,0,2.5,Diffusion,Operating model = Diffusion
ln_kappa2,2.663171532286481,32,0,2.5,Diffusion,Operating model = Diffusion
beta[j1],-2.5062060939597357,32,-2.30258509299405,2.5,Diffusion,Operating model = Diffusion
ln_kappa2,2.6665582942361787,32,-2.30258509299405,2.5,Diffusion,Operating model = Diffusion
beta[j1],-2.7862570025657694,32,0.693147180559945,2.5,Diffusion,Operating model = Diffusion
ln_kappa2,2.2912351732179226,32,0.693147180559945,2.5,Diffusion,Operating model = Diffusion
beta[j1],-0.9521904839097698,32,0,0,Diffusion,Operating model = Diffusion
ln_kappa2,0.9367415786042137,32,0,0,Diffusion,Operating model = Diffusion
beta[j1],-2.293531625446318,32,0,5,Diffusion,Operating model = Diffusion
ln_kappa2,7.2173067849766435,32,0,5,Diffusion,Operating model = Diffusion
beta[j1],-2.4252952627004984,33,0,2.5,Diffusion,Operating model = Diffusion
ln_kappa2,2.813026847368744,33,0,2.5,Diffusion,Operating model = Diffusion
beta[j1],-2.7407559806881183,33,-2.30258509299405,2.5,Diffusion,Operating model = Diffusion
ln_kappa2,2.821973080229311,33,-2.30258509299405,2.5,Diffusion,Operating model = Diffusion
beta[j1],-1.6763633672308051,33,0.693147180559945,2.5,Diffusion,Operating model = Diffusion
ln_kappa2,3.240895278375065,33,0.693147180559945,2.5,Diffusion,Operating model = Diffusion
beta[j1],-1.1038655124531318,33,0,0,Diffusion,Operating model = Diffusion
ln_kappa2,1.0295127439408747,33,0,0,Diffusion,Operating model = Diffusion
beta[j1],-2.2334052479271453,33,0,5,Diffusion,Operating model = Diffusion
ln_kappa2,6.788791189178466,33,0,5,Diffusion,Operating model = Diffusion
beta[j1],-2.318317553948645,34,0,2.5,Diffusion,Operating model = Diffusion
ln_kappa2,2.3543445957774667,34,0,2.5,Diffusion,Operating model = Diffusion
beta[j1],-2.5688872158717815,34,-2.30258509299405,2.5,Diffusion,Operating model = Diffusion
ln_kappa2,2.439586102063787,34,-2.30258509299405,2.5,Diffusion,Operating model = Diffusion
beta[j1],-2.7607898514398364,34,0.693147180559945,2.5,Diffusion,Operating model = Diffusion
ln_kappa2,2.343594094977118,34,0.693147180559945,2.5,Diffusion,Operating model = Diffusion
beta[j1],-1.1786015752239691,34,0,0,Diffusion,Operating model = Diffusion
ln_kappa2,0.9500316845082303,34,0,0,Diffusion,Operating model = Diffusion
beta[j1],-2.217256782640572,34,0,5,Diffusion,Operating model = Diffusion
ln_kappa2,5.879315132974816,34,0,5,Diffusion,Operating model = Diffusion
beta[j1],-2.4185856206132414,35,0,2.5,Diffusion,Operating model = Diffusion
ln_kappa2,2.590162956368685,35,0,2.5,Diffusion,Operating model = Diffusion
beta[j1],-2.39394632229704,35,-2.30258509299405,2.5,Diffusion,Operating model = Diffusion
ln_kappa2,2.5433578065113482,35,-2.30258509299405,2.5,Diffusion,Operating model = Diffusion
beta[j1],-2.855730076618803,35,0.693147180559945,2.5,Diffusion,Operating model = Diffusion
ln_kappa2,2.154964458441887,35,0.693147180559945,2.5,Diffusion,Operating model = Diffusion
beta[j1],-2.331232882340668,35,0,0,Diffusion,Operating model = Diffusion
ln_kappa2,0.14478786194906382,35,0,0,Diffusion,Operating model = Diffusion
beta[j1],-2.490050702013175,35,0,5,Diffusion,Operating model = Diffusion
ln_kappa2,8.73384966367435,35,0,5,Diffusion,Operating model = Diffusion
beta[j1],-2.3397126821246723,36,0,2.5,Diffusion,Operating model = Diffusion
ln_kappa2,2.4648443875194874,36,0,2.5,Diffusion,Operating model = Diffusion
beta[j1],-2.2273797759132474,36,-2.30258509299405,2.5,Diffusion,Operating model = Diffusion
ln_kappa2,2.372982373687131,36,-2.30258509299405,2.5,Diffusion,Operating model = Diffusion
beta[j1],-2.692994841553465,36,0.693147180559945,2.5,Diffusion,Operating model = Diffusion
ln_kappa2,2.351994484596063,36,0.693147180559945,2.5,Diffusion,Operating model = Diffusion
beta[j1],-2.8410825781329425,36,0,0,Diffusion,Operating model = Diffusion
ln_kappa2,-5.579244358577929,36,0,0,Diffusion,Operating model = Diffusion
beta[j1],-2.4792840740337416,36,0,5,Diffusion,Operating model = Diffusion
ln_kappa2,4.879563497958028,36,0,5,Diffusion,Operating model = Diffusion
beta[j1],-2.055593572044148,37,0,2.5,Diffusion,Operating model = Diffusion
ln_kappa2,2.683936473009689,37,0,2.5,Diffusion,Operating model = Diffusion
beta[j1],-2.627175683323037,37,-2.30258509299405,2.5,Diffusion,Operating model = Diffusion
ln_kappa2,2.634947610372786,37,-2.30258509299405,2.5,Diffusion,Operating model = Diffusion
beta[j1],-3.0402876132148706,37,0.693147180559945,2.5,Diffusion,Operating model = Diffusion
ln_kappa2,2.3335824181296942,37,0.693147180559945,2.5,Diffusion,Operating model = Diffusion
beta[j1],-0.9368334763718436,37,0,0,Diffusion,Operating model = Diffusion
ln_kappa2,0.8227848825893522,37,0,0,Diffusion,Operating model = Diffusion
beta[j1],-2.16849840605272,37,0,5,Diffusion,Operating model = Diffusion
ln_kappa2,3.4474385776447027,37,0,5,Diffusion,Operating model = Diffusion
beta[j1],-2.2734246644866576,38,0,2.5,Diffusion,Operating model = Diffusion
ln_kappa2,2.1688786377831013,38,0,2.5,Diffusion,Operating model = Diffusion
beta[j1],-2.4890058220481106,38,-2.30258509299405,2.5,Diffusion,Operating model = Diffusion
ln_kappa2,2.389775738260076,38,-2.30258509299405,2.5,Diffusion,Operating model = Diffusion
beta[j1],-2.7058179545080256,38,0.693147180559945,2.5,Diffusion,Operating model = Diffusion
ln_kappa2,2.514433756232569,38,0.693147180559945,2.5,Diffusion,Operating model = Diffusion
beta[j1],-3.964776093505347,38,0,0,Diffusion,Operating model = Diffusion
ln_kappa2,-4.988506342366092,38,0,0,Diffusion,Operating model = Diffusion
beta[j1],-2.459610212639769,38,0,5,Diffusion,Operating model = Diffusion
ln_kappa2,6.794917867375786,38,0,5,Diffusion,Operating model = Diffusion
beta[j1],-2.3746887086730886,39,0,2.5,Diffusion,Operating model = Diffusion
ln_kappa2,2.5646919507332147,39,0,2.5,Diffusion,Operating model = Diffusion
beta[j1],-2.317745480353458,39,-2.30258509299405,2.5,Diffusion,Operating model = Diffusion
ln_kappa2,2.8049844536295665,39,-2.30258509299405,2.5,Diffusion,Operating model = Diffusion
beta[j1],-2.061611109306694,39,0.693147180559945,2.5,Diffusion,Operating model = Diffusion
ln_kappa2,2.8364908585943223,39,0.693147180559945,2.5,Diffusion,Operating model = Diffusion
beta[j1],-3.5796602610311496,39,0,0,Diffusion,Operating model = Diffusion
ln_kappa2,-0.49940206880593907,39,0,0,Diffusion,Operating model = Diffusion
beta[j1],-2.7458231602022134,39,0,5,Diffusion,Operating model = Diffusion
ln_kappa2,3.822598860852683,39,0,5,Diffusion,Operating model = Diffusion
beta[j1],-2.1433561923871634,40,0,2.5,Diffusion,Operating model = Diffusion
ln_kappa2,2.6532365657136454,40,0,2.5,Diffusion,Operating model = Diffusion
beta[j1],-2.338403748904174,40,-2.30258509299405,2.5,Diffusion,Operating model = Diffusion
ln_kappa2,2.673737279635112,40,-2.30258509299405,2.5,Diffusion,Operating model = Diffusion
beta[j1],-2.762983616417575,40,0.693147180559945,2.5,Diffusion,Operating model = Diffusion
ln_kappa2,2.1513592666426162,40,0.693147180559945,2.5,Diffusion,Operating model = Diffusion
beta[j1],-4.493777337002002,40,0,0,Diffusion,Operating model = Diffusion
ln_kappa2,-0.9050993531934691,40,0,0,Diffusion,Operating model = Diffusion
beta[j1],-2.2984256625182105,40,0,5,Diffusion,Operating model = Diffusion
ln_kappa2,7.38569177243374,40,0,5,Diffusion,Operating model = Diffusion
beta[j1],-2.455847936152535,41,0,2.5,Diffusion,Operating model = Diffusion
ln_kappa2,2.3291538718857905,41,0,2.5,Diffusion,Operating model = Diffusion
beta[j1],-2.435165988028,41,-2.30258509299405,2.5,Diffusion,Operating model = Diffusion
ln_kappa2,2.447303656067318,41,-2.30258509299405,2.5,Diffusion,Operating model = Diffusion
beta[j1],-2.8120079503028674,41,0.693147180559945,2.5,Diffusion,Operating model = Diffusion
ln_kappa2,2.3031415350713424,41,0.693147180559945,2.5,Diffusion,Operating model = Diffusion
beta[j1],-2.712130348817169,41,0,0,Diffusion,Operating model = Diffusion
ln_kappa2,-5.112846093478614,41,0,0,Diffusion,Operating model = Diffusion
beta[j1],-2.019900103418054,41,0,5,Diffusion,Operating model = Diffusion
ln_kappa2,7.792195983874907,41,0,5,Diffusion,Operating model = Diffusion
beta[j1],-2.50875196815565,42,0,2.5,Diffusion,Operating model = Diffusion
ln_kappa2,2.593059237447309,42,0,2.5,Diffusion,Operating model = Diffusion
beta[j1],-2.2811084836741466,42,-2.30258509299405,2.5,Diffusion,Operating model = Diffusion
ln_kappa2,2.4339403845564167,42,-2.30258509299405,2.5,Diffusion,Operating model = Diffusion
beta[j1],-1.8080913435669865,42,0.693147180559945,2.5,Diffusion,Operating model = Diffusion
ln_kappa2,2.8975999503639187,42,0.693147180559945,2.5,Diffusion,Operating model = Diffusion
beta[j1],-1.7229215425045041,42,0,0,Diffusion,Operating model = Diffusion
ln_kappa2,-0.3757379450547289,42,0,0,Diffusion,Operating model = Diffusion
beta[j1],-2.0747201072642754,42,0,5,Diffusion,Operating model = Diffusion
ln_kappa2,4.290636160578543,42,0,5,Diffusion,Operating model = Diffusion
beta[j1],-2.55947573553003,43,0,2.5,Diffusion,Operating model = Diffusion
ln_kappa2,2.694594635917389,43,0,2.5,Diffusion,Operating model = Diffusion
beta[j1],-2.3162957610059007,43,-2.30258509299405,2.5,Diffusion,Operating model = Diffusion
ln_kappa2,2.617854588778236,43,-2.30258509299405,2.5,Diffusion,Operating model = Diffusion
beta[j1],-2.5908005349660033,43,0.693147180559945,2.5,Diffusion,Operating model = Diffusion
ln_kappa2,2.247632407104573,43,0.693147180559945,2.5,Diffusion,Operating model = Diffusion
beta[j1],-4.307780891420385,43,0,0,Diffusion,Operating model = Diffusion
ln_kappa2,-5.356781513772714,43,0,0,Diffusion,Operating model = Diffusion
beta[j1],-2.697318182212819,43,0,5,Diffusion,Operating model = Diffusion
ln_kappa2,6.899592491007294,43,0,5,Diffusion,Operating model = Diffusion
beta[j1],-2.5231646407012462,44,0,2.5,Diffusion,Operating model = Diffusion
ln_kappa2,2.3863395246523678,44,0,2.5,Diffusion,Operating model = Diffusion
beta[j1],-2.118021228794755,44,-2.30258509299405,2.5,Diffusion,Operating model = Diffusion
ln_kappa2,2.7629418778404857,44,-2.30258509299405,2.5,Diffusion,Operating model = Diffusion
beta[j1],-2.6503549543226,44,0.693147180559945,2.5,Diffusion,Operating model = Diffusion
ln_kappa2,2.762473637469438,44,0.693147180559945,2.5,Diffusion,Operating model = Diffusion
beta[j1],-1.9634892968954758,44,0,0,Diffusion,Operating model = Diffusion
ln_kappa2,0.3204402377107403,44,0,0,Diffusion,Operating model = Diffusion
beta[j1],-2.439515579044338,44,0,5,Diffusion,Operating model = Diffusion
ln_kappa2,5.842934038656807,44,0,5,Diffusion,Operating model = Diffusion
beta[j1],-2.6004696105107383,45,0,2.5,Diffusion,Operating model = Diffusion
ln_kappa2,2.4336934299680766,45,0,2.5,Diffusion,Operating model = Diffusion
beta[j1],-2.3464194400907945,45,-2.30258509299405,2.5,Diffusion,Operating model = Diffusion
ln_kappa2,2.5993029214289938,45,-2.30258509299405,2.5,Diffusion,Operating model = Diffusion
beta[j1],-2.7279857186711833,45,0.693147180559945,2.5,Diffusion,Operating model = Diffusion
ln_kappa2,2.422818019483716,45,0.693147180559945,2.5,Diffusion,Operating model = Diffusion
beta[j1],-3.9491701310104825,45,0,0,Diffusion,Operating model = Diffusion
ln_kappa2,-0.9303082298265805,45,0,0,Diffusion,Operating model = Diffusion
beta[j1],-2.3292132038014812,45,0,5,Diffusion,Operating model = Diffusion
ln_kappa2,7.674096613162747,45,0,5,Diffusion,Operating model = Diffusion
beta[j1],-2.5486027862797656,46,0,2.5,Diffusion,Operating model = Diffusion
ln_kappa2,2.5033424185091944,46,0,2.5,Diffusion,Operating model = Diffusion
beta[j1],-2.3387151776218533,46,-2.30258509299405,2.5,Diffusion,Operating model = Diffusion
ln_kappa2,2.5198399854073137,46,-2.30258509299405,2.5,Diffusion,Operating model = Diffusion
beta[j1],-2.170528145259936,46,0.693147180559945,2.5,Diffusion,Operating model = Diffusion
ln_kappa2,2.225204226130889,46,0.693147180559945,2.5,Diffusion,Operating model = Diffusion
beta[j1],-2.5132456905736924,46,0,0,Diffusion,Operating model = Diffusion
ln_kappa2,0.07427304511678293,46,0,0,Diffusion,Operating model = Diffusion
beta[j1],-2.4504893923727367,46,0,5,Diffusion,Operating model = Diffusion
ln_kappa2,4.118173774316898,46,0,5,Diffusion,Operating model = Diffusion
beta[j1],-2.311647975115583,47,0,2.5,Diffusion,Operating model = Diffusion
ln_kappa2,2.7987764752186104,47,0,2.5,Diffusion,Operating model = Diffusion
beta[j1],-2.5970248491783963,47,-2.30258509299405,2.5,Diffusion,Operating model = Diffusion
ln_kappa2,2.3554538864754817,47,-2.30258509299405,2.5,Diffusion,Operating model = Diffusion
beta[j1],-2.8267880390505673,47,0.693147180559945,2.5,Diffusion,Operating model = Diffusion
ln_kappa2,2.304503740935111,47,0.693147180559945,2.5,Diffusion,Operating model = Diffusion
beta[j1],-1.5050612977194882,47,0,0,Diffusion,Operating model = Diffusion
ln_kappa2,0.4859514608976787,47,0,0,Diffusion,Operating model = Diffusion
beta[j1],-2.237373877175593,47,0,5,Diffusion,Operating model = Diffusion
ln_kappa2,7.386542752289548,47,0,5,Diffusion,Operating model = Diffusion
beta[j1],-2.4694495180700704,48,0,2.5,Diffusion,Operating model = Diffusion
ln_kappa2,2.3569381149630555,48,0,2.5,Diffusion,Operating model = Diffusion
beta[j1],-2.5724219613829593,48,-2.30258509299405,2.5,Diffusion,Operating model = Diffusion
ln_kappa2,2.5715307045510905,48,-2.30258509299405,2.5,Diffusion,Operating model = Diffusion
beta[j1],-2.4068860672793644,48,0.693147180559945,2.5,Diffusion,Operating model = Diffusion
ln_kappa2,2.7582215583627963,48,0.693147180559945,2.5,Diffusion,Operating model = Diffusion
beta[j1],-0.4423699332682165,48,0,0,Diffusion,Operating model = Diffusion
ln_kappa2,1.6356052840216837,48,0,0,Diffusion,Operating model = Diffusion
beta[j1],-2.6652340915330197,48,0,5,Diffusion,Operating model = Diffusion
ln_kappa2,3.2201438376921607,48,0,5,Diffusion,Operating model = Diffusion
beta[j1],-2.4601129250852103,49,0,2.5,Diffusion,Operating model = Diffusion
ln_kappa2,2.532902895760314,49,0,2.5,Diffusion,Operating model = Diffusion
beta[j1],-2.7538927017050354,49,-2.30258509299405,2.5,Diffusion,Operating model = Diffusion
ln_kappa2,2.323979648483538,49,-2.30258509299405,2.5,Diffusion,Operating model = Diffusion
beta[j1],-2.4878014113131033,49,0.693147180559945,2.5,Diffusion,Operating model = Diffusion
ln_kappa2,2.4045345709342825,49,0.693147180559945,2.5,Diffusion,Operating model = Diffusion
beta[j1],-4.043321336765933,49,0,0,Diffusion,Operating model = Diffusion
ln_kappa2,-0.9723331732938666,49,0,0,Diffusion,Operating model = Diffusion
beta[j1],-2.441569316354254,49,0,5,Diffusion,Operating model = Diffusion
ln_kappa2,4.360434783930801,49,0,5,Diffusion,Operating model = Diffusion
beta[j1],-2.1807749490135673,50,0,2.5,Diffusion,Operating model = Diffusion
ln_kappa2,2.661453223689688,50,0,2.5,Diffusion,Operating model = Diffusion
beta[j1],-2.2551534735085874,50,-2.30258509299405,2.5,Diffusion,Operating model = Diffusion
ln_kappa2,2.5641336234418795,50,-2.30258509299405,2.5,Diffusion,Operating model = Diffusion
beta[j1],-2.0974637341286155,50,0.693147180559945,2.5,Diffusion,Operating model = Diffusion
ln_kappa2,2.7701230959267233,50,0.693147180559945,2.5,Diffusion,Operating model = Diffusion
beta[j1],-0.5420685846141724,50,0,0,Diffusion,Operating model = Diffusion
ln_kappa2,0.8735859526351235,50,0,0,Diffusion,Operating model = Diffusion
beta[j1],-2.364567797406347,50,0,5,Diffusion,Operating model = Diffusion
ln_kappa2,3.389223854931658,50,0,5,Diffusion,Operating model = Diffusion
beta[j1],-2.4728867704481674,51,0,2.5,Diffusion,Operating model = Diffusion
ln_kappa2,2.52739181546112,51,0,2.5,Diffusion,Operating model = Diffusion
beta[j1],-2.2722993199995636,51,-2.30258509299405,2.5,Diffusion,Operating model = Diffusion
ln_kappa2,3.220419781742996,51,-2.30258509299405,2.5,Diffusion,Operating model = Diffusion
beta[j1],-3.3673499964102382,51,0.693147180559945,2.5,Diffusion,Operating model = Diffusion
ln_kappa2,2.472496031939145,51,0.693147180559945,2.5,Diffusion,Operating model = Diffusion
beta[j1],-1.4196409959183747,51,0,0,Diffusion,Operating model = Diffusion
ln_kappa2,-0.03215024726108981,51,0,0,Diffusion,Operating model = Diffusion
beta[j1],-2.5878938576298975,51,0,5,Diffusion,Operating model = Diffusion
ln_kappa2,9.567888361629256,51,0,5,Diffusion,Operating model = Diffusion
beta[j1],-2.701887524261006,52,0,2.5,Diffusion,Operating model = Diffusion
ln_kappa2,2.2811932355612297,52,0,2.5,Diffusion,Operating model = Diffusion
beta[j1],-2.303205833987307,52,-2.30258509299405,2.5,Diffusion,Operating model = Diffusion
ln_kappa2,2.613671463807556,52,-2.30258509299405,2.5,Diffusion,Operating model = Diffusion
beta[j1],-2.6211888948089204,52,0.693147180559945,2.5,Diffusion,Operating model = Diffusion
ln_kappa2,2.3578886925217675,52,0.693147180559945,2.5,Diffusion,Operating model = Diffusion
beta[j1],-3.3879618396074336,52,0,0,Diffusion,Operating model = Diffusion
ln_kappa2,-0.15213862111701895,52,0,0,Diffusion,Operating model = Diffusion
beta[j1],-2.3981036434695824,52,0,5,Diffusion,Operating model = Diffusion
ln_kappa2,3.811298943101035,52,0,5,Diffusion,Operating model = Diffusion
beta[j1],-2.646544355928654,53,0,2.5,Diffusion,Operating model = Diffusion
ln_kappa2,2.4536559278673367,53,0,2.5,Diffusion,Operating model = Diffusion
beta[j1],-2.56235322579723,53,-2.30258509299405,2.5,Diffusion,Operating model = Diffusion
ln_kappa2,2.532185392097444,53,-2.30258509299405,2.5,Diffusion,Operating model = Diffusion
beta[j1],-2.273700796714973,53,0.693147180559945,2.5,Diffusion,Operating model = Diffusion
ln_kappa2,2.3137501704289236,53,0.693147180559945,2.5,Diffusion,Operating model = Diffusion
beta[j1],-1.9524371844238035,53,0,0,Diffusion,Operating model = Diffusion
ln_kappa2,0.23330296189531033,53,0,0,Diffusion,Operating model = Diffusion
beta[j1],-2.5673994614146864,53,0,5,Diffusion,Operating model = Diffusion
ln_kappa2,7.17143847623357,53,0,5,Diffusion,Operating model = Diffusion
beta[j1],-2.679277484239278,54,0,2.5,Diffusion,Operating model = Diffusion
ln_kappa2,2.7077710643341653,54,0,2.5,Diffusion,Operating model = Diffusion
beta[j1],-2.4990448455322802,54,-2.30258509299405,2.5,Diffusion,Operating model = Diffusion
ln_kappa2,2.44711160723021,54,-2.30258509299405,2.5,Diffusion,Operating model = Diffusion
beta[j1],-2.3130599849522135,54,0.693147180559945,2.5,Diffusion,Operating model = Diffusion
ln_kappa2,2.583719548259562,54,0.693147180559945,2.5,Diffusion,Operating model = Diffusion
beta[j1],-3.1553188720818763,54,0,0,Diffusion,Operating model = Diffusion
ln_kappa2,0.3246244408878795,54,0,0,Diffusion,Operating model = Diffusion
beta[j1],-2.5237398525350803,54,0,5,Diffusion,Operating model = Diffusion
ln_kappa2,8.01841728424053,54,0,5,Diffusion,Operating model = Diffusion
beta[j1],-2.309533839578205,55,0,2.5,Diffusion,Operating model = Diffusion
ln_kappa2,2.693494140672579,55,0,2.5,Diffusion,Operating model = Diffusion
beta[j1],-2.498579408151873,55,-2.30258509299405,2.5,Diffusion,Operating model = Diffusion
ln_kappa2,2.626767608047635,55,-2.30258509299405,2.5,Diffusion,Operating model = Diffusion
beta[j1],-2.4145094282573742,55,0.693147180559945,2.5,Diffusion,Operating model = Diffusion
ln_kappa2,2.6343897008942334,55,0.693147180559945,2.5,Diffusion,Operating model = Diffusion
beta[j1],-2.3980143682684703,55,0,0,Diffusion,Operating model = Diffusion
ln_kappa2,0.4919132838457879,55,0,0,Diffusion,Operating model = Diffusion
beta[j1],-2.363455898485618,55,0,5,Diffusion,Operating model = Diffusion
ln_kappa2,4.119277556093604,55,0,5,Diffusion,Operating model = Diffusion
beta[j1],-2.208597577309732,56,0,2.5,Diffusion,Operating model = Diffusion
ln_kappa2,2.5362990910045444,56,0,2.5,Diffusion,Operating model = Diffusion
beta[j1],-2.51738336598453,56,-2.30258509299405,2.5,Diffusion,Operating model = Diffusion
ln_kappa2,2.51740424014915,56,-2.30258509299405,2.5,Diffusion,Operating model = Diffusion
beta[j1],-3.4606830615120145,56,0.693147180559945,2.5,Diffusion,Operating model = Diffusion
ln_kappa2,2.1436649730135167,56,0.693147180559945,2.5,Diffusion,Operating model = Diffusion
beta[j1],-2.8186541774763856,56,0,0,Diffusion,Operating model = Diffusion
ln_kappa2,-5.769115615741721,56,0,0,Diffusion,Operating model = Diffusion
beta[j1],-2.7970850349231333,56,0,5,Diffusion,Operating model = Diffusion
ln_kappa2,3.959752502763292,56,0,5,Diffusion,Operating model = Diffusion
beta[j1],-2.4064890809436523,57,0,2.5,Diffusion,Operating model = Diffusion
ln_kappa2,2.9932570520183637,57,0,2.5,Diffusion,Operating model = Diffusion
beta[j1],-2.1731181423805195,57,-2.30258509299405,2.5,Diffusion,Operating model = Diffusion
ln_kappa2,2.6574535594092605,57,-2.30258509299405,2.5,Diffusion,Operating model = Diffusion
beta[j1],-2.709377019589552,57,0.693147180559945,2.5,Diffusion,Operating model = Diffusion
ln_kappa2,2.2867238735730107,57,0.693147180559945,2.5,Diffusion,Operating model = Diffusion
beta[j1],-2.3134318931378286,57,0,0,Diffusion,Operating model = Diffusion
ln_kappa2,-6.071015669819406,57,0,0,Diffusion,Operating model = Diffusion
beta[j1],-2.324515806557318,57,0,5,Diffusion,Operating model = Diffusion
ln_kappa2,3.531912257449606,57,0,5,Diffusion,Operating model = Diffusion
beta[j1],-2.6915563525529875,58,0,2.5,Diffusion,Operating model = Diffusion
ln_kappa2,2.4331271971195725,58,0,2.5,Diffusion,Operating model = Diffusion
beta[j1],-2.374954004478385,58,-2.30258509299405,2.5,Diffusion,Operating model = Diffusion
ln_kappa2,2.5205816389851616,58,-2.30258509299405,2.5,Diffusion,Operating model = Diffusion
beta[j1],-2.6742343473223067,58,0.693147180559945,2.5,Diffusion,Operating model = Diffusion
ln_kappa2,2.388424668188545,58,0.693147180559945,2.5,Diffusion,Operating model = Diffusion
beta[j1],-2.1097991518196513,58,0,0,Diffusion,Operating model = Diffusion
ln_kappa2,0.16899114778374297,58,0,0,Diffusion,Operating model = Diffusion
beta[j1],-2.206083888376486,58,0,5,Diffusion,Operating model = Diffusion
ln_kappa2,3.4316496513551007,58,0,5,Diffusion,Operating model = Diffusion
beta[j1],-2.0772946248570667,59,0,2.5,Diffusion,Operating model = Diffusion
ln_kappa2,2.693403848099809,59,0,2.5,Diffusion,Operating model = Diffusion
beta[j1],-2.4464603548905792,59,-2.30258509299405,2.5,Diffusion,Operating model = Diffusion
ln_kappa2,2.6016117481311496,59,-2.30258509299405,2.5,Diffusion,Operating model = Diffusion
beta[j1],-2.548069288991262,59,0.693147180559945,2.5,Diffusion,Operating model = Diffusion
ln_kappa2,2.5724803814612125,59,0.693147180559945,2.5,Diffusion,Operating model = Diffusion
beta[j1],-4.675172257910013,59,0,0,Diffusion,Operating model = Diffusion
ln_kappa2,-5.321640560243264,59,0,0,Diffusion,Operating model = Diffusion
beta[j1],-2.4313895016354676,59,0,5,Diffusion,Operating model = Diffusion
ln_kappa2,3.584437140439087,59,0,5,Diffusion,Operating model = Diffusion
beta[j1],-2.22187335958945,60,0,2.5,Diffusion,Operating model = Diffusion
ln_kappa2,2.649533336988868,60,0,2.5,Diffusion,Operating model = Diffusion
beta[j1],-2.2464196663086855,60,-2.30258509299405,2.5,Diffusion,Operating model = Diffusion
ln_kappa2,2.5389809935283103,60,-2.30258509299405,2.5,Diffusion,Operating model = Diffusion
beta[j1],-2.297114033085716,60,0.693147180559945,2.5,Diffusion,Operating model = Diffusion
ln_kappa2,2.4046630353861205,60,0.693147180559945,2.5,Diffusion,Operating model = Diffusion
beta[j1],-3.2453484547360802,60,0,0,Diffusion,Operating model = Diffusion
ln_kappa2,-2.4844186349921693,60,0,0,Diffusion,Operating model = Diffusion
beta[j1],-2.373116700372878,60,0,5,Diffusion,Operating model = Diffusion
ln_kappa2,7.512221851891293,60,0,5,Diffusion,Operating model = Diffusion
beta[j1],-2.325087709508594,61,0,2.5,Diffusion,Operating model = Diffusion
ln_kappa2,2.388000675609739,61,0,2.5,Diffusion,Operating model = Diffusion
beta[j1],-3.3517774449246436,61,-2.30258509299405,2.5,Diffusion,Operating model = Diffusion
ln_kappa2,1.7327487153579089,61,-2.30258509299405,2.5,Diffusion,Operating model = Diffusion
beta[j1],-1.9635924925613453,61,0.693147180559945,2.5,Diffusion,Operating model = Diffusion
ln_kappa2,2.4782847535606627,61,0.693147180559945,2.5,Diffusion,Operating model = Diffusion
beta[j1],-2.9168441387144877,61,0,0,Diffusion,Operating model = Diffusion
ln_kappa2,-0.08390667703697584,61,0,0,Diffusion,Operating model = Diffusion
beta[j1],-2.4492801672544786,61,0,5,Diffusion,Operating model = Diffusion
ln_kappa2,4.451572260708993,61,0,5,Diffusion,Operating model = Diffusion
beta[j1],-2.5373310759654903,62,0,2.5,Diffusion,Operating model = Diffusion
ln_kappa2,2.510280377194242,62,0,2.5,Diffusion,Operating model = Diffusion
beta[j1],-2.563253612943514,62,-2.30258509299405,2.5,Diffusion,Operating model = Diffusion
ln_kappa2,2.540127852787591,62,-2.30258509299405,2.5,Diffusion,Operating model = Diffusion
beta[j1],-2.3609207673995214,62,0.693147180559945,2.5,Diffusion,Operating model = Diffusion
ln_kappa2,2.7955385784004396,62,0.693147180559945,2.5,Diffusion,Operating model = Diffusion
beta[j1],-3.5983119831993045,62,0,0,Diffusion,Operating model = Diffusion
ln_kappa2,-5.209548596511567,62,0,0,Diffusion,Operating model = Diffusion
beta[j1],-2.3164259762570696,62,0,5,Diffusion,Operating model = Diffusion
ln_kappa2,4.620361620239493,62,0,5,Diffusion,Operating model = Diffusion
beta[j1],-2.5696194354733226,63,0,2.5,Diffusion,Operating model = Diffusion
ln_kappa2,2.488768939577208,63,0,2.5,Diffusion,Operating model = Diffusion
beta[j1],-2.1436024790521255,63,-2.30258509299405,2.5,Diffusion,Operating model = Diffusion
ln_kappa2,2.685181144806477,63,-2.30258509299405,2.5,Diffusion,Operating model = Diffusion
beta[j1],-2.346638528359243,63,0.693147180559945,2.5,Diffusion,Operating model = Diffusion
ln_kappa2,2.7839286928630727,63,0.693147180559945,2.5,Diffusion,Operating model = Diffusion
beta[j1],-2.3407660571173787,63,0,0,Diffusion,Operating model = Diffusion
ln_kappa2,-5.809863359414997,63,0,0,Diffusion,Operating model = Diffusion
beta[j1],-2.225437802744015,63,0,5,Diffusion,Operating model = Diffusion
ln_kappa2,8.186258571459597,63,0,5,Diffusion,Operating model = Diffusion
beta[j1],-2.4381182807327635,64,0,2.5,Diffusion,Operating model = Diffusion
ln_kappa2,2.717437033933437,64,0,2.5,Diffusion,Operating model = Diffusion
beta[j1],-2.7999388103323373,64,-2.30258509299405,2.5,Diffusion,Operating model = Diffusion
ln_kappa2,2.3080459138781357,64,-2.30258509299405,2.5,Diffusion,Operating model = Diffusion
beta[j1],-2.4293689300307877,64,0.693147180559945,2.5,Diffusion,Operating model = Diffusion
ln_kappa2,2.2940055842973477,64,0.693147180559945,2.5,Diffusion,Operating model = Diffusion
beta[j1],-3.7547937918956205,64,0,0,Diffusion,Operating model = Diffusion
ln_kappa2,-0.08709054027463169,64,0,0,Diffusion,Operating model = Diffusion
beta[j1],-2.073546276605255,64,0,5,Diffusion,Operating model = Diffusion
ln_kappa2,9.348718420218718,64,0,5,Diffusion,Operating model = Diffusion
beta[j1],-2.266824062268973,65,0,2.5,Diffusion,Operating model = Diffusion
ln_kappa2,2.498778606982724,65,0,2.5,Diffusion,Operating model = Diffusion
beta[j1],-2.300032925159131,65,-2.30258509299405,2.5,Diffusion,Operating model = Diffusion
ln_kappa2,2.515279648134262,65,-2.30258509299405,2.5,Diffusion,Operating model = Diffusion
beta[j1],-2.230594403755658,65,0.693147180559945,2.5,Diffusion,Operating model = Diffusion
ln_kappa2,2.653638119464272,65,0.693147180559945,2.5,Diffusion,Operating model = Diffusion
beta[j1],-0.3807176539123919,65,0,0,Diffusion,Operating model = Diffusion
ln_kappa2,1.4716349069433503,65,0,0,Diffusion,Operating model = Diffusion
beta[j1],-2.4264959876744356,65,0,5,Diffusion,Operating model = Diffusion
ln_kappa2,4.013967515867893,65,0,5,Diffusion,Operating model = Diffusion
beta[j1],-2.389371107922829,66,0,2.5,Diffusion,Operating model = Diffusion
ln_kappa2,2.3580037811390238,66,0,2.5,Diffusion,Operating model = Diffusion
beta[j1],-2.3783492851285715,66,-2.30258509299405,2.5,Diffusion,Operating model = Diffusion
ln_kappa2,2.5289633428888787,66,-2.30258509299405,2.5,Diffusion,Operating model = Diffusion
beta[j1],-2.5259745131456492,66,0.693147180559945,2.5,Diffusion,Operating model = Diffusion
ln_kappa2,2.2835674293005885,66,0.693147180559945,2.5,Diffusion,Operating model = Diffusion
beta[j1],-0.7837020036778322,66,0,0,Diffusion,Operating model = Diffusion
ln_kappa2,1.2121435276008914,66,0,0,Diffusion,Operating model = Diffusion
beta[j1],-2.298762288617289,66,0,5,Diffusion,Operating model = Diffusion
ln_kappa2,6.360360383539622,66,0,5,Diffusion,Operating model = Diffusion
beta[j1],-2.1623010362637247,67,0,2.5,Diffusion,Operating model = Diffusion
ln_kappa2,2.711630445389136,67,0,2.5,Diffusion,Operating model = Diffusion
beta[j1],-2.3467446074750846,67,-2.30258509299405,2.5,Diffusion,Operating model = Diffusion
ln_kappa2,2.6195240130859276,67,-2.30258509299405,2.5,Diffusion,Operating model = Diffusion
beta[j1],-2.5304496641421013,67,0.693147180559945,2.5,Diffusion,Operating model = Diffusion
ln_kappa2,2.421447837402717,67,0.693147180559945,2.5,Diffusion,Operating model = Diffusion
beta[j1],-2.2510200557084135,67,0,0,Diffusion,Operating model = Diffusion
ln_kappa2,0.03596648011435782,67,0,0,Diffusion,Operating model = Diffusion
beta[j1],-2.702263299735588,67,0,5,Diffusion,Operating model = Diffusion
ln_kappa2,2.5537601826047016,67,0,5,Diffusion,Operating model = Diffusion
beta[j1],-2.337155974967418,68,0,2.5,Diffusion,Operating model = Diffusion
ln_kappa2,2.540604642776001,68,0,2.5,Diffusion,Operating model = Diffusion
beta[j1],-2.433125258390391,68,-2.30258509299405,2.5,Diffusion,Operating model = Diffusion
ln_kappa2,2.4128874644793066,68,-2.30258509299405,2.5,Diffusion,Operating model = Diffusion
beta[j1],-2.327366711223943,68,0.693147180559945,2.5,Diffusion,Operating model = Diffusion
ln_kappa2,2.5536959949312887,68,0.693147180559945,2.5,Diffusion,Operating model = Diffusion
beta[j1],-1.1945284269665528,68,0,0,Diffusion,Operating model = Diffusion
ln_kappa2,0.6633055840985774,68,0,0,Diffusion,Operating model = Diffusion
beta[j1],-2.510424572368246,68,0,5,Diffusion,Operating model = Diffusion
ln_kappa2,4.126067026963365,68,0,5,Diffusion,Operating model = Diffusion
beta[j1],-2.348705266396901,69,0,2.5,Diffusion,Operating model = Diffusion
ln_kappa2,2.560911954433957,69,0,2.5,Diffusion,Operating model = Diffusion
beta[j1],-2.4031862372930144,69,-2.30258509299405,2.5,Diffusion,Operating model = Diffusion
ln_kappa2,2.5386365585340034,69,-2.30258509299405,2.5,Diffusion,Operating model = Diffusion
beta[j1],-2.1221040709343697,69,0.693147180559945,2.5,Diffusion,Operating model = Diffusion
ln_kappa2,2.6222995004812617,69,0.693147180559945,2.5,Diffusion,Operating model = Diffusion
beta[j1],-3.686464292213161,69,0,0,Diffusion,Operating model = Diffusion
ln_kappa2,-1.5045083232844414,69,0,0,Diffusion,Operating model = Diffusion
beta[j1],-2.2268518898532284,69,0,5,Diffusion,Operating model = Diffusion
ln_kappa2,7.951239878453417,69,0,5,Diffusion,Operating model = Diffusion
beta[j1],-1.9890626920354557,70,0,2.5,Diffusion,Operating model = Diffusion
ln_kappa2,2.997220144711727,70,0,2.5,Diffusion,Operating model = Diffusion
beta[j1],-2.372889317094155,70,-2.30258509299405,2.5,Diffusion,Operating model = Diffusion
ln_kappa2,2.78304653189192,70,-2.30258509299405,2.5,Diffusion,Operating model = Diffusion
beta[j1],-1.91377086243657,70,0.693147180559945,2.5,Diffusion,Operating model = Diffusion
ln_kappa2,2.872863845317314,70,0.693147180559945,2.5,Diffusion,Operating model = Diffusion
beta[j1],-4.176007971971375,70,0,0,Diffusion,Operating model = Diffusion
ln_kappa2,-5.200517294714551,70,0,0,Diffusion,Operating model = Diffusion
beta[j1],-2.5243682282620648,70,0,5,Diffusion,Operating model = Diffusion
ln_kappa2,7.716004551591753,70,0,5,Diffusion,Operating model = Diffusion
beta[j1],-2.504792897275046,71,0,2.5,Diffusion,Operating model = Diffusion
ln_kappa2,2.4793951157534644,71,0,2.5,Diffusion,Operating model = Diffusion
beta[j1],-3.1538600657569886,71,-2.30258509299405,2.5,Diffusion,Operating model = Diffusion
ln_kappa2,2.0844972954003933,71,-2.30258509299405,2.5,Diffusion,Operating model = Diffusion
beta[j1],-2.3034700787084703,71,0.693147180559945,2.5,Diffusion,Operating model = Diffusion
ln_kappa2,2.868851260123105,71,0.693147180559945,2.5,Diffusion,Operating model = Diffusion
beta[j1],-4.709123139190713,71,0,0,Diffusion,Operating model = Diffusion
ln_kappa2,-6.2736134942052715,71,0,0,Diffusion,Operating model = Diffusion
beta[j1],-2.3029058265941296,71,0,5,Diffusion,Operating model = Diffusion
ln_kappa2,4.082985318573157,71,0,5,Diffusion,Operating model = Diffusion
beta[j1],-2.733066295912745,72,0,2.5,Diffusion,Operating model = Diffusion
ln_kappa2,2.4509727513192137,72,0,2.5,Diffusion,Operating model = Diffusion
beta[j1],-2.4425920789967632,72,-2.30258509299405,2.5,Diffusion,Operating model = Diffusion
ln_kappa2,2.5321517944569476,72,-2.30258509299405,2.5,Diffusion,Operating model = Diffusion
beta[j1],-2.965250546807785,72,0.693147180559945,2.5,Diffusion,Operating model = Diffusion
ln_kappa2,2.371048128217181,72,0.693147180559945,2.5,Diffusion,Operating model = Diffusion
beta[j1],-2.2038348158072742,72,0,0,Diffusion,Operating model = Diffusion
ln_kappa2,-0.13116016382877546,72,0,0,Diffusion,Operating model = Diffusion
beta[j1],-2.2463564363932402,72,0,5,Diffusion,Operating model = Diffusion
ln_kappa2,3.497704868481814,72,0,5,Diffusion,Operating model = Diffusion
beta[j1],-2.559453393129244,73,0,2.5,Diffusion,Operating model = Diffusion
ln_kappa2,2.514856917975983,73,0,2.5,Diffusion,Operating model = Diffusion
beta[j1],-2.450422653609054,73,-2.30258509299405,2.5,Diffusion,Operating model = Diffusion
ln_kappa2,2.4714118075497633,73,-2.30258509299405,2.5,Diffusion,Operating model = Diffusion
beta[j1],-2.4112816798872885,73,0.693147180559945,2.5,Diffusion,Operating model = Diffusion
ln_kappa2,2.5405969094933805,73,0.693147180559945,2.5,Diffusion,Operating model = Diffusion
beta[j1],-1.5024861769970985,73,0,0,Diffusion,Operating model = Diffusion
ln_kappa2,0.39151448077107476,73,0,0,Diffusion,Operating model = Diffusion
beta[j1],-2.213854401065988,73,0,5,Diffusion,Operating model = Diffusion
ln_kappa2,8.383041429954222,73,0,5,Diffusion,Operating model = Diffusion
beta[j1],-2.3705849734606796,74,0,2.5,Diffusion,Operating model = Diffusion
ln_kappa2,2.527892588376762,74,0,2.5,Diffusion,Operating model = Diffusion
beta[j1],-2.1462552181579904,74,-2.30258509299405,2.5,Diffusion,Operating model = Diffusion
ln_kappa2,2.7204415436446605,74,-2.30258509299405,2.5,Diffusion,Operating model = Diffusion
beta[j1],-2.0156437031062207,74,0.693147180559945,2.5,Diffusion,Operating model = Diffusion
ln_kappa2,2.6647796229581138,74,0.693147180559945,2.5,Diffusion,Operating model = Diffusion
beta[j1],-3.6897239654979432,74,0,0,Diffusion,Operating model = Diffusion
ln_kappa2,-1.0162827847712144,74,0,0,Diffusion,Operating model = Diffusion
beta[j1],-2.033051660025083,74,0,5,Diffusion,Operating model = Diffusion
ln_kappa2,7.275043889681912,74,0,5,Diffusion,Operating model = Diffusion
beta[j1],-2.320844167457706,75,0,2.5,Diffusion,Operating model = Diffusion
ln_kappa2,2.7932002801370603,75,0,2.5,Diffusion,Operating model = Diffusion
beta[j1],-2.5104455928444516,75,-2.30258509299405,2.5,Diffusion,Operating model = Diffusion
ln_kappa2,2.6579997474048587,75,-2.30258509299405,2.5,Diffusion,Operating model = Diffusion
beta[j1],-2.880821990118329,75,0.693147180559945,2.5,Diffusion,Operating model = Diffusion
ln_kappa2,2.416895624885426,75,0.693147180559945,2.5,Diffusion,Operating model = Diffusion
beta[j1],-2.796660645058138,75,0,0,Diffusion,Operating model = Diffusion
ln_kappa2,0.36199397464439353,75,0,0,Diffusion,Operating model = Diffusion
beta[j1],-2.1219100272980125,75,0,5,Diffusion,Operating model = Diffusion
ln_kappa2,3.963253145864352,75,0,5,Diffusion,Operating model = Diffusion
beta[j1],-2.3948800565614343,76,0,2.5,Diffusion,Operating model = Diffusion
ln_kappa2,2.5190447544319405,76,0,2.5,Diffusion,Operating model = Diffusion
beta[j1],-2.6542618109254987,76,-2.30258509299405,2.5,Diffusion,Operating model = Diffusion
ln_kappa2,2.4366721250296695,76,-2.30258509299405,2.5,Diffusion,Operating model = Diffusion
beta[j1],-1.9749993582910723,76,0.693147180559945,2.5,Diffusion,Operating model = Diffusion
ln_kappa2,2.6395365743113866,76,0.693147180559945,2.5,Diffusion,Operating model = Diffusion
beta[j1],-5.8248387987138095,76,0,0,Diffusion,Operating model = Diffusion
ln_kappa2,-1.3396870773566267,76,0,0,Diffusion,Operating model = Diffusion
beta[j1],-2.478125983643074,76,0,5,Diffusion,Operating model = Diffusion
ln_kappa2,4.097036216625398,76,0,5,Diffusion,Operating model = Diffusion
beta[j1],-2.1912817163091005,77,0,2.5,Diffusion,Operating model = Diffusion
ln_kappa2,2.8794085026792375,77,0,2.5,Diffusion,Operating model = Diffusion
beta[j1],-2.378459596739912,77,-2.30258509299405,2.5,Diffusion,Operating model = Diffusion
ln_kappa2,2.432692754692193,77,-2.30258509299405,2.5,Diffusion,Operating model = Diffusion
beta[j1],-2.1860242356603505,77,0.693147180559945,2.5,Diffusion,Operating model = Diffusion
ln_kappa2,2.503501195014179,77,0.693147180559945,2.5,Diffusion,Operating model = Diffusion
beta[j1],-0.7678863697313092,77,0,0,Diffusion,Operating model = Diffusion
ln_kappa2,1.2356560395311553,77,0,0,Diffusion,Operating model = Diffusion
beta[j1],-2.454397168553241,77,0,5,Diffusion,Operating model = Diffusion
ln_kappa2,3.6723157234802155,77,0,5,Diffusion,Operating model = Diffusion
beta[j1],-2.734201855698688,78,0,2.5,Diffusion,Operating model = Diffusion
ln_kappa2,2.226910165377571,78,0,2.5,Diffusion,Operating model = Diffusion
beta[j1],-2.6085633981929277,78,-2.30258509299405,2.5,Diffusion,Operating model = Diffusion
ln_kappa2,2.4433651535053347,78,-2.30258509299405,2.5,Diffusion,Operating model = Diffusion
beta[j1],-3.1360163044421716,78,0.693147180559945,2.5,Diffusion,Operating model = Diffusion
ln_kappa2,2.169535534806626,78,0.693147180559945,2.5,Diffusion,Operating model = Diffusion
beta[j1],-1.3163138629758617,78,0,0,Diffusion,Operating model = Diffusion
ln_kappa2,1.447042529135689,78,0,0,Diffusion,Operating model = Diffusion
beta[j1],-2.585969610075101,78,0,5,Diffusion,Operating model = Diffusion
ln_kappa2,4.145091499015292,78,0,5,Diffusion,Operating model = Diffusion
beta[j1],-2.256684565880434,79,0,2.5,Diffusion,Operating model = Diffusion
ln_kappa2,2.2482427221715566,79,0,2.5,Diffusion,Operating model = Diffusion
beta[j1],-2.5838401762170706,79,-2.30258509299405,2.5,Diffusion,Operating model = Diffusion
ln_kappa2,2.530022918096561,79,-2.30258509299405,2.5,Diffusion,Operating model = Diffusion
beta[j1],-2.523189374503957,79,0.693147180559945,2.5,Diffusion,Operating model = Diffusion
ln_kappa2,2.31630713511127,79,0.693147180559945,2.5,Diffusion,Operating model = Diffusion
beta[j1],-4.542742868705928,79,0,0,Diffusion,Operating model = Diffusion
ln_kappa2,-1.7570528081862102,79,0,0,Diffusion,Operating model = Diffusion
beta[j1],-2.0958751359611862,79,0,5,Diffusion,Operating model = Diffusion
ln_kappa2,7.40531849171028,79,0,5,Diffusion,Operating model = Diffusion
beta[j1],-2.2592949410867402,80,0,2.5,Diffusion,Operating model = Diffusion
ln_kappa2,2.6760527190279273,80,0,2.5,Diffusion,Operating model = Diffusion
beta[j1],-2.3970880783951984,80,-2.30258509299405,2.5,Diffusion,Operating model = Diffusion
ln_kappa2,2.4202302246418794,80,-2.30258509299405,2.5,Diffusion,Operating model = Diffusion
beta[j1],-2.4353415525522437,80,0.693147180559945,2.5,Diffusion,Operating model = Diffusion
ln_kappa2,2.510450707638717,80,0.693147180559945,2.5,Diffusion,Operating model = Diffusion
beta[j1],-1.9580010639557022,80,0,0,Diffusion,Operating model = Diffusion
ln_kappa2,0.7372682712270406,80,0,0,Diffusion,Operating model = Diffusion
beta[j1],-2.3783420496928294,80,0,5,Diffusion,Operating model = Diffusion
ln_kappa2,8.976323086163399,80,0,5,Diffusion,Operating model = Diffusion
beta[j1],-1.909120493955024,81,0,2.5,Diffusion,Operating model = Diffusion
ln_kappa2,2.7338533742939553,81,0,2.5,Diffusion,Operating model = Diffusion
beta[j1],-2.3411855086541857,81,-2.30258509299405,2.5,Diffusion,Operating model = Diffusion
ln_kappa2,2.543137475561765,81,-2.30258509299405,2.5,Diffusion,Operating model = Diffusion
beta[j1],-1.82299025287717,81,0.693147180559945,2.5,Diffusion,Operating model = Diffusion
ln_kappa2,2.781656157369134,81,0.693147180559945,2.5,Diffusion,Operating model = Diffusion
beta[j1],-4.246888791847601,81,0,0,Diffusion,Operating model = Diffusion
ln_kappa2,-0.11187104040756517,81,0,0,Diffusion,Operating model = Diffusion
beta[j1],-2.396428538294527,81,0,5,Diffusion,Operating model = Diffusion
ln_kappa2,7.0393567557729915,81,0,5,Diffusion,Operating model = Diffusion
beta[j1],-2.0110998530136452,82,0,2.5,Diffusion,Operating model = Diffusion
ln_kappa2,2.7536202865986836,82,0,2.5,Diffusion,Operating model = Diffusion
beta[j1],-2.1224197430074465,82,-2.30258509299405,2.5,Diffusion,Operating model = Diffusion
ln_kappa2,2.3798819388682513,82,-2.30258509299405,2.5,Diffusion,Operating model = Diffusion
beta[j1],-2.591591964353582,82,0.693147180559945,2.5,Diffusion,Operating model = Diffusion
ln_kappa2,2.521916465749987,82,0.693147180559945,2.5,Diffusion,Operating model = Diffusion
beta[j1],-2.3578324551455907,82,0,0,Diffusion,Operating model = Diffusion
ln_kappa2,0.33185048093474073,82,0,0,Diffusion,Operating model = Diffusion
beta[j1],-2.6655192905879974,82,0,5,Diffusion,Operating model = Diffusion
ln_kappa2,7.89432553427328,82,0,5,Diffusion,Operating model = Diffusion
beta[j1],-2.3749727609013993,83,0,2.5,Diffusion,Operating model = Diffusion
ln_kappa2,2.3016274053100503,83,0,2.5,Diffusion,Operating model = Diffusion
beta[j1],-2.392229128293653,83,-2.30258509299405,2.5,Diffusion,Operating model = Diffusion
ln_kappa2,2.550132073776072,83,-2.30258509299405,2.5,Diffusion,Operating model = Diffusion
beta[j1],-2.112310074337022,83,0.693147180559945,2.5,Diffusion,Operating model = Diffusion
ln_kappa2,2.6094802517009272,83,0.693147180559945,2.5,Diffusion,Operating model = Diffusion
beta[j1],-0.6168021435380777,83,0,0,Diffusion,Operating model = Diffusion
ln_kappa2,1.0210078837077627,83,0,0,Diffusion,Operating model = Diffusion
beta[j1],-2.478460960873486,83,0,5,Diffusion,Operating model = Diffusion
ln_kappa2,3.337099766422426,83,0,5,Diffusion,Operating model = Diffusion
beta[j1],-2.4196487380654346,84,0,2.5,Diffusion,Operating model = Diffusion
ln_kappa2,2.5691233866304573,84,0,2.5,Diffusion,Operating model = Diffusion
beta[j1],-2.6686807380396944,84,-2.30258509299405,2.5,Diffusion,Operating model = Diffusion
ln_kappa2,2.3472088581379116,84,-2.30258509299405,2.5,Diffusion,Operating model = Diffusion
beta[j1],-2.470364917064654,84,0.693147180559945,2.5,Diffusion,Operating model = Diffusion
ln_kappa2,2.505362143380779,84,0.693147180559945,2.5,Diffusion,Operating model = Diffusion
beta[j1],-3.255666729895367,84,0,0,Diffusion,Operating model = Diffusion
ln_kappa2,-0.1883038581972651,84,0,0,Diffusion,Operating model = Diffusion
beta[j1],-2.59173295731895,84,0,5,Diffusion,Operating model = Diffusion
ln_kappa2,8.71008388211689,84,0,5,Diffusion,Operating model = Diffusion
beta[j1],-2.160815634488569,85,0,2.5,Diffusion,Operating model = Diffusion
ln_kappa2,2.9628145816769327,85,0,2.5,Diffusion,Operating model = Diffusion
beta[j1],-2.478457379055527,85,-2.30258509299405,2.5,Diffusion,Operating model = Diffusion
ln_kappa2,2.37410775525161,85,-2.30258509299405,2.5,Diffusion,Operating model = Diffusion
beta[j1],-2.354600859523553,85,0.693147180559945,2.5,Diffusion,Operating model = Diffusion
ln_kappa2,2.5548336930124798,85,0.693147180559945,2.5,Diffusion,Operating model = Diffusion
beta[j1],-4.9426549425646344,85,0,0,Diffusion,Operating model = Diffusion
ln_kappa2,-6.03390342210826,85,0,0,Diffusion,Operating model = Diffusion
beta[j1],-2.7709603338187883,85,0,5,Diffusion,Operating model = Diffusion
ln_kappa2,8.373565426977722,85,0,5,Diffusion,Operating model = Diffusion
beta[j1],-2.5149114662036687,86,0,2.5,Diffusion,Operating model = Diffusion
ln_kappa2,3.070715053439158,86,0,2.5,Diffusion,Operating model = Diffusion
beta[j1],-2.67076240191199,86,-2.30258509299405,2.5,Diffusion,Operating model = Diffusion
ln_kappa2,2.522122422551727,86,-2.30258509299405,2.5,Diffusion,Operating model = Diffusion
beta[j1],-2.546031413676008,86,0.693147180559945,2.5,Diffusion,Operating model = Diffusion
ln_kappa2,2.2668071633367526,86,0.693147180559945,2.5,Diffusion,Operating model = Diffusion
beta[j1],-5.919971725874289,86,0,0,Diffusion,Operating model = Diffusion
ln_kappa2,-6.427544814443138,86,0,0,Diffusion,Operating model = Diffusion
beta[j1],-2.5224752942208983,86,0,5,Diffusion,Operating model = Diffusion
ln_kappa2,4.13057747635357,86,0,5,Diffusion,Operating model = Diffusion
beta[j1],-2.5301371846038885,87,0,2.5,Diffusion,Operating model = Diffusion
ln_kappa2,2.5121733277245806,87,0,2.5,Diffusion,Operating model = Diffusion
beta[j1],-2.812093305731918,87,-2.30258509299405,2.5,Diffusion,Operating model = Diffusion
ln_kappa2,2.7250268575315,87,-2.30258509299405,2.5,Diffusion,Operating model = Diffusion
beta[j1],-2.814985654058344,87,0.693147180559945,2.5,Diffusion,Operating model = Diffusion
ln_kappa2,2.297757309979091,87,0.693147180559945,2.5,Diffusion,Operating model = Diffusion
beta[j1],-2.349184249326943,87,0,0,Diffusion,Operating model = Diffusion
ln_kappa2,0.6663845302176868,87,0,0,Diffusion,Operating model = Diffusion
beta[j1],-2.3028618252392246,87,0,5,Diffusion,Operating model = Diffusion
ln_kappa2,7.066400321235633,87,0,5,Diffusion,Operating model = Diffusion
beta[j1],-2.6263934285705237,88,0,2.5,Diffusion,Operating model = Diffusion
ln_kappa2,2.2972204329785497,88,0,2.5,Diffusion,Operating model = Diffusion
beta[j1],-2.142242294525509,88,-2.30258509299405,2.5,Diffusion,Operating model = Diffusion
ln_kappa2,2.7386904887997083,88,-2.30258509299405,2.5,Diffusion,Operating model = Diffusion
beta[j1],-2.2820055875022076,88,0.693147180559945,2.5,Diffusion,Operating model = Diffusion
ln_kappa2,2.6910680903041935,88,0.693147180559945,2.5,Diffusion,Operating model = Diffusion
beta[j1],-1.7102704947588907,88,0,0,Diffusion,Operating model = Diffusion
ln_kappa2,0.6144858995279713,88,0,0,Diffusion,Operating model = Diffusion
beta[j1],-2.390195025442531,88,0,5,Diffusion,Operating model = Diffusion
ln_kappa2,6.9835867226892745,88,0,5,Diffusion,Operating model = Diffusion
beta[j1],-2.4102539088687323,89,0,2.5,Diffusion,Operating model = Diffusion
ln_kappa2,2.6722946666237193,89,0,2.5,Diffusion,Operating model = Diffusion
beta[j1],-2.3212825018357233,89,-2.30258509299405,2.5,Diffusion,Operating model = Diffusion
ln_kappa2,2.576056672294618,89,-2.30258509299405,2.5,Diffusion,Operating model = Diffusion
beta[j1],-2.823862309326816,89,0.693147180559945,2.5,Diffusion,Operating model = Diffusion
ln_kappa2,3.239348525071983,89,0.693147180559945,2.5,Diffusion,Operating model = Diffusion
beta[j1],-0.36708113644784746,89,0,0,Diffusion,Operating model = Diffusion
ln_kappa2,1.9308722678123929,89,0,0,Diffusion,Operating model = Diffusion
beta[j1],-2.364120691702993,89,0,5,Diffusion,Operating model = Diffusion
ln_kappa2,4.25636738339433,89,0,5,Diffusion,Operating model = Diffusion
beta[j1],-3.1102495663034633,90,0,2.5,Diffusion,Operating model = Diffusion
ln_kappa2,3.1903751075458118,90,0,2.5,Diffusion,Operating model = Diffusion
beta[j1],-2.0805131220986537,90,-2.30258509299405,2.5,Diffusion,Operating model = Diffusion
ln_kappa2,3.000588204917533,90,-2.30258509299405,2.5,Diffusion,Operating model = Diffusion
beta[j1],-2.5288180970365333,90,0.693147180559945,2.5,Diffusion,Operating model = Diffusion
ln_kappa2,2.3615785749278198,90,0.693147180559945,2.5,Diffusion,Operating model = Diffusion
beta[j1],-0.4212924764501692,90,0,0,Diffusion,Operating model = Diffusion
ln_kappa2,1.6241831037738053,90,0,0,Diffusion,Operating model = Diffusion
beta[j1],-2.2750056288407996,90,0,5,Diffusion,Operating model = Diffusion
ln_kappa2,4.614632688317591,90,0,5,Diffusion,Operating model = Diffusion
beta[j1],-2.4756867924875623,91,0,2.5,Diffusion,Operating model = Diffusion
ln_kappa2,2.9814900681988585,91,0,2.5,Diffusion,Operating model = Diffusion
beta[j1],-2.6115325130339824,91,-2.30258509299405,2.5,Diffusion,Operating model = Diffusion
ln_kappa2,2.308383689977351,91,-2.30258509299405,2.5,Diffusion,Operating model = Diffusion
beta[j1],-2.5209687959290976,91,0.693147180559945,2.5,Diffusion,Operating model = Diffusion
ln_kappa2,2.281962117518231,91,0.693147180559945,2.5,Diffusion,Operating model = Diffusion
beta[j1],-3.8793642432636757,91,0,0,Diffusion,Operating model = Diffusion
ln_kappa2,0.0694481733071847,91,0,0,Diffusion,Operating model = Diffusion
beta[j1],-2.4989711516918414,91,0,5,Diffusion,Operating model = Diffusion
ln_kappa2,7.910687454424029,91,0,5,Diffusion,Operating model = Diffusion
beta[j1],-2.551784342532431,92,0,2.5,Diffusion,Operating model = Diffusion
ln_kappa2,2.4134224696813162,92,0,2.5,Diffusion,Operating model = Diffusion
beta[j1],-1.9977212308471632,92,-2.30258509299405,2.5,Diffusion,Operating model = Diffusion
ln_kappa2,2.764527757711837,92,-2.30258509299405,2.5,Diffusion,Operating model = Diffusion
beta[j1],-2.072524235884378,92,0.693147180559945,2.5,Diffusion,Operating model = Diffusion
ln_kappa2,2.7254018794237895,92,0.693147180559945,2.5,Diffusion,Operating model = Diffusion
beta[j1],-2.4685397959990567,92,0,0,Diffusion,Operating model = Diffusion
ln_kappa2,0.5302283801276183,92,0,0,Diffusion,Operating model = Diffusion
beta[j1],-2.2743890211693323,92,0,5,Diffusion,Operating model = Diffusion
ln_kappa2,5.205858038473399,92,0,5,Diffusion,Operating model = Diffusion
beta[j1],-2.187204241607087,93,0,2.5,Diffusion,Operating model = Diffusion
ln_kappa2,2.5397351790219798,93,0,2.5,Diffusion,Operating model = Diffusion
beta[j1],-1.8682084978856355,93,-2.30258509299405,2.5,Diffusion,Operating model = Diffusion
ln_kappa2,2.754536749234987,93,-2.30258509299405,2.5,Diffusion,Operating model = Diffusion
beta[j1],-2.130857121628962,93,0.693147180559945,2.5,Diffusion,Operating model = Diffusion
ln_kappa2,2.6060494487605297,93,0.693147180559945,2.5,Diffusion,Operating model = Diffusion
beta[j1],-3.2399374349509626,93,0,0,Diffusion,Operating model = Diffusion
ln_kappa2,-5.850804097051258,93,0,0,Diffusion,Operating model = Diffusion
beta[j1],-2.37673051543117,93,0,5,Diffusion,Operating model = Diffusion
ln_kappa2,4.206588139055261,93,0,5,Diffusion,Operating model = Diffusion
beta[j1],-2.3566390071954575,94,0,2.5,Diffusion,Operating model = Diffusion
ln_kappa2,2.1762418705258475,94,0,2.5,Diffusion,Operating model = Diffusion
beta[j1],-2.5335455152746316,94,-2.30258509299405,2.5,Diffusion,Operating model = Diffusion
ln_kappa2,2.7469188055276916,94,-2.30258509299405,2.5,Diffusion,Operating model = Diffusion
beta[j1],-2.556809401061669,94,0.693147180559945,2.5,Diffusion,Operating model = Diffusion
ln_kappa2,2.670641454804363,94,0.693147180559945,2.5,Diffusion,Operating model = Diffusion
beta[j1],-3.434213551504588,94,0,0,Diffusion,Operating model = Diffusion
ln_kappa2,-0.3122867819126018,94,0,0,Diffusion,Operating model = Diffusion
beta[j1],-2.827422551086654,94,0,5,Diffusion,Operating model = Diffusion
ln_kappa2,9.106850588762446,94,0,5,Diffusion,Operating model = Diffusion
beta[j1],-2.2598611206568684,95,0,2.5,Diffusion,Operating model = Diffusion
ln_kappa2,2.5943308591843097,95,0,2.5,Diffusion,Operating model = Diffusion
beta[j1],-2.5660643073002567,95,-2.30258509299405,2.5,Diffusion,Operating model = Diffusion
ln_kappa2,2.3678483666935795,95,-2.30258509299405,2.5,Diffusion,Operating model = Diffusion
beta[j1],-2.324725172070689,95,0.693147180559945,2.5,Diffusion,Operating model = Diffusion
ln_kappa2,2.333774730073642,95,0.693147180559945,2.5,Diffusion,Operating model = Diffusion
beta[j1],-3.066127758652135,95,0,0,Diffusion,Operating model = Diffusion
ln_kappa2,-4.6873908696951965,95,0,0,Diffusion,Operating model = Diffusion
beta[j1],-2.5181918753469916,95,0,5,Diffusion,Operating model = Diffusion
ln_kappa2,3.624502938320529,95,0,5,Diffusion,Operating model = Diffusion
beta[j1],-2.5665838573152198,96,0,2.5,Diffusion,Operating model = Diffusion
ln_kappa2,2.7272532975260058,96,0,2.5,Diffusion,Operating model = Diffusion
beta[j1],-2.598645033338005,96,-2.30258509299405,2.5,Diffusion,Operating model = Diffusion
ln_kappa2,2.3771280742981737,96,-2.30258509299405,2.5,Diffusion,Operating model = Diffusion
beta[j1],-2.5102332922258603,96,0.693147180559945,2.5,Diffusion,Operating model = Diffusion
ln_kappa2,2.3244508582754855,96,0.693147180559945,2.5,Diffusion,Operating model = Diffusion
beta[j1],-1.978345035643545,96,0,0,Diffusion,Operating model = Diffusion
ln_kappa2,0.5209614722188892,96,0,0,Diffusion,Operating model = Diffusion
beta[j1],-2.6333840632179846,96,0,5,Diffusion,Operating model = Diffusion
ln_kappa2,3.612901440933309,96,0,5,Diffusion,Operating model = Diffusion
beta[j1],-2.1418330756512995,97,0,2.5,Diffusion,Operating model = Diffusion
ln_kappa2,3.1333299526410987,97,0,2.5,Diffusion,Operating model = Diffusion
beta[j1],-2.5300160901761624,97,-2.30258509299405,2.5,Diffusion,Operating model = Diffusion
ln_kappa2,2.4621863131474595,97,-2.30258509299405,2.5,Diffusion,Operating model = Diffusion
beta[j1],-2.482351131508416,97,0.693147180559945,2.5,Diffusion,Operating model = Diffusion
ln_kappa2,2.3326948832498573,97,0.693147180559945,2.5,Diffusion,Operating model = Diffusion
beta[j1],-3.3197596622130034,97,0,0,Diffusion,Operating model = Diffusion
ln_kappa2,-0.1149487424908798,97,0,0,Diffusion,Operating model = Diffusion
beta[j1],-2.345108878434505,97,0,5,Diffusion,Operating model = Diffusion
ln_kappa2,4.241122167455523,97,0,5,Diffusion,Operating model = Diffusion
beta[j1],-2.5302107727851975,98,0,2.5,Diffusion,Operating model = Diffusion
ln_kappa2,2.5036405649113065,98,0,2.5,Diffusion,Operating model = Diffusion
beta[j1],-2.3089556440615677,98,-2.30258509299405,2.5,Diffusion,Operating model = Diffusion
ln_kappa2,2.4996672705398315,98,-2.30258509299405,2.5,Diffusion,Operating model = Diffusion
beta[j1],-2.6722646467229225,98,0.693147180559945,2.5,Diffusion,Operating model = Diffusion
ln_kappa2,2.292043048858444,98,0.693147180559945,2.5,Diffusion,Operating model = Diffusion
beta[j1],-2.956049929214524,98,0,0,Diffusion,Operating model = Diffusion
ln_kappa2,-0.05714922920223326,98,0,0,Diffusion,Operating model = Diffusion
beta[j1],-2.4586563225200506,98,0,5,Diffusion,Operating model = Diffusion
ln_kappa2,9.433167446379018,98,0,5,Diffusion,Operating model = Diffusion
beta[j1],-2.2585084752414804,99,0,2.5,Diffusion,Operating model = Diffusion
ln_kappa2,2.6028596239967468,99,0,2.5,Diffusion,Operating model = Diffusion
beta[j1],-2.4082897160728454,99,-2.30258509299405,2.5,Diffusion,Operating model = Diffusion
ln_kappa2,2.4624408785623024,99,-2.30258509299405,2.5,Diffusion,Operating model = Diffusion
beta[j1],-2.3241294782911206,99,0.693147180559945,2.5,Diffusion,Operating model = Diffusion
ln_kappa2,2.5021663195941546,99,0.693147180559945,2.5,Diffusion,Operating model = Diffusion
beta[j1],-2.954411862860098,99,0,0,Diffusion,Operating model = Diffusion
ln_kappa2,-5.7589624172852005,99,0,0,Diffusion,Operating model = Diffusion
beta[j1],-2.417110063380387,99,0,5,Diffusion,Operating model = Diffusion
ln_kappa2,7.113895833914959,99,0,5,Diffusion,Operating model = Diffusion
beta[j1],-2.280523481203721,100,0,2.5,Diffusion,Operating model = Diffusion
ln_kappa2,2.611575182087728,100,0,2.5,Diffusion,Operating model = Diffusion
beta[j1],-2.56802940823533,100,-2.30258509299405,2.5,Diffusion,Operating model = Diffusion
ln_kappa2,2.3304549281489795,100,-2.30258509299405,2.5,Diffusion,Operating model = Diffusion
beta[j1],-2.622100013596095,100,0.693147180559945,2.5,Diffusion,Operating model = Diffusion
ln_kappa2,2.3864826530211904,100,0.693147180559945,2.5,Diffusion,Operating model = Diffusion
beta[j1],-4.188192610670489,100,0,0,Diffusion,Operating model = Diffusion
ln_kappa2,-2.553357320102537,100,0,0,Diffusion,Operating model = Diffusion
beta[j1],-2.5361429786449614,100,0,5,Diffusion,Operating model = Diffusion
ln_kappa2,6.618196528711534,100,0,5,Diffusion,Operating model = Diffusion
beta[j1],-2.517497002195723,101,0,2.5,Diffusion,Operating model = Diffusion
ln_kappa2,2.4173675810409887,101,0,2.5,Diffusion,Operating model = Diffusion
beta[j1],-2.3544053203865105,101,-2.30258509299405,2.5,Diffusion,Operating model = Diffusion
ln_kappa2,2.5418831735251226,101,-2.30258509299405,2.5,Diffusion,Operating model = Diffusion
beta[j1],-2.5298934799330297,101,0.693147180559945,2.5,Diffusion,Operating model = Diffusion
ln_kappa2,2.43675577626661,101,0.693147180559945,2.5,Diffusion,Operating model = Diffusion
beta[j1],-1.7008828796648463,101,0,0,Diffusion,Operating model = Diffusion
ln_kappa2,-5.860031475786269,101,0,0,Diffusion,Operating model = Diffusion
beta[j1],-2.410349228902011,101,0,5,Diffusion,Operating model = Diffusion
ln_kappa2,7.6647653282797785,101,0,5,Diffusion,Operating model = Diffusion
beta[j1],-2.581270049011277,102,0,2.5,Diffusion,Operating model = Diffusion
ln_kappa2,2.5025799359724994,102,0,2.5,Diffusion,Operating model = Diffusion
beta[j1],-2.2490757879123717,102,-2.30258509299405,2.5,Diffusion,Operating model = Diffusion
ln_kappa2,2.5459941123954444,102,-2.30258509299405,2.5,Diffusion,Operating model = Diffusion
beta[j1],-2.6395861278962967,102,0.693147180559945,2.5,Diffusion,Operating model = Diffusion
ln_kappa2,2.366768967911164,102,0.693147180559945,2.5,Diffusion,Operating model = Diffusion
beta[j1],-2.979537687057602,102,0,0,Diffusion,Operating model = Diffusion
ln_kappa2,-6.434448002176324,102,0,0,Diffusion,Operating model = Diffusion
beta[j1],-2.4415452839315925,102,0,5,Diffusion,Operating model = Diffusion
ln_kappa2,8.724482687512403,102,0,5,Diffusion,Operating model = Diffusion
beta[j1],-2.829181414240943,103,0,2.5,Diffusion,Operating model = Diffusion
ln_kappa2,2.3910226041568725,103,0,2.5,Diffusion,Operating model = Diffusion
beta[j1],-2.478442424557996,103,-2.30258509299405,2.5,Diffusion,Operating model = Diffusion
ln_kappa2,2.4422737048829664,103,-2.30258509299405,2.5,Diffusion,Operating model = Diffusion
beta[j1],-2.3167477787748227,103,0.693147180559945,2.5,Diffusion,Operating model = Diffusion
ln_kappa2,2.6175655880540565,103,0.693147180559945,2.5,Diffusion,Operating model = Diffusion
beta[j1],-4.772060311767032,103,0,0,Diffusion,Operating model = Diffusion
ln_kappa2,-5.956288733685048,103,0,0,Diffusion,Operating model = Diffusion
beta[j1],-2.3642281678770507,103,0,5,Diffusion,Operating model = Diffusion
ln_kappa2,3.363370875078416,103,0,5,Diffusion,Operating model = Diffusion
beta[j1],-2.5121901758028597,104,0,2.5,Diffusion,Operating model = Diffusion
ln_kappa2,2.447735692665658,104,0,2.5,Diffusion,Operating model = Diffusion
beta[j1],-2.4208443629401915,104,-2.30258509299405,2.5,Diffusion,Operating model = Diffusion
ln_kappa2,2.3683629176338226,104,-2.30258509299405,2.5,Diffusion,Operating model = Diffusion
beta[j1],-2.4801428154843257,104,0.693147180559945,2.5,Diffusion,Operating model = Diffusion
ln_kappa2,2.2672224480692535,104,0.693147180559945,2.5,Diffusion,Operating model = Diffusion
beta[j1],-2.045042313492827,104,0,0,Diffusion,Operating model = Diffusion
ln_kappa2,0.07553841147006685,104,0,0,Diffusion,Operating model = Diffusion
beta[j1],-2.422477023656143,104,0,5,Diffusion,Operating model = Diffusion
ln_kappa2,9.181587312443005,104,0,5,Diffusion,Operating model = Diffusion
beta[j1],-2.172828203140563,105,0,2.5,Diffusion,Operating model = Diffusion
ln_kappa2,2.846040222507292,105,0,2.5,Diffusion,Operating model = Diffusion
beta[j1],-2.2984036356403514,105,-2.30258509299405,2.5,Diffusion,Operating model = Diffusion
ln_kappa2,2.508456843741823,105,-2.30258509299405,2.5,Diffusion,Operating model = Diffusion
beta[j1],-2.308264307895804,105,0.693147180559945,2.5,Diffusion,Operating model = Diffusion
ln_kappa2,2.7391601133712085,105,0.693147180559945,2.5,Diffusion,Operating model = Diffusion
beta[j1],-3.240169270561322,105,0,0,Diffusion,Operating model = Diffusion
ln_kappa2,-0.8258259175561906,105,0,0,Diffusion,Operating model = Diffusion
beta[j1],-2.382969814511506,105,0,5,Diffusion,Operating model = Diffusion
ln_kappa2,7.159769922144209,105,0,5,Diffusion,Operating model = Diffusion
beta[j1],-1.9273410713361987,106,0,2.5,Diffusion,Operating model = Diffusion
ln_kappa2,2.7353009898076883,106,0,2.5,Diffusion,Operating model = Diffusion
beta[j1],-2.616219801777678,106,-2.30258509299405,2.5,Diffusion,Operating model = Diffusion
ln_kappa2,2.4861346075478203,106,-2.30258509299405,2.5,Diffusion,Operating model = Diffusion
beta[j1],-2.7867168172311114,106,0.693147180559945,2.5,Diffusion,Operating model = Diffusion
ln_kappa2,2.1987199392034773,106,0.693147180559945,2.5,Diffusion,Operating model = Diffusion
beta[j1],-0.8423952871973965,106,0,0,Diffusion,Operating model = Diffusion
ln_kappa2,1.076500303477685,106,0,0,Diffusion,Operating model = Diffusion
beta[j1],-2.944850384095787,106,0,5,Diffusion,Operating model = Diffusion
ln_kappa2,2.9301814395156387,106,0,5,Diffusion,Operating model = Diffusion
beta[j1],-2.5658773687980254,107,0,2.5,Diffusion,Operating model = Diffusion
ln_kappa2,2.276661527077565,107,0,2.5,Diffusion,Operating model = Diffusion
beta[j1],-2.07477517046551,107,-2.30258509299405,2.5,Diffusion,Operating model = Diffusion
ln_kappa2,2.7166398955196973,107,-2.30258509299405,2.5,Diffusion,Operating model = Diffusion
beta[j1],-3.3048232723309323,107,0.693147180559945,2.5,Diffusion,Operating model = Diffusion
ln_kappa2,2.0443697838415997,107,0.693147180559945,2.5,Diffusion,Operating model = Diffusion
beta[j1],-1.4907335830026611,107,0,0,Diffusion,Operating model = Diffusion
ln_kappa2,-5.859185699271503,107,0,0,Diffusion,Operating model = Diffusion
beta[j1],-2.4575751343126617,107,0,5,Diffusion,Operating model = Diffusion
ln_kappa2,4.513583731405434,107,0,5,Diffusion,Operating model = Diffusion
beta[j1],-2.771228955448267,108,0,2.5,Diffusion,Operating model = Diffusion
ln_kappa2,2.351139783237935,108,0,2.5,Diffusion,Operating model = Diffusion
beta[j1],-2.63755407799364,108,-2.30258509299405,2.5,Diffusion,Operating model = Diffusion
ln_kappa2,2.4788098194638377,108,-2.30258509299405,2.5,Diffusion,Operating model = Diffusion
beta[j1],-2.1418458897089057,108,0.693147180559945,2.5,Diffusion,Operating model = Diffusion
ln_kappa2,2.6299421461958077,108,0.693147180559945,2.5,Diffusion,Operating model = Diffusion
beta[j1],-1.641887392038119,108,0,0,Diffusion,Operating model = Diffusion
ln_kappa2,-0.008432665864291889,108,0,0,Diffusion,Operating model = Diffusion
beta[j1],-2.201808194760178,108,0,5,Diffusion,Operating model = Diffusion
ln_kappa2,7.941006171518615,108,0,5,Diffusion,Operating model = Diffusion
beta[j1],-2.6414931626036497,109,0,2.5,Diffusion,Operating model = Diffusion
ln_kappa2,2.9988221721008386,109,0,2.5,Diffusion,Operating model = Diffusion
beta[j1],-2.2951954302517406,109,-2.30258509299405,2.5,Diffusion,Operating model = Diffusion
ln_kappa2,2.5550404636636985,109,-2.30258509299405,2.5,Diffusion,Operating model = Diffusion
beta[j1],-2.5643146328046313,109,0.693147180559945,2.5,Diffusion,Operating model = Diffusion
ln_kappa2,2.6502868552780305,109,0.693147180559945,2.5,Diffusion,Operating model = Diffusion
beta[j1],-3.218897591139848,109,0,0,Diffusion,Operating model = Diffusion
ln_kappa2,-5.678801769255545,109,0,0,Diffusion,Operating model = Diffusion
beta[j1],-2.3781343204800875,109,0,5,Diffusion,Operating model = Diffusion
ln_kappa2,4.025908392048556,109,0,5,Diffusion,Operating model = Diffusion
beta[j1],-2.076319169960181,110,0,2.5,Diffusion,Operating model = Diffusion
ln_kappa2,2.7595908110134673,110,0,2.5,Diffusion,Operating model = Diffusion
beta[j1],-2.388257726531872,110,-2.30258509299405,2.5,Diffusion,Operating model = Diffusion
ln_kappa2,2.4384962254432425,110,-2.30258509299405,2.5,Diffusion,Operating model = Diffusion
beta[j1],-2.6468232949404635,110,0.693147180559945,2.5,Diffusion,Operating model = Diffusion
ln_kappa2,2.5565319733978136,110,0.693147180559945,2.5,Diffusion,Operating model = Diffusion
beta[j1],-1.807630863523135,110,0,0,Diffusion,Operating model = Diffusion
ln_kappa2,-1.9811264646095004,110,0,0,Diffusion,Operating model = Diffusion
beta[j1],-2.4791276839836236,110,0,5,Diffusion,Operating model = Diffusion
ln_kappa2,2.9790222401259174,110,0,5,Diffusion,Operating model = Diffusion
beta[j1],-2.308588271302868,111,0,2.5,Diffusion,Operating model = Diffusion
ln_kappa2,2.561956283004394,111,0,2.5,Diffusion,Operating model = Diffusion
beta[j1],-2.576082858303544,111,-2.30258509299405,2.5,Diffusion,Operating model = Diffusion
ln_kappa2,2.3597301744975576,111,-2.30258509299405,2.5,Diffusion,Operating model = Diffusion
beta[j1],-2.5487170317374535,111,0.693147180559945,2.5,Diffusion,Operating model = Diffusion
ln_kappa2,2.4090126994977146,111,0.693147180559945,2.5,Diffusion,Operating model = Diffusion
beta[j1],-1.8715433204965453,111,0,0,Diffusion,Operating model = Diffusion
ln_kappa2,0.3120229013534865,111,0,0,Diffusion,Operating model = Diffusion
beta[j1],-2.2942785432604715,111,0,5,Diffusion,Operating model = Diffusion
ln_kappa2,2.778831082941942,111,0,5,Diffusion,Operating model = Diffusion
beta[j1],-2.218676562827614,112,0,2.5,Diffusion,Operating model = Diffusion
ln_kappa2,2.530847863562824,112,0,2.5,Diffusion,Operating model = Diffusion
beta[j1],-2.749822717510589,112,-2.30258509299405,2.5,Diffusion,Operating model = Diffusion
ln_kappa2,2.125612990945333,112,-2.30258509299405,2.5,Diffusion,Operating model = Diffusion
beta[j1],-2.5074315242791325,112,0.693147180559945,2.5,Diffusion,Operating model = Diffusion
ln_kappa2,2.4121990373421416,112,0.693147180559945,2.5,Diffusion,Operating model = Diffusion
beta[j1],-0.07341043716125438,112,0,0,Diffusion,Operating model = Diffusion
ln_kappa2,7.83159574649057,112,0,0,Diffusion,Operating model = Diffusion
beta[j1],-2.666448841014297,112,0,5,Diffusion,Operating model = Diffusion
ln_kappa2,7.609801991290169,112,0,5,Diffusion,Operating model = Diffusion
beta[j1],-2.536819894932726,113,0,2.5,Diffusion,Operating model = Diffusion
ln_kappa2,2.449089855532184,113,0,2.5,Diffusion,Operating model = Diffusion
beta[j1],-2.3802062425760204,113,-2.30258509299405,2.5,Diffusion,Operating model = Diffusion
ln_kappa2,2.5458368823798456,113,-2.30258509299405,2.5,Diffusion,Operating model = Diffusion
beta[j1],-2.5941642914443768,113,0.693147180559945,2.5,Diffusion,Operating model = Diffusion
ln_kappa2,2.550151649362894,113,0.693147180559945,2.5,Diffusion,Operating model = Diffusion
beta[j1],-1.0002261175917029,113,0,0,Diffusion,Operating model = Diffusion
ln_kappa2,1.2377868024266698,113,0,0,Diffusion,Operating model = Diffusion
beta[j1],-2.4507897191877355,113,0,5,Diffusion,Operating model = Diffusion
ln_kappa2,4.425634325537388,113,0,5,Diffusion,Operating model = Diffusion
beta[j1],-2.4701067071009573,114,0,2.5,Diffusion,Operating model = Diffusion
ln_kappa2,2.391025233337034,114,0,2.5,Diffusion,Operating model = Diffusion
beta[j1],-2.951855802933184,114,-2.30258509299405,2.5,Diffusion,Operating model = Diffusion
ln_kappa2,2.433818546137769,114,-2.30258509299405,2.5,Diffusion,Operating model = Diffusion
beta[j1],-2.309489899098075,114,0.693147180559945,2.5,Diffusion,Operating model = Diffusion
ln_kappa2,2.5035048881242385,114,0.693147180559945,2.5,Diffusion,Operating model = Diffusion
beta[j1],-2.0629727431112697,114,0,0,Diffusion,Operating model = Diffusion
ln_kappa2,-0.38932537443347326,114,0,0,Diffusion,Operating model = Diffusion
beta[j1],-2.5096886519770667,114,0,5,Diffusion,Operating model = Diffusion
ln_kappa2,7.369028356599454,114,0,5,Diffusion,Operating model = Diffusion
beta[j1],-2.4095283114137205,115,0,2.5,Diffusion,Operating model = Diffusion
ln_kappa2,2.5099275043673868,115,0,2.5,Diffusion,Operating model = Diffusion
beta[j1],-2.3144860904299525,115,-2.30258509299405,2.5,Diffusion,Operating model = Diffusion
ln_kappa2,2.4193177062385054,115,-2.30258509299405,2.5,Diffusion,Operating model = Diffusion
beta[j1],-2.3075525682289832,115,0.693147180559945,2.5,Diffusion,Operating model = Diffusion
ln_kappa2,1.726554546520143,115,0.693147180559945,2.5,Diffusion,Operating model = Diffusion
beta[j1],-4.605859960999039,115,0,0,Diffusion,Operating model = Diffusion
ln_kappa2,-0.6584022341663699,115,0,0,Diffusion,Operating model = Diffusion
beta[j1],-2.345929450519474,115,0,5,Diffusion,Operating model = Diffusion
ln_kappa2,7.940453263852523,115,0,5,Diffusion,Operating model = Diffusion
beta[j1],-2.3435270243617334,116,0,2.5,Diffusion,Operating model = Diffusion
ln_kappa2,2.497111095709278,116,0,2.5,Diffusion,Operating model = Diffusion
beta[j1],-2.514748415667843,116,-2.30258509299405,2.5,Diffusion,Operating model = Diffusion
ln_kappa2,2.4340664753544377,116,-2.30258509299405,2.5,Diffusion,Operating model = Diffusion
beta[j1],-1.9790405716000403,116,0.693147180559945,2.5,Diffusion,Operating model = Diffusion
ln_kappa2,2.882167401872199,116,0.693147180559945,2.5,Diffusion,Operating model = Diffusion
beta[j1],-5.276751478660582,116,0,0,Diffusion,Operating model = Diffusion
ln_kappa2,-6.266075616418053,116,0,0,Diffusion,Operating model = Diffusion
beta[j1],-2.4359562734774305,116,0,5,Diffusion,Operating model = Diffusion
ln_kappa2,7.165476628662937,116,0,5,Diffusion,Operating model = Diffusion
beta[j1],-2.61884259154926,117,0,2.5,Diffusion,Operating model = Diffusion
ln_kappa2,2.4545718132878718,117,0,2.5,Diffusion,Operating model = Diffusion
beta[j1],-2.436988133833815,117,-2.30258509299405,2.5,Diffusion,Operating model = Diffusion
ln_kappa2,2.4799959951527817,117,-2.30258509299405,2.5,Diffusion,Operating model = Diffusion
beta[j1],-2.4288322284864847,117,0.693147180559945,2.5,Diffusion,Operating model = Diffusion
ln_kappa2,2.460631370440496,117,0.693147180559945,2.5,Diffusion,Operating model = Diffusion
beta[j1],-3.3959333434371457,117,0,0,Diffusion,Operating model = Diffusion
ln_kappa2,-1.2250477602481624,117,0,0,Diffusion,Operating model = Diffusion
beta[j1],-2.65508942454275,117,0,5,Diffusion,Operating model = Diffusion
ln_kappa2,3.6470989807926193,117,0,5,Diffusion,Operating model = Diffusion
beta[j1],-2.8863510657961164,118,0,2.5,Diffusion,Operating model = Diffusion
ln_kappa2,2.4141947049014796,118,0,2.5,Diffusion,Operating model = Diffusion
beta[j1],-2.7710044510691914,118,-2.30258509299405,2.5,Diffusion,Operating model = Diffusion
ln_kappa2,2.4599624975333887,118,-2.30258509299405,2.5,Diffusion,Operating model = Diffusion
beta[j1],-2.078504024213583,118,0.693147180559945,2.5,Diffusion,Operating model = Diffusion
ln_kappa2,2.726674394227798,118,0.693147180559945,2.5,Diffusion,Operating model = Diffusion
beta[j1],-0.7908766678302225,118,0,0,Diffusion,Operating model = Diffusion
ln_kappa2,1.8846893692678588,118,0,0,Diffusion,Operating model = Diffusion
beta[j1],-2.2823056962079704,118,0,5,Diffusion,Operating model = Diffusion
ln_kappa2,11.466613711676066,118,0,5,Diffusion,Operating model = Diffusion
beta[j1],-2.490846632882624,119,0,2.5,Diffusion,Operating model = Diffusion
ln_kappa2,2.4427616539190073,119,0,2.5,Diffusion,Operating model = Diffusion
beta[j1],-2.3223591366217797,119,-2.30258509299405,2.5,Diffusion,Operating model = Diffusion
ln_kappa2,2.5153668607807664,119,-2.30258509299405,2.5,Diffusion,Operating model = Diffusion
beta[j1],-2.2960395660345925,119,0.693147180559945,2.5,Diffusion,Operating model = Diffusion
ln_kappa2,2.259287902991662,119,0.693147180559945,2.5,Diffusion,Operating model = Diffusion
beta[j1],-4.778757264643749,119,0,0,Diffusion,Operating model = Diffusion
ln_kappa2,-0.431134798100251,119,0,0,Diffusion,Operating model = Diffusion
beta[j1],-2.45407116763185,119,0,5,Diffusion,Operating model = Diffusion
ln_kappa2,7.863781066200226,119,0,5,Diffusion,Operating model = Diffusion
beta[j1],-2.0536112270291103,120,0,2.5,Diffusion,Operating model = Diffusion
ln_kappa2,2.7294736351344153,120,0,2.5,Diffusion,Operating model = Diffusion
beta[j1],-3.117187812159367,120,-2.30258509299405,2.5,Diffusion,Operating model = Diffusion
ln_kappa2,2.3160240898332516,120,-2.30258509299405,2.5,Diffusion,Operating model = Diffusion
beta[j1],-2.564560315886828,120,0.693147180559945,2.5,Diffusion,Operating model = Diffusion
ln_kappa2,2.413190700527906,120,0.693147180559945,2.5,Diffusion,Operating model = Diffusion
beta[j1],-0.9543900028817346,120,0,0,Diffusion,Operating model = Diffusion
ln_kappa2,1.0977432095740685,120,0,0,Diffusion,Operating model = Diffusion
beta[j1],-2.449106094653307,120,0,5,Diffusion,Operating model = Diffusion
ln_kappa2,7.813102594394192,120,0,5,Diffusion,Operating model = Diffusion
beta[j1],-2.492239758077873,121,0,2.5,Diffusion,Operating model = Diffusion
ln_kappa2,2.379477714541148,121,0,2.5,Diffusion,Operating model = Diffusion
beta[j1],-2.5566296524622576,121,-2.30258509299405,2.5,Diffusion,Operating model = Diffusion
ln_kappa2,2.3680891749741075,121,-2.30258509299405,2.5,Diffusion,Operating model = Diffusion
beta[j1],-2.797725133257398,121,0.693147180559945,2.5,Diffusion,Operating model = Diffusion
ln_kappa2,2.3690973851713197,121,0.693147180559945,2.5,Diffusion,Operating model = Diffusion
beta[j1],-3.364714426226847,121,0,0,Diffusion,Operating model = Diffusion
ln_kappa2,-5.238508899064168,121,0,0,Diffusion,Operating model = Diffusion
beta[j1],-2.5362635783957557,121,0,5,Diffusion,Operating model = Diffusion
ln_kappa2,4.068749993784161,121,0,5,Diffusion,Operating model = Diffusion
beta[j1],-2.91477953566947,122,0,2.5,Diffusion,Operating model = Diffusion
ln_kappa2,2.555921272645246,122,0,2.5,Diffusion,Operating model = Diffusion
beta[j1],-2.4011128998232216,122,-2.30258509299405,2.5,Diffusion,Operating model = Diffusion
ln_kappa2,2.54511595359948,122,-2.30258509299405,2.5,Diffusion,Operating model = Diffusion
beta[j1],-2.2615818062872353,122,0.693147180559945,2.5,Diffusion,Operating model = Diffusion
ln_kappa2,2.528208608403112,122,0.693147180559945,2.5,Diffusion,Operating model = Diffusion
beta[j1],-0.37441167842626993,122,0,0,Diffusion,Operating model = Diffusion
ln_kappa2,1.9377939923609246,122,0,0,Diffusion,Operating model = Diffusion
beta[j1],-2.2741222506661165,122,0,5,Diffusion,Operating model = Diffusion
ln_kappa2,3.2404544417728705,122,0,5,Diffusion,Operating model = Diffusion
beta[j1],-2.067159235928002,123,0,2.5,Diffusion,Operating model = Diffusion
ln_kappa2,2.602897745139058,123,0,2.5,Diffusion,Operating model = Diffusion
beta[j1],-2.347343074016784,123,-2.30258509299405,2.5,Diffusion,Operating model = Diffusion
ln_kappa2,2.5675005060642886,123,-2.30258509299405,2.5,Diffusion,Operating model = Diffusion
beta[j1],-2.502877795431761,123,0.693147180559945,2.5,Diffusion,Operating model = Diffusion
ln_kappa2,2.466850744183947,123,0.693147180559945,2.5,Diffusion,Operating model = Diffusion
beta[j1],-2.0660899560376067,123,0,0,Diffusion,Operating model = Diffusion
ln_kappa2,0.7558968443668262,123,0,0,Diffusion,Operating model = Diffusion
beta[j1],-2.4469427631513483,123,0,5,Diffusion,Operating model = Diffusion
ln_kappa2,8.659734427081807,123,0,5,Diffusion,Operating model = Diffusion
beta[j1],-2.768042088577358,124,0,2.5,Diffusion,Operating model = Diffusion
ln_kappa2,2.487844381733611,124,0,2.5,Diffusion,Operating model = Diffusion
beta[j1],-2.2302074324475574,124,-2.30258509299405,2.5,Diffusion,Operating model = Diffusion
ln_kappa2,2.705448215481191,124,-2.30258509299405,2.5,Diffusion,Operating model = Diffusion
beta[j1],-2.3417513490067345,124,0.693147180559945,2.5,Diffusion,Operating model = Diffusion
ln_kappa2,2.4059423747786393,124,0.693147180559945,2.5,Diffusion,Operating model = Diffusion
beta[j1],-1.4218139277676591,124,0,0,Diffusion,Operating model = Diffusion
ln_kappa2,0.8171929105645108,124,0,0,Diffusion,Operating model = Diffusion
beta[j1],-2.3414404112870515,124,0,5,Diffusion,Operating model = Diffusion
ln_kappa2,4.550434283855088,124,0,5,Diffusion,Operating model = Diffusion
beta[j1],-2.6413324009340475,125,0,2.5,Diffusion,Operating model = Diffusion
ln_kappa2,2.314862913935553,125,0,2.5,Diffusion,Operating model = Diffusion
beta[j1],-2.6434093321966454,125,-2.30258509299405,2.5,Diffusion,Operating model = Diffusion
ln_kappa2,2.3824506256701565,125,-2.30258509299405,2.5,Diffusion,Operating model = Diffusion
beta[j1],-2.2562477099192066,125,0.693147180559945,2.5,Diffusion,Operating model = Diffusion
ln_kappa2,2.8534465559838926,125,0.693147180559945,2.5,Diffusion,Operating model = Diffusion
beta[j1],-0.4871720390220418,125,0,0,Diffusion,Operating model = Diffusion
ln_kappa2,0.9948449235321861,125,0,0,Diffusion,Operating model = Diffusion
beta[j1],-2.65364184772682,125,0,5,Diffusion,Operating model = Diffusion
ln_kappa2,3.442832463009519,125,0,5,Diffusion,Operating model = Diffusion
beta[j1],-2.545154449081681,126,0,2.5,Diffusion,Operating model = Diffusion
ln_kappa2,2.4566761933795958,126,0,2.5,Diffusion,Operating model = Diffusion
beta[j1],-2.8944991701429865,126,-2.30258509299405,2.5,Diffusion,Operating model = Diffusion
ln_kappa2,2.482240113189506,126,-2.30258509299405,2.5,Diffusion,Operating model = Diffusion
beta[j1],-2.405105732753931,126,0.693147180559945,2.5,Diffusion,Operating model = Diffusion
ln_kappa2,2.498873894033293,126,0.693147180559945,2.5,Diffusion,Operating model = Diffusion
beta[j1],-0.29068131957224747,126,0,0,Diffusion,Operating model = Diffusion
ln_kappa2,2.2503094406787856,126,0,0,Diffusion,Operating model = Diffusion
beta[j1],-2.4549306525565653,126,0,5,Diffusion,Operating model = Diffusion
ln_kappa2,4.198710834091591,126,0,5,Diffusion,Operating model = Diffusion
beta[j1],-2.1470050729796757,127,0,2.5,Diffusion,Operating model = Diffusion
ln_kappa2,2.6617306724063843,127,0,2.5,Diffusion,Operating model = Diffusion
beta[j1],-2.74413155716858,127,-2.30258509299405,2.5,Diffusion,Operating model = Diffusion
ln_kappa2,2.4137613780678144,127,-2.30258509299405,2.5,Diffusion,Operating model = Diffusion
beta[j1],-2.3586462153554395,127,0.693147180559945,2.5,Diffusion,Operating model = Diffusion
ln_kappa2,2.640857717274557,127,0.693147180559945,2.5,Diffusion,Operating model = Diffusion
beta[j1],-1.78557325576356,127,0,0,Diffusion,Operating model = Diffusion
ln_kappa2,0.09382677403765176,127,0,0,Diffusion,Operating model = Diffusion
beta[j1],-2.3901304393700644,127,0,5,Diffusion,Operating model = Diffusion
ln_kappa2,7.367123323330003,127,0,5,Diffusion,Operating model = Diffusion
beta[j1],-2.6070052528127174,128,0,2.5,Diffusion,Operating model = Diffusion
ln_kappa2,2.254491625612186,128,0,2.5,Diffusion,Operating model = Diffusion
beta[j1],-2.3781595938340883,128,-2.30258509299405,2.5,Diffusion,Operating model = Diffusion
ln_kappa2,2.4548173123659494,128,-2.30258509299405,2.5,Diffusion,Operating model = Diffusion
beta[j1],-2.533840759491438,128,0.693147180559945,2.5,Diffusion,Operating model = Diffusion
ln_kappa2,2.453714329736893,128,0.693147180559945,2.5,Diffusion,Operating model = Diffusion
beta[j1],-0.36124281459836777,128,0,0,Diffusion,Operating model = Diffusion
ln_kappa2,8.66948777016131,128,0,0,Diffusion,Operating model = Diffusion
beta[j1],-2.24843351936835,128,0,5,Diffusion,Operating model = Diffusion
ln_kappa2,3.5717490517666324,128,0,5,Diffusion,Operating model = Diffusion
beta[j1],-2.32571551130094,129,0,2.5,Diffusion,Operating model = Diffusion
ln_kappa2,2.5789266986036496,129,0,2.5,Diffusion,Operating model = Diffusion
beta[j1],-2.19269642170063,129,-2.30258509299405,2.5,Diffusion,Operating model = Diffusion
ln_kappa2,2.602541185316084,129,-2.30258509299405,2.5,Diffusion,Operating model = Diffusion
beta[j1],-2.714690708385109,129,0.693147180559945,2.5,Diffusion,Operating model = Diffusion
ln_kappa2,2.296062845010479,129,0.693147180559945,2.5,Diffusion,Operating model = Diffusion
beta[j1],-3.8014820367743796,129,0,0,Diffusion,Operating model = Diffusion
ln_kappa2,-0.11345667234022393,129,0,0,Diffusion,Operating model = Diffusion
beta[j1],-2.171036943368927,129,0,5,Diffusion,Operating model = Diffusion
ln_kappa2,5.385555463434677,129,0,5,Diffusion,Operating model = Diffusion
beta[j1],-2.5237447708673852,130,0,2.5,Diffusion,Operating model = Diffusion
ln_kappa2,2.4990896561689087,130,0,2.5,Diffusion,Operating model = Diffusion
beta[j1],-2.5146318196629744,130,-2.30258509299405,2.5,Diffusion,Operating model = Diffusion
ln_kappa2,2.3845714721675266,130,-2.30258509299405,2.5,Diffusion,Operating model = Diffusion
beta[j1],-3.1396478476366374,130,0.693147180559945,2.5,Diffusion,Operating model = Diffusion
ln_kappa2,2.3056540895776876,130,0.693147180559945,2.5,Diffusion,Operating model = Diffusion
beta[j1],-2.9516576993399406,130,0,0,Diffusion,Operating model = Diffusion
ln_kappa2,0.05927706573130777,130,0,0,Diffusion,Operating model = Diffusion
beta[j1],-2.7472439286235555,130,0,5,Diffusion,Operating model = Diffusion
ln_kappa2,8.664200997329306,130,0,5,Diffusion,Operating model = Diffusion
beta[j1],-2.309503738681614,131,0,2.5,Diffusion,Operating model = Diffusion
ln_kappa2,2.5200002021939563,131,0,2.5,Diffusion,Operating model = Diffusion
beta[j1],-2.3576867302500566,131,-2.30258509299405,2.5,Diffusion,Operating model = Diffusion
ln_kappa2,2.470483069997824,131,-2.30258509299405,2.5,Diffusion,Operating model = Diffusion
beta[j1],-2.1375829144353804,131,0.693147180559945,2.5,Diffusion,Operating model = Diffusion
ln_kappa2,2.7279891149583144,131,0.693147180559945,2.5,Diffusion,Operating model = Diffusion
beta[j1],-3.5326445822855286,131,0,0,Diffusion,Operating model = Diffusion
ln_kappa2,-6.132474013321801,131,0,0,Diffusion,Operating model = Diffusion
beta[j1],-2.4217622438486757,131,0,5,Diffusion,Operating model = Diffusion
ln_kappa2,7.106561137496213,131,0,5,Diffusion,Operating model = Diffusion
beta[j1],-2.2977558173491905,132,0,2.5,Diffusion,Operating model = Diffusion
ln_kappa2,2.7023221842160283,132,0,2.5,Diffusion,Operating model = Diffusion
beta[j1],-2.2233203484795263,132,-2.30258509299405,2.5,Diffusion,Operating model = Diffusion
ln_kappa2,2.560209474004738,132,-2.30258509299405,2.5,Diffusion,Operating model = Diffusion
beta[j1],-2.3298671606179084,132,0.693147180559945,2.5,Diffusion,Operating model = Diffusion
ln_kappa2,2.749658355660187,132,0.693147180559945,2.5,Diffusion,Operating model = Diffusion
beta[j1],-3.94122771443293,132,0,0,Diffusion,Operating model = Diffusion
ln_kappa2,-6.266249967068424,132,0,0,Diffusion,Operating model = Diffusion
beta[j1],-2.644241962950349,132,0,5,Diffusion,Operating model = Diffusion
ln_kappa2,3.755333430675268,132,0,5,Diffusion,Operating model = Diffusion
beta[j1],-2.7719453631081046,133,0,2.5,Diffusion,Operating model = Diffusion
ln_kappa2,2.442549947723067,133,0,2.5,Diffusion,Operating model = Diffusion
beta[j1],-2.2308444053797767,133,-2.30258509299405,2.5,Diffusion,Operating model = Diffusion
ln_kappa2,2.651583554584879,133,-2.30258509299405,2.5,Diffusion,Operating model = Diffusion
beta[j1],-2.2887386074266094,133,0.693147180559945,2.5,Diffusion,Operating model = Diffusion
ln_kappa2,2.8710654022234356,133,0.693147180559945,2.5,Diffusion,Operating model = Diffusion
beta[j1],-4.0481998624857365,133,0,0,Diffusion,Operating model = Diffusion
ln_kappa2,-6.439601039589545,133,0,0,Diffusion,Operating model = Diffusion
beta[j1],-2.6033090237234178,133,0,5,Diffusion,Operating model = Diffusion
ln_kappa2,6.930151001576835,133,0,5,Diffusion,Operating model = Diffusion
beta[j1],-2.2474072649198704,134,0,2.5,Diffusion,Operating model = Diffusion
ln_kappa2,2.62159949333859,134,0,2.5,Diffusion,Operating model = Diffusion
beta[j1],-2.4663854761596773,134,-2.30258509299405,2.5,Diffusion,Operating model = Diffusion
ln_kappa2,2.540074078518104,134,-2.30258509299405,2.5,Diffusion,Operating model = Diffusion
beta[j1],-2.5224756645324393,134,0.693147180559945,2.5,Diffusion,Operating model = Diffusion
ln_kappa2,2.369897541393955,134,0.693147180559945,2.5,Diffusion,Operating model = Diffusion
beta[j1],-3.459000262743132,134,0,0,Diffusion,Operating model = Diffusion
ln_kappa2,-0.106126227244847,134,0,0,Diffusion,Operating model = Diffusion
beta[j1],-2.2724227917723985,134,0,5,Diffusion,Operating model = Diffusion
ln_kappa2,7.738026440372488,134,0,5,Diffusion,Operating model = Diffusion
beta[j1],-3.270255867651304,135,0,2.5,Diffusion,Operating model = Diffusion
ln_kappa2,2.031432960517208,135,0,2.5,Diffusion,Operating model = Diffusion
beta[j1],-2.3333935408425823,135,-2.30258509299405,2.5,Diffusion,Operating model = Diffusion
ln_kappa2,2.5085946348715447,135,-2.30258509299405,2.5,Diffusion,Operating model = Diffusion
beta[j1],-2.2393966980674054,135,0.693147180559945,2.5,Diffusion,Operating model = Diffusion
ln_kappa2,2.518851900305784,135,0.693147180559945,2.5,Diffusion,Operating model = Diffusion
beta[j1],-2.685255489839678,135,0,0,Diffusion,Operating model = Diffusion
ln_kappa2,0.02024505058873954,135,0,0,Diffusion,Operating model = Diffusion
beta[j1],-2.1277604067413565,135,0,5,Diffusion,Operating model = Diffusion
ln_kappa2,7.82691669877466,135,0,5,Diffusion,Operating model = Diffusion
beta[j1],-2.721126075783218,136,0,2.5,Diffusion,Operating model = Diffusion
ln_kappa2,2.4290261978962033,136,0,2.5,Diffusion,Operating model = Diffusion
beta[j1],-2.031016446571912,136,-2.30258509299405,2.5,Diffusion,Operating model = Diffusion
ln_kappa2,2.736180453658074,136,-2.30258509299405,2.5,Diffusion,Operating model = Diffusion
beta[j1],-2.674906020356344,136,0.693147180559945,2.5,Diffusion,Operating model = Diffusion
ln_kappa2,2.1012255004272333,136,0.693147180559945,2.5,Diffusion,Operating model = Diffusion
beta[j1],-5.477814250568254,136,0,0,Diffusion,Operating model = Diffusion
ln_kappa2,-6.102048247062771,136,0,0,Diffusion,Operating model = Diffusion
beta[j1],-2.081138283936096,136,0,5,Diffusion,Operating model = Diffusion
ln_kappa2,3.7423167872526544,136,0,5,Diffusion,Operating model = Diffusion
beta[j1],-3.0051228149808393,137,0,2.5,Diffusion,Operating model = Diffusion
ln_kappa2,2.2188996815503437,137,0,2.5,Diffusion,Operating model = Diffusion
beta[j1],-2.456371244815493,137,-2.30258509299405,2.5,Diffusion,Operating model = Diffusion
ln_kappa2,2.504245368109263,137,-2.30258509299405,2.5,Diffusion,Operating model = Diffusion
beta[j1],-2.273475149198361,137,0.693147180559945,2.5,Diffusion,Operating model = Diffusion
ln_kappa2,2.7373301373510817,137,0.693147180559945,2.5,Diffusion,Operating model = Diffusion
beta[j1],-2.1942234063878163,137,0,0,Diffusion,Operating model = Diffusion
ln_kappa2,0.4194490674520226,137,0,0,Diffusion,Operating model = Diffusion
beta[j1],-2.19917902542226,137,0,5,Diffusion,Operating model = Diffusion
ln_kappa2,7.368109732356375,137,0,5,Diffusion,Operating model = Diffusion
beta[j1],-2.1821578744581323,138,0,2.5,Diffusion,Operating model = Diffusion
ln_kappa2,2.7023905958334278,138,0,2.5,Diffusion,Operating model = Diffusion
beta[j1],-2.2292160775296366,138,-2.30258509299405,2.5,Diffusion,Operating model = Diffusion
ln_kappa2,2.5969684284598062,138,-2.30258509299405,2.5,Diffusion,Operating model = Diffusion
beta[j1],-2.3296069764466267,138,0.693147180559945,2.5,Diffusion,Operating model = Diffusion
ln_kappa2,2.3705563387690107,138,0.693147180559945,2.5,Diffusion,Operating model = Diffusion
beta[j1],-0.4034356473943236,138,0,0,Diffusion,Operating model = Diffusion
ln_kappa2,-5.37314918385302,138,0,0,Diffusion,Operating model = Diffusion
beta[j1],-2.301897352759912,138,0,5,Diffusion,Operating model = Diffusion
ln_kappa2,6.641016328333499,138,0,5,Diffusion,Operating model = Diffusion
beta[j1],-2.6392070589048453,139,0,2.5,Diffusion,Operating model = Diffusion
ln_kappa2,2.0055356836235396,139,0,2.5,Diffusion,Operating model = Diffusion
beta[j1],-2.313347598087033,139,-2.30258509299405,2.5,Diffusion,Operating model = Diffusion
ln_kappa2,2.5453688206717167,139,-2.30258509299405,2.5,Diffusion,Operating model = Diffusion
beta[j1],-2.3533405083300005,139,0.693147180559945,2.5,Diffusion,Operating model = Diffusion
ln_kappa2,2.435239821432758,139,0.693147180559945,2.5,Diffusion,Operating model = Diffusion
beta[j1],-0.2309804496048037,139,0,0,Diffusion,Operating model = Diffusion
ln_kappa2,2.2067330644148395,139,0,0,Diffusion,Operating model = Diffusion
beta[j1],-2.315982069104065,139,0,5,Diffusion,Operating model = Diffusion
ln_kappa2,5.840802400520606,139,0,5,Diffusion,Operating model = Diffusion
beta[j1],-2.416089706316385,140,0,2.5,Diffusion,Operating model = Diffusion
ln_kappa2,2.329946050032399,140,0,2.5,Diffusion,Operating model = Diffusion
beta[j1],-2.538148050108469,140,-2.30258509299405,2.5,Diffusion,Operating model = Diffusion
ln_kappa2,2.399641233059507,140,-2.30258509299405,2.5,Diffusion,Operating model = Diffusion
beta[j1],-2.931635466873949,140,0.693147180559945,2.5,Diffusion,Operating model = Diffusion
ln_kappa2,2.2401781631064317,140,0.693147180559945,2.5,Diffusion,Operating model = Diffusion
beta[j1],-1.499167887845985,140,0,0,Diffusion,Operating model = Diffusion
ln_kappa2,0.9102196948556067,140,0,0,Diffusion,Operating model = Diffusion
beta[j1],-2.1985381881443744,140,0,5,Diffusion,Operating model = Diffusion
ln_kappa2,7.573501487383745,140,0,5,Diffusion,Operating model = Diffusion
beta[j1],-2.4828655552417436,141,0,2.5,Diffusion,Operating model = Diffusion
ln_kappa2,2.3656213270945945,141,0,2.5,Diffusion,Operating model = Diffusion
beta[j1],-2.364067973742224,141,-2.30258509299405,2.5,Diffusion,Operating model = Diffusion
ln_kappa2,2.539515951021535,141,-2.30258509299405,2.5,Diffusion,Operating model = Diffusion
beta[j1],-2.350436736693091,141,0.693147180559945,2.5,Diffusion,Operating model = Diffusion
ln_kappa2,2.596161163136967,141,0.693147180559945,2.5,Diffusion,Operating model = Diffusion
beta[j1],-0.39475839289276227,141,0,0,Diffusion,Operating model = Diffusion
ln_kappa2,1.0746139959739587,141,0,0,Diffusion,Operating model = Diffusion
beta[j1],-2.323982776911961,141,0,5,Diffusion,Operating model = Diffusion
ln_kappa2,5.48485974815445,141,0,5,Diffusion,Operating model = Diffusion
beta[j1],-2.2651559839431368,142,0,2.5,Diffusion,Operating model = Diffusion
ln_kappa2,2.5615969414334963,142,0,2.5,Diffusion,Operating model = Diffusion
beta[j1],-2.046957580246663,142,-2.30258509299405,2.5,Diffusion,Operating model = Diffusion
ln_kappa2,3.1801003870051043,142,-2.30258509299405,2.5,Diffusion,Operating model = Diffusion
beta[j1],-2.1457204273934,142,0.693147180559945,2.5,Diffusion,Operating model = Diffusion
ln_kappa2,2.622296997952399,142,0.693147180559945,2.5,Diffusion,Operating model = Diffusion
beta[j1],-1.8040480432387513,142,0,0,Diffusion,Operating model = Diffusion
ln_kappa2,-6.0851194157947734,142,0,0,Diffusion,Operating model = Diffusion
beta[j1],-2.3631728344596907,142,0,5,Diffusion,Operating model = Diffusion
ln_kappa2,7.225417568874881,142,0,5,Diffusion,Operating model = Diffusion
beta[j1],-2.288762170494024,143,0,2.5,Diffusion,Operating model = Diffusion
ln_kappa2,2.711621517254978,143,0,2.5,Diffusion,Operating model = Diffusion
beta[j1],-2.213225525829717,143,-2.30258509299405,2.5,Diffusion,Operating model = Diffusion
ln_kappa2,2.835491478749138,143,-2.30258509299405,2.5,Diffusion,Operating model = Diffusion
beta[j1],-2.2839335217453085,143,0.693147180559945,2.5,Diffusion,Operating model = Diffusion
ln_kappa2,2.733168703080007,143,0.693147180559945,2.5,Diffusion,Operating model = Diffusion
beta[j1],-3.7297350867623473,143,0,0,Diffusion,Operating model = Diffusion
ln_kappa2,0.17790379855294772,143,0,0,Diffusion,Operating model = Diffusion
beta[j1],-2.4228480505804777,143,0,5,Diffusion,Operating model = Diffusion
ln_kappa2,3.585044151865444,143,0,5,Diffusion,Operating model = Diffusion
beta[j1],-2.3735745567457065,144,0,2.5,Diffusion,Operating model = Diffusion
ln_kappa2,2.485160683059924,144,0,2.5,Diffusion,Operating model = Diffusion
beta[j1],-2.5433147067389354,144,-2.30258509299405,2.5,Diffusion,Operating model = Diffusion
ln_kappa2,2.4520421402886043,144,-2.30258509299405,2.5,Diffusion,Operating model = Diffusion
beta[j1],-2.7664445286049504,144,0.693147180559945,2.5,Diffusion,Operating model = Diffusion
ln_kappa2,2.219977371996754,144,0.693147180559945,2.5,Diffusion,Operating model = Diffusion
beta[j1],-2.8397912188522128,144,0,0,Diffusion,Operating model = Diffusion
ln_kappa2,-6.271543565880457,144,0,0,Diffusion,Operating model = Diffusion
beta[j1],-2.4380206830495528,144,0,5,Diffusion,Operating model = Diffusion
ln_kappa2,7.000306538947351,144,0,5,Diffusion,Operating model = Diffusion
beta[j1],-2.325703289008618,145,0,2.5,Diffusion,Operating model = Diffusion
ln_kappa2,2.60854998186555,145,0,2.5,Diffusion,Operating model = Diffusion
beta[j1],-2.53837219052759,145,-2.30258509299405,2.5,Diffusion,Operating model = Diffusion
ln_kappa2,2.4274106985513333,145,-2.30258509299405,2.5,Diffusion,Operating model = Diffusion
beta[j1],-1.889638449966742,145,0.693147180559945,2.5,Diffusion,Operating model = Diffusion
ln_kappa2,2.2599228832498386,145,0.693147180559945,2.5,Diffusion,Operating model = Diffusion
beta[j1],-0.49285448479616367,145,0,0,Diffusion,Operating model = Diffusion
ln_kappa2,2.8849244403533114,145,0,0,Diffusion,Operating model = Diffusion
beta[j1],-2.498605990521732,145,0,5,Diffusion,Operating model = Diffusion
ln_kappa2,7.587607737003993,145,0,5,Diffusion,Operating model = Diffusion
beta[j1],-2.278203796343374,146,0,2.5,Diffusion,Operating model = Diffusion
ln_kappa2,2.4366558623778385,146,0,2.5,Diffusion,Operating model = Diffusion
beta[j1],-2.382126871022617,146,-2.30258509299405,2.5,Diffusion,Operating model = Diffusion
ln_kappa2,2.3521064002354723,146,-2.30258509299405,2.5,Diffusion,Operating model = Diffusion
beta[j1],-2.4187176330612026,146,0.693147180559945,2.5,Diffusion,Operating model = Diffusion
ln_kappa2,2.593751665701217,146,0.693147180559945,2.5,Diffusion,Operating model = Diffusion
beta[j1],-2.8876043784962406,146,0,0,Diffusion,Operating model = Diffusion
ln_kappa2,-0.352550677279312,146,0,0,Diffusion,Operating model = Diffusion
beta[j1],-2.3389274318302293,146,0,5,Diffusion,Operating model = Diffusion
ln_kappa2,13.840838386511074,146,0,5,Diffusion,Operating model = Diffusion
beta[j1],-2.4107201427194878,147,0,2.5,Diffusion,Operating model = Diffusion
ln_kappa2,2.712886926847466,147,0,2.5,Diffusion,Operating model = Diffusion
beta[j1],-2.3538523716341264,147,-2.30258509299405,2.5,Diffusion,Operating model = Diffusion
ln_kappa2,2.514112874167179,147,-2.30258509299405,2.5,Diffusion,Operating model = Diffusion
beta[j1],-2.2162092744708346,147,0.693147180559945,2.5,Diffusion,Operating model = Diffusion
ln_kappa2,2.7753498734643407,147,0.693147180559945,2.5,Diffusion,Operating model = Diffusion
beta[j1],-3.784615051563582,147,0,0,Diffusion,Operating model = Diffusion
ln_kappa2,-0.5613162813908515,147,0,0,Diffusion,Operating model = Diffusion
beta[j1],-2.3737755936584475,147,0,5,Diffusion,Operating model = Diffusion
ln_kappa2,7.515853209410359,147,0,5,Diffusion,Operating model = Diffusion
beta[j1],-2.5784908686890935,148,0,2.5,Diffusion,Operating model = Diffusion
ln_kappa2,2.3922212120604787,148,0,2.5,Diffusion,Operating model = Diffusion
beta[j1],-2.3535867341985752,148,-2.30258509299405,2.5,Diffusion,Operating model = Diffusion
ln_kappa2,2.6152479536233186,148,-2.30258509299405,2.5,Diffusion,Operating model = Diffusion
beta[j1],-2.3204797604047753,148,0.693147180559945,2.5,Diffusion,Operating model = Diffusion
ln_kappa2,2.8175686002465863,148,0.693147180559945,2.5,Diffusion,Operating model = Diffusion
beta[j1],-1.0283237004330508,148,0,0,Diffusion,Operating model = Diffusion
ln_kappa2,0.7504366952080211,148,0,0,Diffusion,Operating model = Diffusion
beta[j1],-2.48249936143166,148,0,5,Diffusion,Operating model = Diffusion
ln_kappa2,7.5577923025547715,148,0,5,Diffusion,Operating model = Diffusion
beta[j1],-2.8769559445468973,149,0,2.5,Diffusion,Operating model = Diffusion
ln_kappa2,2.4953276739302006,149,0,2.5,Diffusion,Operating model = Diffusion
beta[j1],-2.5647284134794845,149,-2.30258509299405,2.5,Diffusion,Operating model = Diffusion
ln_kappa2,2.40264143425869,149,-2.30258509299405,2.5,Diffusion,Operating model = Diffusion
beta[j1],-2.5063673007113043,149,0.693147180559945,2.5,Diffusion,Operating model = Diffusion
ln_kappa2,2.45593526830441,149,0.693147180559945,2.5,Diffusion,Operating model = Diffusion
beta[j1],-6.431852841736474,149,0,0,Diffusion,Operating model = Diffusion
ln_kappa2,-6.180883913015057,149,0,0,Diffusion,Operating model = Diffusion
beta[j1],-2.1202668975185883,149,0,5,Diffusion,Operating model = Diffusion
ln_kappa2,7.986660964258078,149,0,5,Diffusion,Operating model = Diffusion
beta[j1],-2.2935535752143115,150,0,2.5,Diffusion,Operating model = Diffusion
ln_kappa2,2.5907259447535305,150,0,2.5,Diffusion,Operating model = Diffusion
beta[j1],-2.5736996099109333,150,-2.30258509299405,2.5,Diffusion,Operating model = Diffusion
ln_kappa2,2.479093286476876,150,-2.30258509299405,2.5,Diffusion,Operating model = Diffusion
beta[j1],-2.595554236397921,150,0.693147180559945,2.5,Diffusion,Operating model = Diffusion
ln_kappa2,2.313839191868412,150,0.693147180559945,2.5,Diffusion,Operating model = Diffusion
beta[j1],-3.575569020739922,150,0,0,Diffusion,Operating model = Diffusion
ln_kappa2,-0.6187887601865545,150,0,0,Diffusion,Operating model = Diffusion
beta[j1],-2.3062934860721693,150,0,5,Diffusion,Operating model = Diffusion
ln_kappa2,4.107544515672791,150,0,5,Diffusion,Operating model = Diffusion
beta[j1],-2.4445141617134305,151,0,2.5,Diffusion,Operating model = Diffusion
ln_kappa2,2.435307694556085,151,0,2.5,Diffusion,Operating model = Diffusion
beta[j1],-2.4220619094583777,151,-2.30258509299405,2.5,Diffusion,Operating model = Diffusion
ln_kappa2,2.54865574144653,151,-2.30258509299405,2.5,Diffusion,Operating model = Diffusion
beta[j1],-2.050591011209573,151,0.693147180559945,2.5,Diffusion,Operating model = Diffusion
ln_kappa2,2.8502994499334795,151,0.693147180559945,2.5,Diffusion,Operating model = Diffusion
beta[j1],-1.8795191015938453,151,0,0,Diffusion,Operating model = Diffusion
ln_kappa2,0.7297808203489962,151,0,0,Diffusion,Operating model = Diffusion
beta[j1],-2.3524933382705653,151,0,5,Diffusion,Operating model = Diffusion
ln_kappa2,4.322733207426741,151,0,5,Diffusion,Operating model = Diffusion
beta[j1],-2.493014820349599,152,0,2.5,Diffusion,Operating model = Diffusion
ln_kappa2,2.484238761131167,152,0,2.5,Diffusion,Operating model = Diffusion
beta[j1],-2.4190024184725143,152,-2.30258509299405,2.5,Diffusion,Operating model = Diffusion
ln_kappa2,2.493775203143001,152,-2.30258509299405,2.5,Diffusion,Operating model = Diffusion
beta[j1],-2.183363359365997,152,0.693147180559945,2.5,Diffusion,Operating model = Diffusion
ln_kappa2,2.6713763029064634,152,0.693147180559945,2.5,Diffusion,Operating model = Diffusion
beta[j1],-1.3374649702792276,152,0,0,Diffusion,Operating model = Diffusion
ln_kappa2,0.39126074046865295,152,0,0,Diffusion,Operating model = Diffusion
beta[j1],-2.346326823025129,152,0,5,Diffusion,Operating model = Diffusion
ln_kappa2,7.353480211602333,152,0,5,Diffusion,Operating model = Diffusion
beta[j1],-2.4671034465245816,153,0,2.5,Diffusion,Operating model = Diffusion
ln_kappa2,2.426458083617248,153,0,2.5,Diffusion,Operating model = Diffusion
beta[j1],-2.5618042469574895,153,-2.30258509299405,2.5,Diffusion,Operating model = Diffusion
ln_kappa2,2.352435607224464,153,-2.30258509299405,2.5,Diffusion,Operating model = Diffusion
beta[j1],-2.3966259606040157,153,0.693147180559945,2.5,Diffusion,Operating model = Diffusion
ln_kappa2,2.6187552891283015,153,0.693147180559945,2.5,Diffusion,Operating model = Diffusion
beta[j1],-4.496201257177499,153,0,0,Diffusion,Operating model = Diffusion
ln_kappa2,-1.1484257802700464,153,0,0,Diffusion,Operating model = Diffusion
beta[j1],-2.3542024788432974,153,0,5,Diffusion,Operating model = Diffusion
ln_kappa2,3.7864907270246064,153,0,5,Diffusion,Operating model = Diffusion
beta[j1],-2.3301768990743454,154,0,2.5,Diffusion,Operating model = Diffusion
ln_kappa2,2.6041428874960757,154,0,2.5,Diffusion,Operating model = Diffusion
beta[j1],-2.2192483477533242,154,-2.30258509299405,2.5,Diffusion,Operating model = Diffusion
ln_kappa2,2.549045527668877,154,-2.30258509299405,2.5,Diffusion,Operating model = Diffusion
beta[j1],-2.368814298450097,154,0.693147180559945,2.5,Diffusion,Operating model = Diffusion
ln_kappa2,2.5116043680524136,154,0.693147180559945,2.5,Diffusion,Operating model = Diffusion
beta[j1],-5.214061529658271,154,0,0,Diffusion,Operating model = Diffusion
ln_kappa2,-5.906474788014475,154,0,0,Diffusion,Operating model = Diffusion
beta[j1],-2.4504788962356066,154,0,5,Diffusion,Operating model = Diffusion
ln_kappa2,3.8363224847582607,154,0,5,Diffusion,Operating model = Diffusion
beta[j1],-2.5302969163641706,155,0,2.5,Diffusion,Operating model = Diffusion
ln_kappa2,2.5822970570883386,155,0,2.5,Diffusion,Operating model = Diffusion
beta[j1],-2.215651106131206,155,-2.30258509299405,2.5,Diffusion,Operating model = Diffusion
ln_kappa2,2.480836979147251,155,-2.30258509299405,2.5,Diffusion,Operating model = Diffusion
beta[j1],-3.1664572047217736,155,0.693147180559945,2.5,Diffusion,Operating model = Diffusion
ln_kappa2,2.410175680041424,155,0.693147180559945,2.5,Diffusion,Operating model = Diffusion
beta[j1],-0.9840335358261838,155,0,0,Diffusion,Operating model = Diffusion
ln_kappa2,0.9123028145439143,155,0,0,Diffusion,Operating model = Diffusion
beta[j1],-2.4771800703785964,155,0,5,Diffusion,Operating model = Diffusion
ln_kappa2,4.354584365604962,155,0,5,Diffusion,Operating model = Diffusion
beta[j1],-2.2226313475943758,156,0,2.5,Diffusion,Operating model = Diffusion
ln_kappa2,2.9539227112573396,156,0,2.5,Diffusion,Operating model = Diffusion
beta[j1],-2.3157755943972735,156,-2.30258509299405,2.5,Diffusion,Operating model = Diffusion
ln_kappa2,2.464588921885609,156,-2.30258509299405,2.5,Diffusion,Operating model = Diffusion
beta[j1],-2.2751938348425633,156,0.693147180559945,2.5,Diffusion,Operating model = Diffusion
ln_kappa2,2.711202734022923,156,0.693147180559945,2.5,Diffusion,Operating model = Diffusion
beta[j1],-2.2254622505987225,156,0,0,Diffusion,Operating model = Diffusion
ln_kappa2,0.19505855368415645,156,0,0,Diffusion,Operating model = Diffusion
beta[j1],-2.3297415929046146,156,0,5,Diffusion,Operating model = Diffusion
ln_kappa2,8.098593603822435,156,0,5,Diffusion,Operating model = Diffusion
beta[j1],-2.8310860644169704,157,0,2.5,Diffusion,Operating model = Diffusion
ln_kappa2,2.4065852074788783,157,0,2.5,Diffusion,Operating model = Diffusion
beta[j1],-2.301783290380005,157,-2.30258509299405,2.5,Diffusion,Operating model = Diffusion
ln_kappa2,2.629472651294187,157,-2.30258509299405,2.5,Diffusion,Operating model = Diffusion
beta[j1],-1.9172339019035982,157,0.693147180559945,2.5,Diffusion,Operating model = Diffusion
ln_kappa2,3.020939820625913,157,0.693147180559945,2.5,Diffusion,Operating model = Diffusion
beta[j1],-0.17504611587659305,157,0,0,Diffusion,Operating model = Diffusion
ln_kappa2,2.3884217922849906,157,0,0,Diffusion,Operating model = Diffusion
beta[j1],-2.8075000259844325,157,0,5,Diffusion,Operating model = Diffusion
ln_kappa2,7.6944254415506235,157,0,5,Diffusion,Operating model = Diffusion
beta[j1],-2.692755749580502,158,0,2.5,Diffusion,Operating model = Diffusion
ln_kappa2,2.2744395056840876,158,0,2.5,Diffusion,Operating model = Diffusion
beta[j1],-2.2896025359644723,158,-2.30258509299405,2.5,Diffusion,Operating model = Diffusion
ln_kappa2,2.7082173253087785,158,-2.30258509299405,2.5,Diffusion,Operating model = Diffusion
beta[j1],-2.572105110314216,158,0.693147180559945,2.5,Diffusion,Operating model = Diffusion
ln_kappa2,2.4004382835885787,158,0.693147180559945,2.5,Diffusion,Operating model = Diffusion
beta[j1],-4.1406859093049935,158,0,0,Diffusion,Operating model = Diffusion
ln_kappa2,-1.969620088503097,158,0,0,Diffusion,Operating model = Diffusion
beta[j1],-2.4984268975818678,158,0,5,Diffusion,Operating model = Diffusion
ln_kappa2,8.150647628467167,158,0,5,Diffusion,Operating model = Diffusion
beta[j1],-2.177884719024541,159,0,2.5,Diffusion,Operating model = Diffusion
ln_kappa2,2.517283913493892,159,0,2.5,Diffusion,Operating model = Diffusion
beta[j1],-2.545531116051042,159,-2.30258509299405,2.5,Diffusion,Operating model = Diffusion
ln_kappa2,2.145970268894814,159,-2.30258509299405,2.5,Diffusion,Operating model = Diffusion
beta[j1],-2.2316596047642214,159,0.693147180559945,2.5,Diffusion,Operating model = Diffusion
ln_kappa2,2.5178423792536777,159,0.693147180559945,2.5,Diffusion,Operating model = Diffusion
beta[j1],-1.7341640760374537,159,0,0,Diffusion,Operating model = Diffusion
ln_kappa2,0.35192787230660894,159,0,0,Diffusion,Operating model = Diffusion
beta[j1],-2.373293748354563,159,0,5,Diffusion,Operating model = Diffusion
ln_kappa2,3.837865802195339,159,0,5,Diffusion,Operating model = Diffusion
beta[j1],-2.4406785790360526,160,0,2.5,Diffusion,Operating model = Diffusion
ln_kappa2,2.4131554578038377,160,0,2.5,Diffusion,Operating model = Diffusion
beta[j1],-2.1571680456038593,160,-2.30258509299405,2.5,Diffusion,Operating model = Diffusion
ln_kappa2,2.6121510837898763,160,-2.30258509299405,2.5,Diffusion,Operating model = Diffusion
beta[j1],-1.9521195393560944,160,0.693147180559945,2.5,Diffusion,Operating model = Diffusion
ln_kappa2,2.7076359066200593,160,0.693147180559945,2.5,Diffusion,Operating model = Diffusion
beta[j1],-0.9801304714214067,160,0,0,Diffusion,Operating model = Diffusion
ln_kappa2,0.7592728016138088,160,0,0,Diffusion,Operating model = Diffusion
beta[j1],-3.2573792867348894,160,0,5,Diffusion,Operating model = Diffusion
ln_kappa2,3.365701258608484,160,0,5,Diffusion,Operating model = Diffusion
beta[j1],-2.479691700797052,161,0,2.5,Diffusion,Operating model = Diffusion
ln_kappa2,2.31785439971533,161,0,2.5,Diffusion,Operating model = Diffusion
beta[j1],-2.5720123470081866,161,-2.30258509299405,2.5,Diffusion,Operating model = Diffusion
ln_kappa2,2.4727110302726576,161,-2.30258509299405,2.5,Diffusion,Operating model = Diffusion
beta[j1],-2.473266601564522,161,0.693147180559945,2.5,Diffusion,Operating model = Diffusion
ln_kappa2,2.577657334346249,161,0.693147180559945,2.5,Diffusion,Operating model = Diffusion
beta[j1],-0.6981736870433136,161,0,0,Diffusion,Operating model = Diffusion
ln_kappa2,-4.988820285758111,161,0,0,Diffusion,Operating model = Diffusion
beta[j1],-2.597294008867695,161,0,5,Diffusion,Operating model = Diffusion
ln_kappa2,3.713046597542381,161,0,5,Diffusion,Operating model = Diffusion
beta[j1],-2.5098563007539374,162,0,2.5,Diffusion,Operating model = Diffusion
ln_kappa2,2.5720104198044527,162,0,2.5,Diffusion,Operating model = Diffusion
beta[j1],-2.323585391952031,162,-2.30258509299405,2.5,Diffusion,Operating model = Diffusion
ln_kappa2,2.584387808664966,162,-2.30258509299405,2.5,Diffusion,Operating model = Diffusion
beta[j1],-2.5597914563426305,162,0.693147180559945,2.5,Diffusion,Operating model = Diffusion
ln_kappa2,2.3258247930524822,162,0.693147180559945,2.5,Diffusion,Operating model = Diffusion
beta[j1],-2.211722808327117,162,0,0,Diffusion,Operating model = Diffusion
ln_kappa2,-6.797710628458021,162,0,0,Diffusion,Operating model = Diffusion
beta[j1],-2.423398260263229,162,0,5,Diffusion,Operating model = Diffusion
ln_kappa2,8.169341948715466,162,0,5,Diffusion,Operating model = Diffusion
beta[j1],-2.4439713633646045,163,0,2.5,Diffusion,Operating model = Diffusion
ln_kappa2,2.4932548373283834,163,0,2.5,Diffusion,Operating model = Diffusion
beta[j1],-2.286490159930245,163,-2.30258509299405,2.5,Diffusion,Operating model = Diffusion
ln_kappa2,2.518446888269384,163,-2.30258509299405,2.5,Diffusion,Operating model = Diffusion
beta[j1],-2.357401956111376,163,0.693147180559945,2.5,Diffusion,Operating model = Diffusion
ln_kappa2,2.5617350344018845,163,0.693147180559945,2.5,Diffusion,Operating model = Diffusion
beta[j1],-1.878486763376234,163,0,0,Diffusion,Operating model = Diffusion
ln_kappa2,0.5060706848960792,163,0,0,Diffusion,Operating model = Diffusion
beta[j1],-2.1301729011849035,163,0,5,Diffusion,Operating model = Diffusion
ln_kappa2,7.041140059216434,163,0,5,Diffusion,Operating model = Diffusion
beta[j1],-2.6623971248594733,164,0,2.5,Diffusion,Operating model = Diffusion
ln_kappa2,1.7349598349228632,164,0,2.5,Diffusion,Operating model = Diffusion
beta[j1],-2.1976050569751795,164,-2.30258509299405,2.5,Diffusion,Operating model = Diffusion
ln_kappa2,2.5407327052062056,164,-2.30258509299405,2.5,Diffusion,Operating model = Diffusion
beta[j1],-2.218036810507324,164,0.693147180559945,2.5,Diffusion,Operating model = Diffusion
ln_kappa2,2.6287883002481136,164,0.693147180559945,2.5,Diffusion,Operating model = Diffusion
beta[j1],-1.1968064302252177,164,0,0,Diffusion,Operating model = Diffusion
ln_kappa2,1.2489218710359484,164,0,0,Diffusion,Operating model = Diffusion
beta[j1],-2.349561098337335,164,0,5,Diffusion,Operating model = Diffusion
ln_kappa2,4.2026659581351735,164,0,5,Diffusion,Operating model = Diffusion
beta[j1],-2.8990631835340746,165,0,2.5,Diffusion,Operating model = Diffusion
ln_kappa2,2.3108874356698608,165,0,2.5,Diffusion,Operating model = Diffusion
beta[j1],-2.553924023283702,165,-2.30258509299405,2.5,Diffusion,Operating model = Diffusion
ln_kappa2,2.50406033616994,165,-2.30258509299405,2.5,Diffusion,Operating model = Diffusion
beta[j1],-2.1856236045823563,165,0.693147180559945,2.5,Diffusion,Operating model = Diffusion
ln_kappa2,2.655657293452578,165,0.693147180559945,2.5,Diffusion,Operating model = Diffusion
beta[j1],-2.151982596336523,165,0,0,Diffusion,Operating model = Diffusion
ln_kappa2,0.17616750112150603,165,0,0,Diffusion,Operating model = Diffusion
beta[j1],-2.5143314664925764,165,0,5,Diffusion,Operating model = Diffusion
ln_kappa2,3.7287810322409136,165,0,5,Diffusion,Operating model = Diffusion
beta[j1],-2.3427541225288415,166,0,2.5,Diffusion,Operating model = Diffusion
ln_kappa2,2.4237050685581405,166,0,2.5,Diffusion,Operating model = Diffusion
beta[j1],-2.629680240191645,166,-2.30258509299405,2.5,Diffusion,Operating model = Diffusion
ln_kappa2,2.235983574452828,166,-2.30258509299405,2.5,Diffusion,Operating model = Diffusion
beta[j1],-2.3738656544538967,166,0.693147180559945,2.5,Diffusion,Operating model = Diffusion
ln_kappa2,2.4816659565697634,166,0.693147180559945,2.5,Diffusion,Operating model = Diffusion
beta[j1],-2.777720186868448,166,0,0,Diffusion,Operating model = Diffusion
ln_kappa2,0.2778388559575137,166,0,0,Diffusion,Operating model = Diffusion
beta[j1],-2.14325981477483,166,0,5,Diffusion,Operating model = Diffusion
ln_kappa2,7.552719127056739,166,0,5,Diffusion,Operating model = Diffusion
beta[j1],-2.56486400630435,167,0,2.5,Diffusion,Operating model = Diffusion
ln_kappa2,2.171186868684304,167,0,2.5,Diffusion,Operating model = Diffusion
beta[j1],-2.0105794589645822,167,-2.30258509299405,2.5,Diffusion,Operating model = Diffusion
ln_kappa2,2.3216014685312176,167,-2.30258509299405,2.5,Diffusion,Operating model = Diffusion
beta[j1],-2.5738636376884156,167,0.693147180559945,2.5,Diffusion,Operating model = Diffusion
ln_kappa2,2.277849656277138,167,0.693147180559945,2.5,Diffusion,Operating model = Diffusion
beta[j1],-1.6178394739244033,167,0,0,Diffusion,Operating model = Diffusion
ln_kappa2,0.4861441401420687,167,0,0,Diffusion,Operating model = Diffusion
beta[j1],-2.594143364503179,167,0,5,Diffusion,Operating model = Diffusion
ln_kappa2,2.994342194895554,167,0,5,Diffusion,Operating model = Diffusion
beta[j1],-3.0400066346018484,168,0,2.5,Diffusion,Operating model = Diffusion
ln_kappa2,2.103501787737684,168,0,2.5,Diffusion,Operating model = Diffusion
beta[j1],-2.3181451650001907,168,-2.30258509299405,2.5,Diffusion,Operating model = Diffusion
ln_kappa2,2.5039491603601567,168,-2.30258509299405,2.5,Diffusion,Operating model = Diffusion
beta[j1],-2.0850394352870203,168,0.693147180559945,2.5,Diffusion,Operating model = Diffusion
ln_kappa2,2.8475872965409748,168,0.693147180559945,2.5,Diffusion,Operating model = Diffusion
beta[j1],-2.633103974397757,168,0,0,Diffusion,Operating model = Diffusion
ln_kappa2,0.26724946700280316,168,0,0,Diffusion,Operating model = Diffusion
beta[j1],-2.433965152267492,168,0,5,Diffusion,Operating model = Diffusion
ln_kappa2,7.4763569087631785,168,0,5,Diffusion,Operating model = Diffusion
beta[j1],-2.5043303980993423,169,0,2.5,Diffusion,Operating model = Diffusion
ln_kappa2,2.4604882626933477,169,0,2.5,Diffusion,Operating model = Diffusion
beta[j1],-2.0785912376614797,169,-2.30258509299405,2.5,Diffusion,Operating model = Diffusion
ln_kappa2,2.799981454191574,169,-2.30258509299405,2.5,Diffusion,Operating model = Diffusion
beta[j1],-2.6808043254145026,169,0.693147180559945,2.5,Diffusion,Operating model = Diffusion
ln_kappa2,2.1875788036099353,169,0.693147180559945,2.5,Diffusion,Operating model = Diffusion
beta[j1],-3.0389255369878327,169,0,0,Diffusion,Operating model = Diffusion
ln_kappa2,-0.9476295448702325,169,0,0,Diffusion,Operating model = Diffusion
beta[j1],-2.3420891721316237,169,0,5,Diffusion,Operating model = Diffusion
ln_kappa2,9.055076018511638,169,0,5,Diffusion,Operating model = Diffusion
beta[j1],-2.2274736075124855,170,0,2.5,Diffusion,Operating model = Diffusion
ln_kappa2,2.4798606001902046,170,0,2.5,Diffusion,Operating model = Diffusion
beta[j1],-2.420093697260366,170,-2.30258509299405,2.5,Diffusion,Operating model = Diffusion
ln_kappa2,2.510119443657158,170,-2.30258509299405,2.5,Diffusion,Operating model = Diffusion
beta[j1],-2.6521005852530357,170,0.693147180559945,2.5,Diffusion,Operating model = Diffusion
ln_kappa2,2.3948362162056123,170,0.693147180559945,2.5,Diffusion,Operating model = Diffusion
beta[j1],-2.5801323763742183,170,0,0,Diffusion,Operating model = Diffusion
ln_kappa2,0.2677872073260438,170,0,0,Diffusion,Operating model = Diffusion
beta[j1],-2.717679576951544,170,0,5,Diffusion,Operating model = Diffusion
ln_kappa2,4.421404524634397,170,0,5,Diffusion,Operating model = Diffusion
beta[j1],-2.4421026366739405,171,0,2.5,Diffusion,Operating model = Diffusion
ln_kappa2,2.4942077750883533,171,0,2.5,Diffusion,Operating model = Diffusion
beta[j1],-2.2405106102251144,171,-2.30258509299405,2.5,Diffusion,Operating model = Diffusion
ln_kappa2,2.2724264269551697,171,-2.30258509299405,2.5,Diffusion,Operating model = Diffusion
beta[j1],-2.074519235493933,171,0.693147180559945,2.5,Diffusion,Operating model = Diffusion
ln_kappa2,2.4069230410106126,171,0.693147180559945,2.5,Diffusion,Operating model = Diffusion
beta[j1],-1.6310017789376274,171,0,0,Diffusion,Operating model = Diffusion
ln_kappa2,0.5204083145546547,171,0,0,Diffusion,Operating model = Diffusion
beta[j1],-2.4477340420479505,171,0,5,Diffusion,Operating model = Diffusion
ln_kappa2,7.356148113810957,171,0,5,Diffusion,Operating model = Diffusion
beta[j1],-2.1110996789478507,172,0,2.5,Diffusion,Operating model = Diffusion
ln_kappa2,2.570086404079054,172,0,2.5,Diffusion,Operating model = Diffusion
beta[j1],-2.397200557045313,172,-2.30258509299405,2.5,Diffusion,Operating model = Diffusion
ln_kappa2,2.4759904802254864,172,-2.30258509299405,2.5,Diffusion,Operating model = Diffusion
beta[j1],-2.4911391034958186,172,0.693147180559945,2.5,Diffusion,Operating model = Diffusion
ln_kappa2,2.5001899040282813,172,0.693147180559945,2.5,Diffusion,Operating model = Diffusion
beta[j1],-0.7311222795553135,172,0,0,Diffusion,Operating model = Diffusion
ln_kappa2,0.8079155646791466,172,0,0,Diffusion,Operating model = Diffusion
beta[j1],-2.1998762529749785,172,0,5,Diffusion,Operating model = Diffusion
ln_kappa2,7.541214088128109,172,0,5,Diffusion,Operating model = Diffusion
beta[j1],-2.4606669175951343,173,0,2.5,Diffusion,Operating model = Diffusion
ln_kappa2,2.401851069042643,173,0,2.5,Diffusion,Operating model = Diffusion
beta[j1],-1.9949164149142486,173,-2.30258509299405,2.5,Diffusion,Operating model = Diffusion
ln_kappa2,2.6862214066595906,173,-2.30258509299405,2.5,Diffusion,Operating model = Diffusion
beta[j1],-2.6608034610006057,173,0.693147180559945,2.5,Diffusion,Operating model = Diffusion
ln_kappa2,2.2692304966540373,173,0.693147180559945,2.5,Diffusion,Operating model = Diffusion
beta[j1],-0.28292765429485306,173,0,0,Diffusion,Operating model = Diffusion
ln_kappa2,2.0083529580424258,173,0,0,Diffusion,Operating model = Diffusion
beta[j1],-2.1648908335966306,173,0,5,Diffusion,Operating model = Diffusion
ln_kappa2,7.488528763584882,173,0,5,Diffusion,Operating model = Diffusion
beta[j1],-2.1065914088859485,174,0,2.5,Diffusion,Operating model = Diffusion
ln_kappa2,2.310072513078356,174,0,2.5,Diffusion,Operating model = Diffusion
beta[j1],-2.427493302780973,174,-2.30258509299405,2.5,Diffusion,Operating model = Diffusion
ln_kappa2,2.5130185814991655,174,-2.30258509299405,2.5,Diffusion,Operating model = Diffusion
beta[j1],-3.0008635325849427,174,0.693147180559945,2.5,Diffusion,Operating model = Diffusion
ln_kappa2,1.9966284316047425,174,0.693147180559945,2.5,Diffusion,Operating model = Diffusion
beta[j1],-1.0074522258313083,174,0,0,Diffusion,Operating model = Diffusion
ln_kappa2,0.5201690690365395,174,0,0,Diffusion,Operating model = Diffusion
beta[j1],-2.4796786497312246,174,0,5,Diffusion,Operating model = Diffusion
ln_kappa2,3.5357340523771916,174,0,5,Diffusion,Operating model = Diffusion
beta[j1],-2.4197362025147706,175,0,2.5,Diffusion,Operating model = Diffusion
ln_kappa2,2.563791719470309,175,0,2.5,Diffusion,Operating model = Diffusion
beta[j1],-2.199907049540926,175,-2.30258509299405,2.5,Diffusion,Operating model = Diffusion
ln_kappa2,2.637089042014226,175,-2.30258509299405,2.5,Diffusion,Operating model = Diffusion
beta[j1],-2.533728552179956,175,0.693147180559945,2.5,Diffusion,Operating model = Diffusion
ln_kappa2,2.527978805539204,175,0.693147180559945,2.5,Diffusion,Operating model = Diffusion
beta[j1],-2.8340936769034246,175,0,0,Diffusion,Operating model = Diffusion
ln_kappa2,0.31140988367623545,175,0,0,Diffusion,Operating model = Diffusion
beta[j1],-2.4587372586289535,175,0,5,Diffusion,Operating model = Diffusion
ln_kappa2,7.233302126690574,175,0,5,Diffusion,Operating model = Diffusion
beta[j1],-3.5330895094532755,176,0,2.5,Diffusion,Operating model = Diffusion
ln_kappa2,2.1569737432486575,176,0,2.5,Diffusion,Operating model = Diffusion
beta[j1],-2.7904663131749516,176,-2.30258509299405,2.5,Diffusion,Operating model = Diffusion
ln_kappa2,2.419080019775194,176,-2.30258509299405,2.5,Diffusion,Operating model = Diffusion
beta[j1],-2.4567498306770186,176,0.693147180559945,2.5,Diffusion,Operating model = Diffusion
ln_kappa2,2.4304272555762862,176,0.693147180559945,2.5,Diffusion,Operating model = Diffusion
beta[j1],-2.3497992583531704,176,0,0,Diffusion,Operating model = Diffusion
ln_kappa2,-6.25913355774217,176,0,0,Diffusion,Operating model = Diffusion
beta[j1],-2.350755305864658,176,0,5,Diffusion,Operating model = Diffusion
ln_kappa2,7.4109492745145875,176,0,5,Diffusion,Operating model = Diffusion
beta[j1],-2.6446598295711885,177,0,2.5,Diffusion,Operating model = Diffusion
ln_kappa2,2.655585601651723,177,0,2.5,Diffusion,Operating model = Diffusion
beta[j1],-2.3486247231961768,177,-2.30258509299405,2.5,Diffusion,Operating model = Diffusion
ln_kappa2,2.5778725427083597,177,-2.30258509299405,2.5,Diffusion,Operating model = Diffusion
beta[j1],-2.2429826194974383,177,0.693147180559945,2.5,Diffusion,Operating model = Diffusion
ln_kappa2,2.484541453411399,177,0.693147180559945,2.5,Diffusion,Operating model = Diffusion
beta[j1],-2.84081731267246,177,0,0,Diffusion,Operating model = Diffusion
ln_kappa2,-0.07737803797762038,177,0,0,Diffusion,Operating model = Diffusion
beta[j1],-2.4814930669795676,177,0,5,Diffusion,Operating model = Diffusion
ln_kappa2,4.848042611670992,177,0,5,Diffusion,Operating model = Diffusion
beta[j1],-2.6415014680971836,178,0,2.5,Diffusion,Operating model = Diffusion
ln_kappa2,2.66816337967137,178,0,2.5,Diffusion,Operating model = Diffusion
beta[j1],-2.844428747109754,178,-2.30258509299405,2.5,Diffusion,Operating model = Diffusion
ln_kappa2,2.316000073592361,178,-2.30258509299405,2.5,Diffusion,Operating model = Diffusion
beta[j1],-2.5525327999202245,178,0.693147180559945,2.5,Diffusion,Operating model = Diffusion
ln_kappa2,2.396118325373605,178,0.693147180559945,2.5,Diffusion,Operating model = Diffusion
beta[j1],-2.5500839750630835,178,0,0,Diffusion,Operating model = Diffusion
ln_kappa2,-5.704165195060895,178,0,0,Diffusion,Operating model = Diffusion
beta[j1],-2.44724636723393,178,0,5,Diffusion,Operating model = Diffusion
ln_kappa2,6.841808618527444,178,0,5,Diffusion,Operating model = Diffusion
beta[j1],-2.489859249222763,179,0,2.5,Diffusion,Operating model = Diffusion
ln_kappa2,2.4970432131473044,179,0,2.5,Diffusion,Operating model = Diffusion
beta[j1],-2.5482431890341317,179,-2.30258509299405,2.5,Diffusion,Operating model = Diffusion
ln_kappa2,2.327658738936117,179,-2.30258509299405,2.5,Diffusion,Operating model = Diffusion
beta[j1],-2.5194137781719976,179,0.693147180559945,2.5,Diffusion,Operating model = Diffusion
ln_kappa2,2.407557667551901,179,0.693147180559945,2.5,Diffusion,Operating model = Diffusion
beta[j1],-3.6341501415400495,179,0,0,Diffusion,Operating model = Diffusion
ln_kappa2,-0.4512283373535156,179,0,0,Diffusion,Operating model = Diffusion
beta[j1],-2.3464542530466628,179,0,5,Diffusion,Operating model = Diffusion
ln_kappa2,7.7886953444379,179,0,5,Diffusion,Operating model = Diffusion
beta[j1],-2.3460084038073226,180,0,2.5,Diffusion,Operating model = Diffusion
ln_kappa2,2.418805336738246,180,0,2.5,Diffusion,Operating model = Diffusion
beta[j1],-2.3690232807569154,180,-2.30258509299405,2.5,Diffusion,Operating model = Diffusion
ln_kappa2,2.273312715606294,180,-2.30258509299405,2.5,Diffusion,Operating model = Diffusion
beta[j1],-2.459141788986498,180,0.693147180559945,2.5,Diffusion,Operating model = Diffusion
ln_kappa2,2.3559826231751337,180,0.693147180559945,2.5,Diffusion,Operating model = Diffusion
beta[j1],-4.661305191778162,180,0,0,Diffusion,Operating model = Diffusion
ln_kappa2,-5.7281695710918585,180,0,0,Diffusion,Operating model = Diffusion
beta[j1],-2.2823229374770424,180,0,5,Diffusion,Operating model = Diffusion
ln_kappa2,3.8272457655349985,180,0,5,Diffusion,Operating model = Diffusion
beta[j1],-2.671086715068147,181,0,2.5,Diffusion,Operating model = Diffusion
ln_kappa2,2.3779244603773644,181,0,2.5,Diffusion,Operating model = Diffusion
beta[j1],-2.5088416554635447,181,-2.30258509299405,2.5,Diffusion,Operating model = Diffusion
ln_kappa2,2.5037178715730035,181,-2.30258509299405,2.5,Diffusion,Operating model = Diffusion
beta[j1],-2.193136852738598,181,0.693147180559945,2.5,Diffusion,Operating model = Diffusion
ln_kappa2,2.5349357509187276,181,0.693147180559945,2.5,Diffusion,Operating model = Diffusion
beta[j1],-0.5687851297615137,181,0,0,Diffusion,Operating model = Diffusion
ln_kappa2,1.6858194056511764,181,0,0,Diffusion,Operating model = Diffusion
beta[j1],-2.735345414497493,181,0,5,Diffusion,Operating model = Diffusion
ln_kappa2,8.67465963393752,181,0,5,Diffusion,Operating model = Diffusion
beta[j1],-2.5586079746529387,182,0,2.5,Diffusion,Operating model = Diffusion
ln_kappa2,2.363785464443979,182,0,2.5,Diffusion,Operating model = Diffusion
beta[j1],-2.392556663244013,182,-2.30258509299405,2.5,Diffusion,Operating model = Diffusion
ln_kappa2,2.653917894243675,182,-2.30258509299405,2.5,Diffusion,Operating model = Diffusion
beta[j1],-2.0918146087084817,182,0.693147180559945,2.5,Diffusion,Operating model = Diffusion
ln_kappa2,2.7432708903677505,182,0.693147180559945,2.5,Diffusion,Operating model = Diffusion
beta[j1],-2.9504118803621284,182,0,0,Diffusion,Operating model = Diffusion
ln_kappa2,-0.12103008919176438,182,0,0,Diffusion,Operating model = Diffusion
beta[j1],-2.403378035416015,182,0,5,Diffusion,Operating model = Diffusion
ln_kappa2,8.859204978188735,182,0,5,Diffusion,Operating model = Diffusion
beta[j1],-2.284998258020343,183,0,2.5,Diffusion,Operating model = Diffusion
ln_kappa2,2.664188573769859,183,0,2.5,Diffusion,Operating model = Diffusion
beta[j1],-2.0848731098572872,183,-2.30258509299405,2.5,Diffusion,Operating model = Diffusion
ln_kappa2,2.699459381008927,183,-2.30258509299405,2.5,Diffusion,Operating model = Diffusion
beta[j1],-2.084486044360314,183,0.693147180559945,2.5,Diffusion,Operating model = Diffusion
ln_kappa2,2.516797335950254,183,0.693147180559945,2.5,Diffusion,Operating model = Diffusion
beta[j1],-4.407593102928342,183,0,0,Diffusion,Operating model = Diffusion
ln_kappa2,-0.4495039254583827,183,0,0,Diffusion,Operating model = Diffusion
beta[j1],-2.712774214893058,183,0,5,Diffusion,Operating model = Diffusion
ln_kappa2,8.081645084052763,183,0,5,Diffusion,Operating model = Diffusion
beta[j1],-2.4249675375968645,184,0,2.5,Diffusion,Operating model = Diffusion
ln_kappa2,2.670149722993152,184,0,2.5,Diffusion,Operating model = Diffusion
beta[j1],-2.723198495024732,184,-2.30258509299405,2.5,Diffusion,Operating model = Diffusion
ln_kappa2,2.4714961631986148,184,-2.30258509299405,2.5,Diffusion,Operating model = Diffusion
beta[j1],-2.3237922064390992,184,0.693147180559945,2.5,Diffusion,Operating model = Diffusion
ln_kappa2,2.569467644517995,184,0.693147180559945,2.5,Diffusion,Operating model = Diffusion
beta[j1],-3.520518758987525,184,0,0,Diffusion,Operating model = Diffusion
ln_kappa2,-0.16666507989819565,184,0,0,Diffusion,Operating model = Diffusion
beta[j1],-2.4335783598769463,184,0,5,Diffusion,Operating model = Diffusion
ln_kappa2,3.862227686529341,184,0,5,Diffusion,Operating model = Diffusion
beta[j1],-2.3803782364179815,185,0,2.5,Diffusion,Operating model = Diffusion
ln_kappa2,2.499079817010845,185,0,2.5,Diffusion,Operating model = Diffusion
beta[j1],-2.1474815979850264,185,-2.30258509299405,2.5,Diffusion,Operating model = Diffusion
ln_kappa2,2.581236454100604,185,-2.30258509299405,2.5,Diffusion,Operating model = Diffusion
beta[j1],-2.0747082169746602,185,0.693147180559945,2.5,Diffusion,Operating model = Diffusion
ln_kappa2,2.851630157288209,185,0.693147180559945,2.5,Diffusion,Operating model = Diffusion
beta[j1],-2.151429239459114,185,0,0,Diffusion,Operating model = Diffusion
ln_kappa2,-5.361358602748807,185,0,0,Diffusion,Operating model = Diffusion
beta[j1],-2.2107624089564952,185,0,5,Diffusion,Operating model = Diffusion
ln_kappa2,7.017349798029571,185,0,5,Diffusion,Operating model = Diffusion
beta[j1],-2.0740251398957166,186,0,2.5,Diffusion,Operating model = Diffusion
ln_kappa2,2.721977271386423,186,0,2.5,Diffusion,Operating model = Diffusion
beta[j1],-2.365471127093834,186,-2.30258509299405,2.5,Diffusion,Operating model = Diffusion
ln_kappa2,2.5258024592391095,186,-2.30258509299405,2.5,Diffusion,Operating model = Diffusion
beta[j1],-2.4059151109437016,186,0.693147180559945,2.5,Diffusion,Operating model = Diffusion
ln_kappa2,2.5923419959156004,186,0.693147180559945,2.5,Diffusion,Operating model = Diffusion
beta[j1],-2.0399935361116364,186,0,0,Diffusion,Operating model = Diffusion
ln_kappa2,0.4502127718041049,186,0,0,Diffusion,Operating model = Diffusion
beta[j1],-2.540466830711518,186,0,5,Diffusion,Operating model = Diffusion
ln_kappa2,7.708671191659681,186,0,5,Diffusion,Operating model = Diffusion
beta[j1],-2.7605794133790424,187,0,2.5,Diffusion,Operating model = Diffusion
ln_kappa2,2.3249876561732523,187,0,2.5,Diffusion,Operating model = Diffusion
beta[j1],-2.539058004000439,187,-2.30258509299405,2.5,Diffusion,Operating model = Diffusion
ln_kappa2,2.445710234563486,187,-2.30258509299405,2.5,Diffusion,Operating model = Diffusion
beta[j1],-2.184370199588972,187,0.693147180559945,2.5,Diffusion,Operating model = Diffusion
ln_kappa2,2.455207937166415,187,0.693147180559945,2.5,Diffusion,Operating model = Diffusion
beta[j1],-2.309175895381275,187,0,0,Diffusion,Operating model = Diffusion
ln_kappa2,-5.785181262649747,187,0,0,Diffusion,Operating model = Diffusion
beta[j1],-2.3737082892887496,187,0,5,Diffusion,Operating model = Diffusion
ln_kappa2,7.424499508491885,187,0,5,Diffusion,Operating model = Diffusion
beta[j1],-2.2074431445146128,188,0,2.5,Diffusion,Operating model = Diffusion
ln_kappa2,2.545020108199777,188,0,2.5,Diffusion,Operating model = Diffusion
beta[j1],-2.2716525043062217,188,-2.30258509299405,2.5,Diffusion,Operating model = Diffusion
ln_kappa2,2.6857746713825787,188,-2.30258509299405,2.5,Diffusion,Operating model = Diffusion
beta[j1],-2.5746527766687746,188,0.693147180559945,2.5,Diffusion,Operating model = Diffusion
ln_kappa2,2.8355229519030467,188,0.693147180559945,2.5,Diffusion,Operating model = Diffusion
beta[j1],-2.727696095433112,188,0,0,Diffusion,Operating model = Diffusion
ln_kappa2,0.19811243871065198,188,0,0,Diffusion,Operating model = Diffusion
beta[j1],-2.4126793928622723,188,0,5,Diffusion,Operating model = Diffusion
ln_kappa2,3.403077142311881,188,0,5,Diffusion,Operating model = Diffusion
beta[j1],-2.3089597506293447,189,0,2.5,Diffusion,Operating model = Diffusion
ln_kappa2,2.712612869113332,189,0,2.5,Diffusion,Operating model = Diffusion
beta[j1],-2.257459039046301,189,-2.30258509299405,2.5,Diffusion,Operating model = Diffusion
ln_kappa2,2.6406002752402777,189,-2.30258509299405,2.5,Diffusion,Operating model = Diffusion
beta[j1],-2.4822155073551846,189,0.693147180559945,2.5,Diffusion,Operating model = Diffusion
ln_kappa2,2.6923245198320696,189,0.693147180559945,2.5,Diffusion,Operating model = Diffusion
beta[j1],-2.374418940948421,189,0,0,Diffusion,Operating model = Diffusion
ln_kappa2,0.29376376020171635,189,0,0,Diffusion,Operating model = Diffusion
beta[j1],-2.353078040615045,189,0,5,Diffusion,Operating model = Diffusion
ln_kappa2,7.795996046520571,189,0,5,Diffusion,Operating model = Diffusion
beta[j1],-2.2396606225619498,190,0,2.5,Diffusion,Operating model = Diffusion
ln_kappa2,2.6747738034334656,190,0,2.5,Diffusion,Operating model = Diffusion
beta[j1],-2.3118946583957456,190,-2.30258509299405,2.5,Diffusion,Operating model = Diffusion
ln_kappa2,2.52502023443558,190,-2.30258509299405,2.5,Diffusion,Operating model = Diffusion
beta[j1],-2.3366564937353336,190,0.693147180559945,2.5,Diffusion,Operating model = Diffusion
ln_kappa2,2.7319137853045397,190,0.693147180559945,2.5,Diffusion,Operating model = Diffusion
beta[j1],-2.6608415390002342,190,0,0,Diffusion,Operating model = Diffusion
ln_kappa2,0.016319707721319906,190,0,0,Diffusion,Operating model = Diffusion
beta[j1],-2.348962932641463,190,0,5,Diffusion,Operating model = Diffusion
ln_kappa2,3.751284312193937,190,0,5,Diffusion,Operating model = Diffusion
beta[j1],-2.336308870160849,191,0,2.5,Diffusion,Operating model = Diffusion
ln_kappa2,2.694845487418645,191,0,2.5,Diffusion,Operating model = Diffusion
beta[j1],-2.3232046973834493,191,-2.30258509299405,2.5,Diffusion,Operating model = Diffusion
ln_kappa2,2.5530719627981786,191,-2.30258509299405,2.5,Diffusion,Operating model = Diffusion
beta[j1],-1.9894852486733472,191,0.693147180559945,2.5,Diffusion,Operating model = Diffusion
ln_kappa2,2.5631457780077183,191,0.693147180559945,2.5,Diffusion,Operating model = Diffusion
beta[j1],-1.5664084306309278,191,0,0,Diffusion,Operating model = Diffusion
ln_kappa2,0.6718267237536588,191,0,0,Diffusion,Operating model = Diffusion
beta[j1],-2.6699639359707934,191,0,5,Diffusion,Operating model = Diffusion
ln_kappa2,7.916171844653691,191,0,5,Diffusion,Operating model = Diffusion
beta[j1],-2.3048404041023063,192,0,2.5,Diffusion,Operating model = Diffusion
ln_kappa2,2.693247378749811,192,0,2.5,Diffusion,Operating model = Diffusion
beta[j1],-2.421033293693185,192,-2.30258509299405,2.5,Diffusion,Operating model = Diffusion
ln_kappa2,2.350777776182984,192,-2.30258509299405,2.5,Diffusion,Operating model = Diffusion
beta[j1],-2.6883172223819862,192,0.693147180559945,2.5,Diffusion,Operating model = Diffusion
ln_kappa2,2.299506046485078,192,0.693147180559945,2.5,Diffusion,Operating model = Diffusion
beta[j1],-0.09195771003609188,192,0,0,Diffusion,Operating model = Diffusion
ln_kappa2,9.76751885287097,192,0,0,Diffusion,Operating model = Diffusion
beta[j1],-2.7694268314401773,192,0,5,Diffusion,Operating model = Diffusion
ln_kappa2,7.635264389118001,192,0,5,Diffusion,Operating model = Diffusion
beta[j1],-2.6797503354548247,193,0,2.5,Diffusion,Operating model = Diffusion
ln_kappa2,2.3970443059167708,193,0,2.5,Diffusion,Operating model = Diffusion
beta[j1],-2.519346150067626,193,-2.30258509299405,2.5,Diffusion,Operating model = Diffusion
ln_kappa2,2.44531017498873,193,-2.30258509299405,2.5,Diffusion,Operating model = Diffusion
beta[j1],-2.1637180432353293,193,0.693147180559945,2.5,Diffusion,Operating model = Diffusion
ln_kappa2,2.4009910091449504,193,0.693147180559945,2.5,Diffusion,Operating model = Diffusion
beta[j1],-0.790289280261681,193,0,0,Diffusion,Operating model = Diffusion
ln_kappa2,1.2377704301445878,193,0,0,Diffusion,Operating model = Diffusion
beta[j1],-2.543670619249752,193,0,5,Diffusion,Operating model = Diffusion
ln_kappa2,3.437324370239686,193,0,5,Diffusion,Operating model = Diffusion
beta[j1],-2.608004965355809,194,0,2.5,Diffusion,Operating model = Diffusion
ln_kappa2,2.4315721243315545,194,0,2.5,Diffusion,Operating model = Diffusion
beta[j1],-2.476071461827643,194,-2.30258509299405,2.5,Diffusion,Operating model = Diffusion
ln_kappa2,2.4291701265507415,194,-2.30258509299405,2.5,Diffusion,Operating model = Diffusion
beta[j1],-2.7102925564438016,194,0.693147180559945,2.5,Diffusion,Operating model = Diffusion
ln_kappa2,2.0689477150373166,194,0.693147180559945,2.5,Diffusion,Operating model = Diffusion
beta[j1],-4.618887152252181,194,0,0,Diffusion,Operating model = Diffusion
ln_kappa2,-0.31219958476148796,194,0,0,Diffusion,Operating model = Diffusion
beta[j1],-2.3072668544628754,194,0,5,Diffusion,Operating model = Diffusion
ln_kappa2,3.8584236450943754,194,0,5,Diffusion,Operating model = Diffusion
beta[j1],-2.423649954859994,195,0,2.5,Diffusion,Operating model = Diffusion
ln_kappa2,2.460689695023285,195,0,2.5,Diffusion,Operating model = Diffusion
beta[j1],-2.4988527488200543,195,-2.30258509299405,2.5,Diffusion,Operating model = Diffusion
ln_kappa2,2.3856324132327535,195,-2.30258509299405,2.5,Diffusion,Operating model = Diffusion
beta[j1],-2.619411814941062,195,0.693147180559945,2.5,Diffusion,Operating model = Diffusion
ln_kappa2,2.345881078152788,195,0.693147180559945,2.5,Diffusion,Operating model = Diffusion
beta[j1],-3.1751575577736024,195,0,0,Diffusion,Operating model = Diffusion
ln_kappa2,-5.215326228422312,195,0,0,Diffusion,Operating model = Diffusion
beta[j1],-2.3297971052314255,195,0,5,Diffusion,Operating model = Diffusion
ln_kappa2,4.388721595242115,195,0,5,Diffusion,Operating model = Diffusion
beta[j1],-2.448634482628352,196,0,2.5,Diffusion,Operating model = Diffusion
ln_kappa2,2.3844801687364496,196,0,2.5,Diffusion,Operating model = Diffusion
beta[j1],-2.7078927455659394,196,-2.30258509299405,2.5,Diffusion,Operating model = Diffusion
ln_kappa2,2.721812037195961,196,-2.30258509299405,2.5,Diffusion,Operating model = Diffusion
beta[j1],-2.288466074847988,196,0.693147180559945,2.5,Diffusion,Operating model = Diffusion
ln_kappa2,2.2454031128948793,196,0.693147180559945,2.5,Diffusion,Operating model = Diffusion
beta[j1],-1.7134314443669714,196,0,0,Diffusion,Operating model = Diffusion
ln_kappa2,-4.605467457384588,196,0,0,Diffusion,Operating model = Diffusion
beta[j1],-2.357826278826943,196,0,5,Diffusion,Operating model = Diffusion
ln_kappa2,7.505367660002565,196,0,5,Diffusion,Operating model = Diffusion
beta[j1],-2.749092238779523,197,0,2.5,Diffusion,Operating model = Diffusion
ln_kappa2,2.5590996471674274,197,0,2.5,Diffusion,Operating model = Diffusion
beta[j1],-2.7313887753276367,197,-2.30258509299405,2.5,Diffusion,Operating model = Diffusion
ln_kappa2,3.0313224358207904,197,-2.30258509299405,2.5,Diffusion,Operating model = Diffusion
beta[j1],-2.962621475954634,197,0.693147180559945,2.5,Diffusion,Operating model = Diffusion
ln_kappa2,2.0809105951771487,197,0.693147180559945,2.5,Diffusion,Operating model = Diffusion
beta[j1],-1.1161976064040717,197,0,0,Diffusion,Operating model = Diffusion
ln_kappa2,0.8254527564427995,197,0,0,Diffusion,Operating model = Diffusion
beta[j1],-2.3751964421767022,197,0,5,Diffusion,Operating model = Diffusion
ln_kappa2,8.007268831916887,197,0,5,Diffusion,Operating model = Diffusion
beta[j1],-2.880826867422758,198,0,2.5,Diffusion,Operating model = Diffusion
ln_kappa2,2.1123344629876497,198,0,2.5,Diffusion,Operating model = Diffusion
beta[j1],-2.317468483184022,198,-2.30258509299405,2.5,Diffusion,Operating model = Diffusion
ln_kappa2,2.3312013116395307,198,-2.30258509299405,2.5,Diffusion,Operating model = Diffusion
beta[j1],-2.54113335313453,198,0.693147180559945,2.5,Diffusion,Operating model = Diffusion
ln_kappa2,2.413710078639423,198,0.693147180559945,2.5,Diffusion,Operating model = Diffusion
beta[j1],-1.3937685478314483,198,0,0,Diffusion,Operating model = Diffusion
ln_kappa2,0.4678683656635602,198,0,0,Diffusion,Operating model = Diffusion
beta[j1],-2.4481916425609604,198,0,5,Diffusion,Operating model = Diffusion
ln_kappa2,7.365189266886268,198,0,5,Diffusion,Operating model = Diffusion
beta[j1],-2.625999039415745,199,0,2.5,Diffusion,Operating model = Diffusion
ln_kappa2,2.4239718962199546,199,0,2.5,Diffusion,Operating model = Diffusion
beta[j1],-2.6157622245324976,199,-2.30258509299405,2.5,Diffusion,Operating model = Diffusion
ln_kappa2,2.4581796082792895,199,-2.30258509299405,2.5,Diffusion,Operating model = Diffusion
beta[j1],-2.822966645515424,199,0.693147180559945,2.5,Diffusion,Operating model = Diffusion
ln_kappa2,2.477566633453086,199,0.693147180559945,2.5,Diffusion,Operating model = Diffusion
beta[j1],-2.8548950619789384,199,0,0,Diffusion,Operating model = Diffusion
ln_kappa2,-0.1826314441842672,199,0,0,Diffusion,Operating model = Diffusion
beta[j1],-2.6322766955843027,199,0,5,Diffusion,Operating model = Diffusion
ln_kappa2,7.407007800819639,199,0,5,Diffusion,Operating model = Diffusion
beta[j1],-2.0950607328491757,200,0,2.5,Diffusion,Operating model = Diffusion
ln_kappa2,2.570134285525616,200,0,2.5,Diffusion,Operating model = Diffusion
beta[j1],-2.4344496856188336,200,-2.30258509299405,2.5,Diffusion,Operating model = Diffusion
ln_kappa2,2.414476156451478,200,-2.30258509299405,2.5,Diffusion,Operating model = Diffusion
beta[j1],-2.474239563504663,200,0.693147180559945,2.5,Diffusion,Operating model = Diffusion
ln_kappa2,2.552889964549417,200,0.693147180559945,2.5,Diffusion,Operating model = Diffusion
beta[j1],-0.8760504285596539,200,0,0,Diffusion,Operating model = Diffusion
ln_kappa2,0.641450883062649,200,0,0,Diffusion,Operating model = Diffusion
beta[j1],-2.3471655576354893,200,0,5,Diffusion,Operating model = Diffusion
ln_kappa2,3.894387881563932,200,0,5,Diffusion,Operating model = Diffusion
