par,est,iter,ln_sigma_eta,Estimation model,Operating model
beta[j1],-2.7757239780905936,1,0,Diffusion,Operating model = Diffusion
beta[j1],-2.6594076291632973,1,-2.30258509299405,Diffusion,Operating model = Diffusion
beta[j1],-2.6061883379781614,1,0.693147180559945,Diffusion,Operating model = Diffusion
beta[j1],-2.4727442443467975,2,0,Diffusion,Operating model = Diffusion
beta[j1],-2.16302967981577,2,-2.30258509299405,Diffusion,Operating model = Diffusion
beta[j1],-2.425901420380566,2,0.693147180559945,Diffusion,Operating model = Diffusion
beta[j1],-2.559162663882434,3,0,Diffusion,Operating model = Diffusion
beta[j1],-2.386452688139425,3,-2.30258509299405,Diffusion,Operating model = Diffusion
beta[j1],-2.2145424998904923,3,0.693147180559945,Diffusion,Operating model = Diffusion
beta[j1],-2.2681311140092237,4,0,Diffusion,Operating model = Diffusion
beta[j1],-2.2828973764206255,4,-2.30258509299405,Diffusion,Operating model = Diffusion
beta[j1],-2.447020016106334,4,0.693147180559945,Diffusion,Operating model = Diffusion
beta[j1],-2.411466742556146,5,0,Diffusion,Operating model = Diffusion
beta[j1],-2.3242665579365824,5,-2.30258509299405,Diffusion,Operating model = Diffusion
beta[j1],-2.2043470129507585,5,0.693147180559945,Diffusion,Operating model = Diffusion
beta[j1],-2.437248798697148,6,0,Diffusion,Operating model = Diffusion
beta[j1],-2.0485270563200064,6,-2.30258509299405,Diffusion,Operating model = Diffusion
beta[j1],-2.4423968613627705,6,0.693147180559945,Diffusion,Operating model = Diffusion
beta[j1],-2.184539721410008,7,0,Diffusion,Operating model = Diffusion
beta[j1],-2.5901365772234115,7,-2.30258509299405,Diffusion,Operating model = Diffusion
beta[j1],-2.4096635678115104,7,0.693147180559945,Diffusion,Operating model = Diffusion
beta[j1],-2.4358970217290294,8,0,Diffusion,Operating model = Diffusion
beta[j1],-2.325206223190323,8,-2.30258509299405,Diffusion,Operating model = Diffusion
beta[j1],-3.3898689197468137,8,0.693147180559945,Diffusion,Operating model = Diffusion
beta[j1],-2.4644620647538806,9,0,Diffusion,Operating model = Diffusion
beta[j1],-2.6539694015764344,9,-2.30258509299405,Diffusion,Operating model = Diffusion
beta[j1],-2.3627801790519753,9,0.693147180559945,Diffusion,Operating model = Diffusion
beta[j1],-2.8744927620555183,10,0,Diffusion,Operating model = Diffusion
beta[j1],-2.4918650524994908,10,-2.30258509299405,Diffusion,Operating model = Diffusion
beta[j1],-2.5184391558313877,10,0.693147180559945,Diffusion,Operating model = Diffusion
beta[j1],-2.2441511137813333,11,0,Diffusion,Operating model = Diffusion
beta[j1],-2.0944037131108275,11,-2.30258509299405,Diffusion,Operating model = Diffusion
beta[j1],-2.578029970138433,11,0.693147180559945,Diffusion,Operating model = Diffusion
beta[j1],-2.1472882284868398,12,0,Diffusion,Operating model = Diffusion
beta[j1],-2.1198676112332175,12,-2.30258509299405,Diffusion,Operating model = Diffusion
beta[j1],-2.084384158735594,12,0.693147180559945,Diffusion,Operating model = Diffusion
beta[j1],-2.5235319212572813,13,0,Diffusion,Operating model = Diffusion
beta[j1],-2.621017063884957,13,-2.30258509299405,Diffusion,Operating model = Diffusion
beta[j1],-2.6692872062022417,13,0.693147180559945,Diffusion,Operating model = Diffusion
beta[j1],-2.4030797074905093,14,0,Diffusion,Operating model = Diffusion
beta[j1],-2.0961631716864226,14,-2.30258509299405,Diffusion,Operating model = Diffusion
beta[j1],-3.0506677390406436,14,0.693147180559945,Diffusion,Operating model = Diffusion
beta[j1],-3.0821973233205804,15,0,Diffusion,Operating model = Diffusion
beta[j1],-2.5212886700360566,15,-2.30258509299405,Diffusion,Operating model = Diffusion
beta[j1],-2.399664204810893,15,0.693147180559945,Diffusion,Operating model = Diffusion
beta[j1],-2.8309160666321,16,0,Diffusion,Operating model = Diffusion
beta[j1],-2.192019328722543,16,-2.30258509299405,Diffusion,Operating model = Diffusion
beta[j1],-2.6461646017076754,16,0.693147180559945,Diffusion,Operating model = Diffusion
beta[j1],-2.7642250696236585,17,0,Diffusion,Operating model = Diffusion
beta[j1],-2.555544308236154,17,-2.30258509299405,Diffusion,Operating model = Diffusion
beta[j1],-2.5372500936367786,17,0.693147180559945,Diffusion,Operating model = Diffusion
beta[j1],-2.2217641838998534,18,0,Diffusion,Operating model = Diffusion
beta[j1],-2.210346202041299,18,-2.30258509299405,Diffusion,Operating model = Diffusion
beta[j1],-2.249710722877866,18,0.693147180559945,Diffusion,Operating model = Diffusion
beta[j1],-3.052889490480515,19,0,Diffusion,Operating model = Diffusion
beta[j1],-2.3746524319451825,19,-2.30258509299405,Diffusion,Operating model = Diffusion
beta[j1],-2.047959398248979,19,0.693147180559945,Diffusion,Operating model = Diffusion
beta[j1],-2.846273565796431,20,0,Diffusion,Operating model = Diffusion
beta[j1],-2.4587095911611137,20,-2.30258509299405,Diffusion,Operating model = Diffusion
beta[j1],-2.420924182314147,20,0.693147180559945,Diffusion,Operating model = Diffusion
beta[j1],-2.844778739964224,21,0,Diffusion,Operating model = Diffusion
beta[j1],-2.477052844748585,21,-2.30258509299405,Diffusion,Operating model = Diffusion
beta[j1],-2.490176891635143,21,0.693147180559945,Diffusion,Operating model = Diffusion
beta[j1],-2.770783456857698,22,0,Diffusion,Operating model = Diffusion
beta[j1],-2.174686938530361,22,-2.30258509299405,Diffusion,Operating model = Diffusion
beta[j1],-2.2433079387175394,22,0.693147180559945,Diffusion,Operating model = Diffusion
beta[j1],-2.2323238208309855,23,0,Diffusion,Operating model = Diffusion
beta[j1],-2.4510017236010615,23,-2.30258509299405,Diffusion,Operating model = Diffusion
beta[j1],-2.3796010048535754,23,0.693147180559945,Diffusion,Operating model = Diffusion
beta[j1],-2.9141211958365902,24,0,Diffusion,Operating model = Diffusion
beta[j1],-2.455446103033428,24,-2.30258509299405,Diffusion,Operating model = Diffusion
beta[j1],-2.280041597940267,24,0.693147180559945,Diffusion,Operating model = Diffusion
beta[j1],-2.2720576949243023,25,0,Diffusion,Operating model = Diffusion
beta[j1],-2.3165657656202483,25,-2.30258509299405,Diffusion,Operating model = Diffusion
beta[j1],-2.733848759047434,25,0.693147180559945,Diffusion,Operating model = Diffusion
beta[j1],-2.1328165122940628,26,0,Diffusion,Operating model = Diffusion
beta[j1],-2.346575248755395,26,-2.30258509299405,Diffusion,Operating model = Diffusion
beta[j1],-2.0899598309981475,26,0.693147180559945,Diffusion,Operating model = Diffusion
beta[j1],-1.739489625162083,27,0,Diffusion,Operating model = Diffusion
beta[j1],-2.2426131467712094,27,-2.30258509299405,Diffusion,Operating model = Diffusion
beta[j1],-2.17811399009305,27,0.693147180559945,Diffusion,Operating model = Diffusion
beta[j1],-2.1662349024728256,28,0,Diffusion,Operating model = Diffusion
beta[j1],-2.4849501546654107,28,-2.30258509299405,Diffusion,Operating model = Diffusion
beta[j1],-2.3882390755307337,28,0.693147180559945,Diffusion,Operating model = Diffusion
beta[j1],-2.6055399519612132,29,0,Diffusion,Operating model = Diffusion
beta[j1],-2.496915007188441,29,-2.30258509299405,Diffusion,Operating model = Diffusion
beta[j1],-2.059484931457972,29,0.693147180559945,Diffusion,Operating model = Diffusion
beta[j1],-2.468216196788792,30,0,Diffusion,Operating model = Diffusion
beta[j1],-2.2972349715866742,30,-2.30258509299405,Diffusion,Operating model = Diffusion
beta[j1],-2.3253023778529656,30,0.693147180559945,Diffusion,Operating model = Diffusion
beta[j1],-2.8980864789743386,31,0,Diffusion,Operating model = Diffusion
beta[j1],-2.447869330520083,31,-2.30258509299405,Diffusion,Operating model = Diffusion
beta[j1],-2.512424833302683,31,0.693147180559945,Diffusion,Operating model = Diffusion
beta[j1],-2.3865635045017046,32,0,Diffusion,Operating model = Diffusion
beta[j1],-2.492066189971506,32,-2.30258509299405,Diffusion,Operating model = Diffusion
beta[j1],-2.5485866716678798,32,0.693147180559945,Diffusion,Operating model = Diffusion
beta[j1],-2.339291634955353,33,0,Diffusion,Operating model = Diffusion
beta[j1],-3.2886593847596317,33,-2.30258509299405,Diffusion,Operating model = Diffusion
beta[j1],-2.026063561861387,33,0.693147180559945,Diffusion,Operating model = Diffusion
beta[j1],-2.382980342444076,34,0,Diffusion,Operating model = Diffusion
beta[j1],-2.1879679265335805,34,-2.30258509299405,Diffusion,Operating model = Diffusion
beta[j1],-2.3889317322629955,34,0.693147180559945,Diffusion,Operating model = Diffusion
beta[j1],-2.7279843037161036,35,0,Diffusion,Operating model = Diffusion
beta[j1],-2.753836549695842,35,-2.30258509299405,Diffusion,Operating model = Diffusion
beta[j1],-2.234699772965563,35,0.693147180559945,Diffusion,Operating model = Diffusion
beta[j1],-2.2255507020718133,36,0,Diffusion,Operating model = Diffusion
beta[j1],-2.2753609062257545,36,-2.30258509299405,Diffusion,Operating model = Diffusion
beta[j1],-2.1125716938015024,36,0.693147180559945,Diffusion,Operating model = Diffusion
beta[j1],-2.678044228883449,37,0,Diffusion,Operating model = Diffusion
beta[j1],-2.455193377849092,37,-2.30258509299405,Diffusion,Operating model = Diffusion
beta[j1],-2.649014775100937,37,0.693147180559945,Diffusion,Operating model = Diffusion
beta[j1],-2.2270098922217145,38,0,Diffusion,Operating model = Diffusion
beta[j1],-2.2686720173076123,38,-2.30258509299405,Diffusion,Operating model = Diffusion
beta[j1],-2.499658579178102,38,0.693147180559945,Diffusion,Operating model = Diffusion
beta[j1],-2.4802760075809105,39,0,Diffusion,Operating model = Diffusion
beta[j1],-2.170356582923272,39,-2.30258509299405,Diffusion,Operating model = Diffusion
beta[j1],-2.320487839868438,39,0.693147180559945,Diffusion,Operating model = Diffusion
beta[j1],-2.160724446501376,40,0,Diffusion,Operating model = Diffusion
beta[j1],-2.5379869951086858,40,-2.30258509299405,Diffusion,Operating model = Diffusion
beta[j1],-2.3211689152144794,40,0.693147180559945,Diffusion,Operating model = Diffusion
beta[j1],-2.6909604470701796,41,0,Diffusion,Operating model = Diffusion
beta[j1],-1.832358347570318,41,-2.30258509299405,Diffusion,Operating model = Diffusion
beta[j1],-2.2351346934259153,41,0.693147180559945,Diffusion,Operating model = Diffusion
beta[j1],-2.392891579619202,42,0,Diffusion,Operating model = Diffusion
beta[j1],-2.484751399809379,42,-2.30258509299405,Diffusion,Operating model = Diffusion
beta[j1],-2.5521375312740346,42,0.693147180559945,Diffusion,Operating model = Diffusion
beta[j1],-2.4403525429978967,43,0,Diffusion,Operating model = Diffusion
beta[j1],-2.2640125134081273,43,-2.30258509299405,Diffusion,Operating model = Diffusion
beta[j1],-2.3230586725817433,43,0.693147180559945,Diffusion,Operating model = Diffusion
beta[j1],-2.554653827500809,44,0,Diffusion,Operating model = Diffusion
beta[j1],-3.335368380619194,44,-2.30258509299405,Diffusion,Operating model = Diffusion
beta[j1],-2.5405124277047966,44,0.693147180559945,Diffusion,Operating model = Diffusion
beta[j1],-2.3831012281943953,45,0,Diffusion,Operating model = Diffusion
beta[j1],-2.0974310211118232,45,-2.30258509299405,Diffusion,Operating model = Diffusion
beta[j1],-2.5460261730771703,45,0.693147180559945,Diffusion,Operating model = Diffusion
beta[j1],-2.788794833221585,46,0,Diffusion,Operating model = Diffusion
beta[j1],-3.3112578061750106,46,-2.30258509299405,Diffusion,Operating model = Diffusion
beta[j1],-2.408697700859586,46,0.693147180559945,Diffusion,Operating model = Diffusion
beta[j1],-2.245105326345401,47,0,Diffusion,Operating model = Diffusion
beta[j1],-2.4935500453132837,47,-2.30258509299405,Diffusion,Operating model = Diffusion
beta[j1],-2.3427433100191313,47,0.693147180559945,Diffusion,Operating model = Diffusion
beta[j1],-2.1340981061674746,48,0,Diffusion,Operating model = Diffusion
beta[j1],-2.353014976146441,48,-2.30258509299405,Diffusion,Operating model = Diffusion
beta[j1],-2.5938943888658197,48,0.693147180559945,Diffusion,Operating model = Diffusion
beta[j1],-2.343385079860431,49,0,Diffusion,Operating model = Diffusion
beta[j1],-2.300237886395171,49,-2.30258509299405,Diffusion,Operating model = Diffusion
beta[j1],-2.5410596217899317,49,0.693147180559945,Diffusion,Operating model = Diffusion
beta[j1],-2.6017245122856916,50,0,Diffusion,Operating model = Diffusion
beta[j1],-2.5696350658447864,50,-2.30258509299405,Diffusion,Operating model = Diffusion
beta[j1],-2.248463761091264,50,0.693147180559945,Diffusion,Operating model = Diffusion
beta[j1],-2.3589898176464192,51,0,Diffusion,Operating model = Diffusion
beta[j1],-2.35451417786214,51,-2.30258509299405,Diffusion,Operating model = Diffusion
beta[j1],-2.4674349047736257,51,0.693147180559945,Diffusion,Operating model = Diffusion
beta[j1],-2.196194123134779,52,0,Diffusion,Operating model = Diffusion
beta[j1],-2.3266300900426162,52,-2.30258509299405,Diffusion,Operating model = Diffusion
beta[j1],-2.2493789155835877,52,0.693147180559945,Diffusion,Operating model = Diffusion
beta[j1],-2.2780725592440683,53,0,Diffusion,Operating model = Diffusion
beta[j1],-2.641585849918996,53,-2.30258509299405,Diffusion,Operating model = Diffusion
beta[j1],-2.6065468612451257,53,0.693147180559945,Diffusion,Operating model = Diffusion
beta[j1],-2.1700639497182417,54,0,Diffusion,Operating model = Diffusion
beta[j1],-2.637350266374364,54,-2.30258509299405,Diffusion,Operating model = Diffusion
beta[j1],-2.258455804530119,54,0.693147180559945,Diffusion,Operating model = Diffusion
beta[j1],-2.388720424452917,55,0,Diffusion,Operating model = Diffusion
beta[j1],-2.622852310609471,55,-2.30258509299405,Diffusion,Operating model = Diffusion
beta[j1],-2.4999972760340063,55,0.693147180559945,Diffusion,Operating model = Diffusion
beta[j1],-2.405540823959465,56,0,Diffusion,Operating model = Diffusion
beta[j1],-2.9131345235214283,56,-2.30258509299405,Diffusion,Operating model = Diffusion
beta[j1],-2.062040702471397,56,0.693147180559945,Diffusion,Operating model = Diffusion
beta[j1],-2.5280929341049987,57,0,Diffusion,Operating model = Diffusion
beta[j1],-2.5890540682095433,57,-2.30258509299405,Diffusion,Operating model = Diffusion
beta[j1],-2.5568467955205274,57,0.693147180559945,Diffusion,Operating model = Diffusion
beta[j1],-2.3881826285632526,58,0,Diffusion,Operating model = Diffusion
beta[j1],-2.152894357333098,58,-2.30258509299405,Diffusion,Operating model = Diffusion
beta[j1],-2.281498987018211,58,0.693147180559945,Diffusion,Operating model = Diffusion
beta[j1],-2.389139687581951,59,0,Diffusion,Operating model = Diffusion
beta[j1],-2.557098353236131,59,-2.30258509299405,Diffusion,Operating model = Diffusion
beta[j1],-2.1751850797791485,59,0.693147180559945,Diffusion,Operating model = Diffusion
beta[j1],-2.4579269155716013,60,0,Diffusion,Operating model = Diffusion
beta[j1],-3.030551901569072,60,-2.30258509299405,Diffusion,Operating model = Diffusion
beta[j1],-2.329386641728057,60,0.693147180559945,Diffusion,Operating model = Diffusion
beta[j1],-2.2782390127279633,61,0,Diffusion,Operating model = Diffusion
beta[j1],-2.3973672733845666,61,-2.30258509299405,Diffusion,Operating model = Diffusion
beta[j1],-2.2596963785493847,61,0.693147180559945,Diffusion,Operating model = Diffusion
beta[j1],-2.3961104733929597,62,0,Diffusion,Operating model = Diffusion
beta[j1],-2.1518828092707607,62,-2.30258509299405,Diffusion,Operating model = Diffusion
beta[j1],-2.2910355693608766,62,0.693147180559945,Diffusion,Operating model = Diffusion
beta[j1],-2.9001696756165773,63,0,Diffusion,Operating model = Diffusion
beta[j1],-2.4846577618007974,63,-2.30258509299405,Diffusion,Operating model = Diffusion
beta[j1],-2.5461006462197444,63,0.693147180559945,Diffusion,Operating model = Diffusion
beta[j1],-2.483548856897178,64,0,Diffusion,Operating model = Diffusion
beta[j1],-2.2768893019441196,64,-2.30258509299405,Diffusion,Operating model = Diffusion
beta[j1],-2.9366236960687497,64,0.693147180559945,Diffusion,Operating model = Diffusion
beta[j1],-2.566104277453082,65,0,Diffusion,Operating model = Diffusion
beta[j1],-2.5947359543622603,65,-2.30258509299405,Diffusion,Operating model = Diffusion
beta[j1],-2.4889621190058944,65,0.693147180559945,Diffusion,Operating model = Diffusion
beta[j1],-2.4676195527962825,66,0,Diffusion,Operating model = Diffusion
beta[j1],-2.459070939826606,66,-2.30258509299405,Diffusion,Operating model = Diffusion
beta[j1],-3.2347893716623983,66,0.693147180559945,Diffusion,Operating model = Diffusion
beta[j1],-2.6001102734514756,67,0,Diffusion,Operating model = Diffusion
beta[j1],-2.6588261687180985,67,-2.30258509299405,Diffusion,Operating model = Diffusion
beta[j1],-2.473789292234313,67,0.693147180559945,Diffusion,Operating model = Diffusion
beta[j1],-2.1680479902589678,68,0,Diffusion,Operating model = Diffusion
beta[j1],-2.2832957333532087,68,-2.30258509299405,Diffusion,Operating model = Diffusion
beta[j1],-2.6118935586094882,68,0.693147180559945,Diffusion,Operating model = Diffusion
beta[j1],-2.4280236778982855,69,0,Diffusion,Operating model = Diffusion
beta[j1],-2.442886785242554,69,-2.30258509299405,Diffusion,Operating model = Diffusion
beta[j1],-2.611566761042549,69,0.693147180559945,Diffusion,Operating model = Diffusion
beta[j1],-2.3158297312583658,70,0,Diffusion,Operating model = Diffusion
beta[j1],-2.538382992308199,70,-2.30258509299405,Diffusion,Operating model = Diffusion
beta[j1],-2.282640688160207,70,0.693147180559945,Diffusion,Operating model = Diffusion
beta[j1],-2.215730458615082,71,0,Diffusion,Operating model = Diffusion
beta[j1],-2.534395935005652,71,-2.30258509299405,Diffusion,Operating model = Diffusion
beta[j1],-2.2174340572248123,71,0.693147180559945,Diffusion,Operating model = Diffusion
beta[j1],-2.6450101697132724,72,0,Diffusion,Operating model = Diffusion
beta[j1],-2.6524978949905424,72,-2.30258509299405,Diffusion,Operating model = Diffusion
beta[j1],-2.546388031405445,72,0.693147180559945,Diffusion,Operating model = Diffusion
beta[j1],-2.177494436593085,73,0,Diffusion,Operating model = Diffusion
beta[j1],-2.462391044837996,73,-2.30258509299405,Diffusion,Operating model = Diffusion
beta[j1],-2.768943018269338,73,0.693147180559945,Diffusion,Operating model = Diffusion
beta[j1],-2.5084384234877826,74,0,Diffusion,Operating model = Diffusion
beta[j1],-2.299468619415164,74,-2.30258509299405,Diffusion,Operating model = Diffusion
beta[j1],-2.0910951990477424,74,0.693147180559945,Diffusion,Operating model = Diffusion
beta[j1],-2.91854428270245,75,0,Diffusion,Operating model = Diffusion
beta[j1],-2.635277873293604,75,-2.30258509299405,Diffusion,Operating model = Diffusion
beta[j1],-2.566102038978862,75,0.693147180559945,Diffusion,Operating model = Diffusion
beta[j1],-2.296951108267364,76,0,Diffusion,Operating model = Diffusion
beta[j1],-3.7531033613826765,76,-2.30258509299405,Diffusion,Operating model = Diffusion
beta[j1],-2.432596969030811,76,0.693147180559945,Diffusion,Operating model = Diffusion
beta[j1],-2.362064121784888,77,0,Diffusion,Operating model = Diffusion
beta[j1],-2.200403332075367,77,-2.30258509299405,Diffusion,Operating model = Diffusion
beta[j1],-2.5301876547954154,77,0.693147180559945,Diffusion,Operating model = Diffusion
beta[j1],-2.738657527790471,78,0,Diffusion,Operating model = Diffusion
beta[j1],-2.9023566204986446,78,-2.30258509299405,Diffusion,Operating model = Diffusion
beta[j1],-2.3676096921106144,78,0.693147180559945,Diffusion,Operating model = Diffusion
beta[j1],-2.297227536709579,79,0,Diffusion,Operating model = Diffusion
beta[j1],-2.1803641112290366,79,-2.30258509299405,Diffusion,Operating model = Diffusion
beta[j1],-2.5208388180057875,79,0.693147180559945,Diffusion,Operating model = Diffusion
beta[j1],-2.2358699207350416,80,0,Diffusion,Operating model = Diffusion
beta[j1],-2.5368948218606753,80,-2.30258509299405,Diffusion,Operating model = Diffusion
beta[j1],-2.7337570088611765,80,0.693147180559945,Diffusion,Operating model = Diffusion
beta[j1],-2.2987959222208785,81,0,Diffusion,Operating model = Diffusion
beta[j1],-2.5738502325916426,81,-2.30258509299405,Diffusion,Operating model = Diffusion
beta[j1],-2.2915246080754663,81,0.693147180559945,Diffusion,Operating model = Diffusion
beta[j1],-2.303928920199482,82,0,Diffusion,Operating model = Diffusion
beta[j1],-2.3519322384965795,82,-2.30258509299405,Diffusion,Operating model = Diffusion
beta[j1],-2.612388637329149,82,0.693147180559945,Diffusion,Operating model = Diffusion
beta[j1],-2.304909363104091,83,0,Diffusion,Operating model = Diffusion
beta[j1],-2.4944911220641894,83,-2.30258509299405,Diffusion,Operating model = Diffusion
beta[j1],-2.245856141720238,83,0.693147180559945,Diffusion,Operating model = Diffusion
beta[j1],-2.666583032848423,84,0,Diffusion,Operating model = Diffusion
beta[j1],-2.527776275354223,84,-2.30258509299405,Diffusion,Operating model = Diffusion
beta[j1],-2.7382583035171724,84,0.693147180559945,Diffusion,Operating model = Diffusion
beta[j1],-2.3449336505462672,85,0,Diffusion,Operating model = Diffusion
beta[j1],-2.2218321061523802,85,-2.30258509299405,Diffusion,Operating model = Diffusion
beta[j1],-2.2747199041390553,85,0.693147180559945,Diffusion,Operating model = Diffusion
beta[j1],-2.3135161301788316,86,0,Diffusion,Operating model = Diffusion
beta[j1],-2.417804904167681,86,-2.30258509299405,Diffusion,Operating model = Diffusion
beta[j1],-2.415130770508247,86,0.693147180559945,Diffusion,Operating model = Diffusion
beta[j1],-2.573088142744067,87,0,Diffusion,Operating model = Diffusion
beta[j1],-2.0630673278338607,87,-2.30258509299405,Diffusion,Operating model = Diffusion
beta[j1],-2.052390012335003,87,0.693147180559945,Diffusion,Operating model = Diffusion
beta[j1],-2.1372105589507715,88,0,Diffusion,Operating model = Diffusion
beta[j1],-2.2670070879088047,88,-2.30258509299405,Diffusion,Operating model = Diffusion
beta[j1],-2.320329432136686,88,0.693147180559945,Diffusion,Operating model = Diffusion
beta[j1],-2.8867134920018622,89,0,Diffusion,Operating model = Diffusion
beta[j1],-2.220891740301894,89,-2.30258509299405,Diffusion,Operating model = Diffusion
beta[j1],-2.472111296356937,89,0.693147180559945,Diffusion,Operating model = Diffusion
beta[j1],-2.3993053052690416,90,0,Diffusion,Operating model = Diffusion
beta[j1],-2.4041950754848074,90,-2.30258509299405,Diffusion,Operating model = Diffusion
beta[j1],-2.5506224829337025,90,0.693147180559945,Diffusion,Operating model = Diffusion
beta[j1],-2.3852056227024545,91,0,Diffusion,Operating model = Diffusion
beta[j1],-2.4666436765439546,91,-2.30258509299405,Diffusion,Operating model = Diffusion
beta[j1],-1.9330678241881718,91,0.693147180559945,Diffusion,Operating model = Diffusion
beta[j1],-2.4751194968374817,92,0,Diffusion,Operating model = Diffusion
beta[j1],-2.504444294024283,92,-2.30258509299405,Diffusion,Operating model = Diffusion
beta[j1],-1.7998253091680994,92,0.693147180559945,Diffusion,Operating model = Diffusion
beta[j1],-2.0926491183549154,93,0,Diffusion,Operating model = Diffusion
beta[j1],-2.3879171875737715,93,-2.30258509299405,Diffusion,Operating model = Diffusion
beta[j1],-2.209091666606821,93,0.693147180559945,Diffusion,Operating model = Diffusion
beta[j1],-2.417378195581984,94,0,Diffusion,Operating model = Diffusion
beta[j1],-2.434697048309564,94,-2.30258509299405,Diffusion,Operating model = Diffusion
beta[j1],-2.070919675733864,94,0.693147180559945,Diffusion,Operating model = Diffusion
beta[j1],-2.2715076629878297,95,0,Diffusion,Operating model = Diffusion
beta[j1],-2.2705770157176435,95,-2.30258509299405,Diffusion,Operating model = Diffusion
beta[j1],-2.3752621072781057,95,0.693147180559945,Diffusion,Operating model = Diffusion
beta[j1],-2.480708779482999,96,0,Diffusion,Operating model = Diffusion
beta[j1],-2.3621173838514973,96,-2.30258509299405,Diffusion,Operating model = Diffusion
beta[j1],-2.5640589722408165,96,0.693147180559945,Diffusion,Operating model = Diffusion
beta[j1],-2.3370464715378856,97,0,Diffusion,Operating model = Diffusion
beta[j1],-2.051783184266443,97,-2.30258509299405,Diffusion,Operating model = Diffusion
beta[j1],-2.3987107851469727,97,0.693147180559945,Diffusion,Operating model = Diffusion
beta[j1],-2.2369667523961847,98,0,Diffusion,Operating model = Diffusion
beta[j1],-2.4562251135757878,98,-2.30258509299405,Diffusion,Operating model = Diffusion
beta[j1],-2.459221281429493,98,0.693147180559945,Diffusion,Operating model = Diffusion
beta[j1],-2.340595363034298,99,0,Diffusion,Operating model = Diffusion
beta[j1],-1.8394013578652364,99,-2.30258509299405,Diffusion,Operating model = Diffusion
beta[j1],-2.642557337533871,99,0.693147180559945,Diffusion,Operating model = Diffusion
beta[j1],-2.6460535295119763,100,0,Diffusion,Operating model = Diffusion
beta[j1],-2.721843179549604,100,-2.30258509299405,Diffusion,Operating model = Diffusion
beta[j1],-2.182129860900894,100,0.693147180559945,Diffusion,Operating model = Diffusion
beta[j1],-2.553643364605743,101,0,Diffusion,Operating model = Diffusion
beta[j1],-2.4734013926221263,101,-2.30258509299405,Diffusion,Operating model = Diffusion
beta[j1],-2.548813342223904,101,0.693147180559945,Diffusion,Operating model = Diffusion
beta[j1],-2.372601298542802,102,0,Diffusion,Operating model = Diffusion
beta[j1],-2.041556391086615,102,-2.30258509299405,Diffusion,Operating model = Diffusion
beta[j1],-2.1233172741047066,102,0.693147180559945,Diffusion,Operating model = Diffusion
beta[j1],-2.517161292700082,103,0,Diffusion,Operating model = Diffusion
beta[j1],-2.157309270359279,103,-2.30258509299405,Diffusion,Operating model = Diffusion
beta[j1],-2.8247225099014623,103,0.693147180559945,Diffusion,Operating model = Diffusion
beta[j1],-2.448702079922883,104,0,Diffusion,Operating model = Diffusion
beta[j1],-2.7360323787052248,104,-2.30258509299405,Diffusion,Operating model = Diffusion
beta[j1],-2.847337661519976,104,0.693147180559945,Diffusion,Operating model = Diffusion
beta[j1],-2.5431691260635216,105,0,Diffusion,Operating model = Diffusion
beta[j1],-2.069555358971927,105,-2.30258509299405,Diffusion,Operating model = Diffusion
beta[j1],-2.2839699888191656,105,0.693147180559945,Diffusion,Operating model = Diffusion
beta[j1],-2.544070693397751,106,0,Diffusion,Operating model = Diffusion
beta[j1],-2.2476538461406093,106,-2.30258509299405,Diffusion,Operating model = Diffusion
beta[j1],-2.4443911140839445,106,0.693147180559945,Diffusion,Operating model = Diffusion
beta[j1],-2.5438010540713796,107,0,Diffusion,Operating model = Diffusion
beta[j1],-2.5207077550676025,107,-2.30258509299405,Diffusion,Operating model = Diffusion
beta[j1],-2.1083233392241123,107,0.693147180559945,Diffusion,Operating model = Diffusion
beta[j1],-3.085629054914034,108,0,Diffusion,Operating model = Diffusion
beta[j1],-2.2681787638101647,108,-2.30258509299405,Diffusion,Operating model = Diffusion
beta[j1],-2.321676936854802,108,0.693147180559945,Diffusion,Operating model = Diffusion
beta[j1],-2.054874654805309,109,0,Diffusion,Operating model = Diffusion
beta[j1],-3.3103909692424915,109,-2.30258509299405,Diffusion,Operating model = Diffusion
beta[j1],-2.1631233555939104,109,0.693147180559945,Diffusion,Operating model = Diffusion
beta[j1],-2.602808489031978,110,0,Diffusion,Operating model = Diffusion
beta[j1],-2.625774194608787,110,-2.30258509299405,Diffusion,Operating model = Diffusion
beta[j1],-1.8983706475506277,110,0.693147180559945,Diffusion,Operating model = Diffusion
beta[j1],-2.139688204433637,111,0,Diffusion,Operating model = Diffusion
beta[j1],-2.4279809419213323,111,-2.30258509299405,Diffusion,Operating model = Diffusion
beta[j1],-2.702899269785513,111,0.693147180559945,Diffusion,Operating model = Diffusion
beta[j1],-2.778921154831237,112,0,Diffusion,Operating model = Diffusion
beta[j1],-2.28897811160424,112,-2.30258509299405,Diffusion,Operating model = Diffusion
beta[j1],-2.421152708335507,112,0.693147180559945,Diffusion,Operating model = Diffusion
beta[j1],-2.1491436727016646,113,0,Diffusion,Operating model = Diffusion
beta[j1],-2.087041449833087,113,-2.30258509299405,Diffusion,Operating model = Diffusion
beta[j1],-2.348697754342682,113,0.693147180559945,Diffusion,Operating model = Diffusion
beta[j1],-2.9896414978290484,114,0,Diffusion,Operating model = Diffusion
beta[j1],-2.1145249369067742,114,-2.30258509299405,Diffusion,Operating model = Diffusion
beta[j1],-2.270702172241177,114,0.693147180559945,Diffusion,Operating model = Diffusion
beta[j1],-2.401586713856724,115,0,Diffusion,Operating model = Diffusion
beta[j1],-2.38927476874319,115,-2.30258509299405,Diffusion,Operating model = Diffusion
beta[j1],-2.2357933089839586,115,0.693147180559945,Diffusion,Operating model = Diffusion
beta[j1],-2.6390487427612235,116,0,Diffusion,Operating model = Diffusion
beta[j1],-2.376023417518472,116,-2.30258509299405,Diffusion,Operating model = Diffusion
beta[j1],-2.123610170202544,116,0.693147180559945,Diffusion,Operating model = Diffusion
beta[j1],-2.2621523681005127,117,0,Diffusion,Operating model = Diffusion
beta[j1],-2.5080296860744618,117,-2.30258509299405,Diffusion,Operating model = Diffusion
beta[j1],-2.660887673893096,117,0.693147180559945,Diffusion,Operating model = Diffusion
beta[j1],-2.477949331941442,118,0,Diffusion,Operating model = Diffusion
beta[j1],-2.2773778396702733,118,-2.30258509299405,Diffusion,Operating model = Diffusion
beta[j1],-2.4222463303807857,118,0.693147180559945,Diffusion,Operating model = Diffusion
beta[j1],-2.4152983927253406,119,0,Diffusion,Operating model = Diffusion
beta[j1],-2.6819598109559952,119,-2.30258509299405,Diffusion,Operating model = Diffusion
beta[j1],-2.391471334971496,119,0.693147180559945,Diffusion,Operating model = Diffusion
beta[j1],-2.5764472907025397,120,0,Diffusion,Operating model = Diffusion
beta[j1],-2.6159029837232337,120,-2.30258509299405,Diffusion,Operating model = Diffusion
beta[j1],-2.4745110348470862,120,0.693147180559945,Diffusion,Operating model = Diffusion
beta[j1],-1.9284498677068573,121,0,Diffusion,Operating model = Diffusion
beta[j1],-2.5567195220139274,121,-2.30258509299405,Diffusion,Operating model = Diffusion
beta[j1],-2.4202762308851042,121,0.693147180559945,Diffusion,Operating model = Diffusion
beta[j1],-2.9131152276746155,122,0,Diffusion,Operating model = Diffusion
beta[j1],-2.6836539373449835,122,-2.30258509299405,Diffusion,Operating model = Diffusion
beta[j1],-2.527683889737139,122,0.693147180559945,Diffusion,Operating model = Diffusion
beta[j1],-2.281684744034223,123,0,Diffusion,Operating model = Diffusion
beta[j1],-2.297103373133283,123,-2.30258509299405,Diffusion,Operating model = Diffusion
beta[j1],-2.2943057894664634,123,0.693147180559945,Diffusion,Operating model = Diffusion
beta[j1],-2.484889362067564,124,0,Diffusion,Operating model = Diffusion
beta[j1],-2.4545110150568186,124,-2.30258509299405,Diffusion,Operating model = Diffusion
beta[j1],-2.590414054548627,124,0.693147180559945,Diffusion,Operating model = Diffusion
beta[j1],-2.314112527440439,125,0,Diffusion,Operating model = Diffusion
beta[j1],-2.369911181289588,125,-2.30258509299405,Diffusion,Operating model = Diffusion
beta[j1],-2.2576994335603944,125,0.693147180559945,Diffusion,Operating model = Diffusion
beta[j1],-2.2269406440196717,126,0,Diffusion,Operating model = Diffusion
beta[j1],-2.323214356000362,126,-2.30258509299405,Diffusion,Operating model = Diffusion
beta[j1],-2.6169035853452174,126,0.693147180559945,Diffusion,Operating model = Diffusion
beta[j1],-2.2342099426742847,127,0,Diffusion,Operating model = Diffusion
beta[j1],-2.2356424350545763,127,-2.30258509299405,Diffusion,Operating model = Diffusion
beta[j1],-2.386770951063769,127,0.693147180559945,Diffusion,Operating model = Diffusion
beta[j1],-2.4248786947624743,128,0,Diffusion,Operating model = Diffusion
beta[j1],-2.575539202279248,128,-2.30258509299405,Diffusion,Operating model = Diffusion
beta[j1],-2.6440239610371092,128,0.693147180559945,Diffusion,Operating model = Diffusion
beta[j1],-2.072007264398613,129,0,Diffusion,Operating model = Diffusion
beta[j1],-2.7950602449778525,129,-2.30258509299405,Diffusion,Operating model = Diffusion
beta[j1],-1.9358987284517388,129,0.693147180559945,Diffusion,Operating model = Diffusion
beta[j1],-2.679113923367904,130,0,Diffusion,Operating model = Diffusion
beta[j1],-2.175083703927778,130,-2.30258509299405,Diffusion,Operating model = Diffusion
beta[j1],-2.0996723933985564,130,0.693147180559945,Diffusion,Operating model = Diffusion
beta[j1],-2.2153289041424378,131,0,Diffusion,Operating model = Diffusion
beta[j1],-2.2367012448650456,131,-2.30258509299405,Diffusion,Operating model = Diffusion
beta[j1],-2.096368269938425,131,0.693147180559945,Diffusion,Operating model = Diffusion
beta[j1],-2.2477821098153474,132,0,Diffusion,Operating model = Diffusion
beta[j1],-2.434354528828787,132,-2.30258509299405,Diffusion,Operating model = Diffusion
beta[j1],-2.7669096834685676,132,0.693147180559945,Diffusion,Operating model = Diffusion
beta[j1],-2.448659904103604,133,0,Diffusion,Operating model = Diffusion
beta[j1],-2.501160767426893,133,-2.30258509299405,Diffusion,Operating model = Diffusion
beta[j1],-2.479504689576986,133,0.693147180559945,Diffusion,Operating model = Diffusion
beta[j1],-2.256995402934691,134,0,Diffusion,Operating model = Diffusion
beta[j1],-2.875924642355042,134,-2.30258509299405,Diffusion,Operating model = Diffusion
beta[j1],-2.7369873747918145,134,0.693147180559945,Diffusion,Operating model = Diffusion
beta[j1],-2.4191201504851705,135,0,Diffusion,Operating model = Diffusion
beta[j1],-2.52918709062173,135,-2.30258509299405,Diffusion,Operating model = Diffusion
beta[j1],-2.2746137050714514,135,0.693147180559945,Diffusion,Operating model = Diffusion
beta[j1],-2.3314008061031406,136,0,Diffusion,Operating model = Diffusion
beta[j1],-2.4779353873561085,136,-2.30258509299405,Diffusion,Operating model = Diffusion
beta[j1],-2.593818331754882,136,0.693147180559945,Diffusion,Operating model = Diffusion
beta[j1],-2.1788573100456885,137,0,Diffusion,Operating model = Diffusion
beta[j1],-2.444930689021679,137,-2.30258509299405,Diffusion,Operating model = Diffusion
beta[j1],-2.833391244514922,137,0.693147180559945,Diffusion,Operating model = Diffusion
beta[j1],-2.5770811015944246,138,0,Diffusion,Operating model = Diffusion
beta[j1],-2.415692652173251,138,-2.30258509299405,Diffusion,Operating model = Diffusion
beta[j1],-2.4011240581681763,138,0.693147180559945,Diffusion,Operating model = Diffusion
beta[j1],-2.1215979179392987,139,0,Diffusion,Operating model = Diffusion
beta[j1],-2.336479827235606,139,-2.30258509299405,Diffusion,Operating model = Diffusion
beta[j1],-2.429156239486386,139,0.693147180559945,Diffusion,Operating model = Diffusion
beta[j1],-2.485581760641117,140,0,Diffusion,Operating model = Diffusion
beta[j1],-2.6446455738826296,140,-2.30258509299405,Diffusion,Operating model = Diffusion
beta[j1],-2.1297015322360315,140,0.693147180559945,Diffusion,Operating model = Diffusion
beta[j1],-2.18165886253186,141,0,Diffusion,Operating model = Diffusion
beta[j1],-2.188918633692849,141,-2.30258509299405,Diffusion,Operating model = Diffusion
beta[j1],-2.563548735125265,141,0.693147180559945,Diffusion,Operating model = Diffusion
beta[j1],-2.161738986115437,142,0,Diffusion,Operating model = Diffusion
beta[j1],-2.6032284987013297,142,-2.30258509299405,Diffusion,Operating model = Diffusion
beta[j1],-2.1739041174939793,142,0.693147180559945,Diffusion,Operating model = Diffusion
beta[j1],-2.7513695565110603,143,0,Diffusion,Operating model = Diffusion
beta[j1],-2.3706815708937756,143,-2.30258509299405,Diffusion,Operating model = Diffusion
beta[j1],-2.7045277777217493,143,0.693147180559945,Diffusion,Operating model = Diffusion
beta[j1],-2.2079128137777593,144,0,Diffusion,Operating model = Diffusion
beta[j1],-2.30567462149846,144,-2.30258509299405,Diffusion,Operating model = Diffusion
beta[j1],-2.4098951821161676,144,0.693147180559945,Diffusion,Operating model = Diffusion
beta[j1],-1.9305582404237818,145,0,Diffusion,Operating model = Diffusion
beta[j1],-2.2771533889790314,145,-2.30258509299405,Diffusion,Operating model = Diffusion
beta[j1],-2.296658261927408,145,0.693147180559945,Diffusion,Operating model = Diffusion
beta[j1],-2.5749277088058267,146,0,Diffusion,Operating model = Diffusion
beta[j1],-2.389923240813053,146,-2.30258509299405,Diffusion,Operating model = Diffusion
beta[j1],-2.5509839628690876,146,0.693147180559945,Diffusion,Operating model = Diffusion
beta[j1],-2.3982224938250196,147,0,Diffusion,Operating model = Diffusion
beta[j1],-2.737443726935133,147,-2.30258509299405,Diffusion,Operating model = Diffusion
beta[j1],-1.9814612146449448,147,0.693147180559945,Diffusion,Operating model = Diffusion
beta[j1],-2.189693392547152,148,0,Diffusion,Operating model = Diffusion
beta[j1],-2.794652228934263,148,-2.30258509299405,Diffusion,Operating model = Diffusion
beta[j1],-2.5015033233573023,148,0.693147180559945,Diffusion,Operating model = Diffusion
beta[j1],-2.6451651915936027,149,0,Diffusion,Operating model = Diffusion
beta[j1],-2.3352309153582165,149,-2.30258509299405,Diffusion,Operating model = Diffusion
beta[j1],-2.5446281432319475,149,0.693147180559945,Diffusion,Operating model = Diffusion
beta[j1],-2.435440783920083,150,0,Diffusion,Operating model = Diffusion
beta[j1],-2.2362388539158036,150,-2.30258509299405,Diffusion,Operating model = Diffusion
beta[j1],-2.566963137046018,150,0.693147180559945,Diffusion,Operating model = Diffusion
beta[j1],-2.755920358212457,151,0,Diffusion,Operating model = Diffusion
beta[j1],-2.951969156849176,151,-2.30258509299405,Diffusion,Operating model = Diffusion
beta[j1],-3.0756192989598956,151,0.693147180559945,Diffusion,Operating model = Diffusion
beta[j1],-2.941533821340315,152,0,Diffusion,Operating model = Diffusion
beta[j1],-2.4845953247448165,152,-2.30258509299405,Diffusion,Operating model = Diffusion
beta[j1],-2.014490022065627,152,0.693147180559945,Diffusion,Operating model = Diffusion
beta[j1],-2.355036664923043,153,0,Diffusion,Operating model = Diffusion
beta[j1],-2.4376328397923457,153,-2.30258509299405,Diffusion,Operating model = Diffusion
beta[j1],-2.4210474231565815,153,0.693147180559945,Diffusion,Operating model = Diffusion
beta[j1],-2.428341255747989,154,0,Diffusion,Operating model = Diffusion
beta[j1],-2.4326331914533945,154,-2.30258509299405,Diffusion,Operating model = Diffusion
beta[j1],-2.303405037117554,154,0.693147180559945,Diffusion,Operating model = Diffusion
beta[j1],-2.573537878240553,155,0,Diffusion,Operating model = Diffusion
beta[j1],-2.0733959141737697,155,-2.30258509299405,Diffusion,Operating model = Diffusion
beta[j1],-2.860618431944466,155,0.693147180559945,Diffusion,Operating model = Diffusion
beta[j1],-2.3863419706912827,156,0,Diffusion,Operating model = Diffusion
beta[j1],-2.364962865360917,156,-2.30258509299405,Diffusion,Operating model = Diffusion
beta[j1],-2.451506181715219,156,0.693147180559945,Diffusion,Operating model = Diffusion
beta[j1],-2.4615424791482337,157,0,Diffusion,Operating model = Diffusion
beta[j1],-2.360438556492195,157,-2.30258509299405,Diffusion,Operating model = Diffusion
beta[j1],-2.2582412020572318,157,0.693147180559945,Diffusion,Operating model = Diffusion
beta[j1],-2.6158341643493954,158,0,Diffusion,Operating model = Diffusion
beta[j1],-2.3063042509294287,158,-2.30258509299405,Diffusion,Operating model = Diffusion
beta[j1],-2.416547793004692,158,0.693147180559945,Diffusion,Operating model = Diffusion
beta[j1],-2.3506585484483216,159,0,Diffusion,Operating model = Diffusion
beta[j1],-2.800774763003821,159,-2.30258509299405,Diffusion,Operating model = Diffusion
beta[j1],-2.208395861588122,159,0.693147180559945,Diffusion,Operating model = Diffusion
beta[j1],-2.204024967227329,160,0,Diffusion,Operating model = Diffusion
beta[j1],-2.3691275437699977,160,-2.30258509299405,Diffusion,Operating model = Diffusion
beta[j1],-2.332869188971397,160,0.693147180559945,Diffusion,Operating model = Diffusion
beta[j1],-2.2331734338027176,161,0,Diffusion,Operating model = Diffusion
beta[j1],-2.441062758285342,161,-2.30258509299405,Diffusion,Operating model = Diffusion
beta[j1],-2.9291252273394153,161,0.693147180559945,Diffusion,Operating model = Diffusion
beta[j1],-2.39986456836602,162,0,Diffusion,Operating model = Diffusion
beta[j1],-2.380287600153167,162,-2.30258509299405,Diffusion,Operating model = Diffusion
beta[j1],-2.8250367705572743,162,0.693147180559945,Diffusion,Operating model = Diffusion
beta[j1],-3.0544291307667173,163,0,Diffusion,Operating model = Diffusion
beta[j1],-2.613737315688052,163,-2.30258509299405,Diffusion,Operating model = Diffusion
beta[j1],-2.5875096325520657,163,0.693147180559945,Diffusion,Operating model = Diffusion
beta[j1],-2.2760070739852196,164,0,Diffusion,Operating model = Diffusion
beta[j1],-3.027840278557139,164,-2.30258509299405,Diffusion,Operating model = Diffusion
beta[j1],-2.408755782774573,164,0.693147180559945,Diffusion,Operating model = Diffusion
beta[j1],-2.819712433139078,165,0,Diffusion,Operating model = Diffusion
beta[j1],-2.233231229020749,165,-2.30258509299405,Diffusion,Operating model = Diffusion
beta[j1],-2.3728532613364943,165,0.693147180559945,Diffusion,Operating model = Diffusion
beta[j1],-2.233193665027032,166,0,Diffusion,Operating model = Diffusion
beta[j1],-2.323141113855205,166,-2.30258509299405,Diffusion,Operating model = Diffusion
beta[j1],-2.249787523732485,166,0.693147180559945,Diffusion,Operating model = Diffusion
beta[j1],-2.3436723106982447,167,0,Diffusion,Operating model = Diffusion
beta[j1],-2.6754015235506645,167,-2.30258509299405,Diffusion,Operating model = Diffusion
beta[j1],-2.6297248027326403,167,0.693147180559945,Diffusion,Operating model = Diffusion
beta[j1],-2.373060904643096,168,0,Diffusion,Operating model = Diffusion
beta[j1],-2.5382359690537815,168,-2.30258509299405,Diffusion,Operating model = Diffusion
beta[j1],-2.2090004630173183,168,0.693147180559945,Diffusion,Operating model = Diffusion
beta[j1],-2.5395929288181076,169,0,Diffusion,Operating model = Diffusion
beta[j1],-2.1159258264767153,169,-2.30258509299405,Diffusion,Operating model = Diffusion
beta[j1],-1.7577130709787667,169,0.693147180559945,Diffusion,Operating model = Diffusion
beta[j1],-3.5566609027073905,170,0,Diffusion,Operating model = Diffusion
beta[j1],-2.383953530899382,170,-2.30258509299405,Diffusion,Operating model = Diffusion
beta[j1],-2.431115138746709,170,0.693147180559945,Diffusion,Operating model = Diffusion
beta[j1],-2.331733685052438,171,0,Diffusion,Operating model = Diffusion
beta[j1],-2.4260126899784553,171,-2.30258509299405,Diffusion,Operating model = Diffusion
beta[j1],-2.312421217333024,171,0.693147180559945,Diffusion,Operating model = Diffusion
beta[j1],-2.0629786185259182,172,0,Diffusion,Operating model = Diffusion
beta[j1],-2.139266660990578,172,-2.30258509299405,Diffusion,Operating model = Diffusion
beta[j1],-2.39015655603779,172,0.693147180559945,Diffusion,Operating model = Diffusion
beta[j1],-2.6166219707388905,173,0,Diffusion,Operating model = Diffusion
beta[j1],-2.4412995917036393,173,-2.30258509299405,Diffusion,Operating model = Diffusion
beta[j1],-3.4448088292626675,173,0.693147180559945,Diffusion,Operating model = Diffusion
beta[j1],-2.753422940968413,174,0,Diffusion,Operating model = Diffusion
beta[j1],-2.5031212571719053,174,-2.30258509299405,Diffusion,Operating model = Diffusion
beta[j1],-2.3124133232151407,174,0.693147180559945,Diffusion,Operating model = Diffusion
beta[j1],-2.93917706438922,175,0,Diffusion,Operating model = Diffusion
beta[j1],-2.4730266337105684,175,-2.30258509299405,Diffusion,Operating model = Diffusion
beta[j1],-3.018317340202805,175,0.693147180559945,Diffusion,Operating model = Diffusion
beta[j1],-2.411313676898378,176,0,Diffusion,Operating model = Diffusion
beta[j1],-2.389303142514656,176,-2.30258509299405,Diffusion,Operating model = Diffusion
beta[j1],-2.3902814709950886,176,0.693147180559945,Diffusion,Operating model = Diffusion
beta[j1],-2.4667063305821797,177,0,Diffusion,Operating model = Diffusion
beta[j1],-2.8306421411956815,177,-2.30258509299405,Diffusion,Operating model = Diffusion
beta[j1],-2.497084077166757,177,0.693147180559945,Diffusion,Operating model = Diffusion
beta[j1],-2.4631529016533062,178,0,Diffusion,Operating model = Diffusion
beta[j1],-3.5717432499222816,178,-2.30258509299405,Diffusion,Operating model = Diffusion
beta[j1],-2.5080549554854588,178,0.693147180559945,Diffusion,Operating model = Diffusion
beta[j1],-2.3830421764674905,179,0,Diffusion,Operating model = Diffusion
beta[j1],-2.2073984441235845,179,-2.30258509299405,Diffusion,Operating model = Diffusion
beta[j1],-2.040249491862775,179,0.693147180559945,Diffusion,Operating model = Diffusion
beta[j1],-2.179272437054595,180,0,Diffusion,Operating model = Diffusion
beta[j1],-2.595435475225775,180,-2.30258509299405,Diffusion,Operating model = Diffusion
beta[j1],-2.3657219054723853,180,0.693147180559945,Diffusion,Operating model = Diffusion
beta[j1],-2.8593182944886024,181,0,Diffusion,Operating model = Diffusion
beta[j1],-2.676105772009499,181,-2.30258509299405,Diffusion,Operating model = Diffusion
beta[j1],-2.061667321871694,181,0.693147180559945,Diffusion,Operating model = Diffusion
beta[j1],-2.6910283232705505,182,0,Diffusion,Operating model = Diffusion
beta[j1],-2.466476454111673,182,-2.30258509299405,Diffusion,Operating model = Diffusion
beta[j1],-2.450698293269373,182,0.693147180559945,Diffusion,Operating model = Diffusion
beta[j1],-2.3147559964683744,183,0,Diffusion,Operating model = Diffusion
beta[j1],-2.6204686582400556,183,-2.30258509299405,Diffusion,Operating model = Diffusion
beta[j1],-2.2441005906049147,183,0.693147180559945,Diffusion,Operating model = Diffusion
beta[j1],-2.5599245796369363,184,0,Diffusion,Operating model = Diffusion
beta[j1],-3.0576478935465996,184,-2.30258509299405,Diffusion,Operating model = Diffusion
beta[j1],-2.1010584590766905,184,0.693147180559945,Diffusion,Operating model = Diffusion
beta[j1],-2.8863863997097363,185,0,Diffusion,Operating model = Diffusion
beta[j1],-2.4946904966174155,185,-2.30258509299405,Diffusion,Operating model = Diffusion
beta[j1],-2.8022674621069505,185,0.693147180559945,Diffusion,Operating model = Diffusion
beta[j1],-2.0334987622198097,186,0,Diffusion,Operating model = Diffusion
beta[j1],-2.137056662784988,186,-2.30258509299405,Diffusion,Operating model = Diffusion
beta[j1],-2.398608434690081,186,0.693147180559945,Diffusion,Operating model = Diffusion
beta[j1],-2.197435421645637,187,0,Diffusion,Operating model = Diffusion
beta[j1],-2.1253856554273836,187,-2.30258509299405,Diffusion,Operating model = Diffusion
beta[j1],-1.8980975544482672,187,0.693147180559945,Diffusion,Operating model = Diffusion
beta[j1],-2.278245272645954,188,0,Diffusion,Operating model = Diffusion
beta[j1],-2.5674251958230196,188,-2.30258509299405,Diffusion,Operating model = Diffusion
beta[j1],-2.3610945418489964,188,0.693147180559945,Diffusion,Operating model = Diffusion
beta[j1],-2.431111762642578,189,0,Diffusion,Operating model = Diffusion
beta[j1],-2.1967989056765655,189,-2.30258509299405,Diffusion,Operating model = Diffusion
beta[j1],-2.3475796797364796,189,0.693147180559945,Diffusion,Operating model = Diffusion
beta[j1],-3.041654539445901,190,0,Diffusion,Operating model = Diffusion
beta[j1],-2.1863504746909266,190,-2.30258509299405,Diffusion,Operating model = Diffusion
beta[j1],-2.596949608403966,190,0.693147180559945,Diffusion,Operating model = Diffusion
beta[j1],-2.416729255584639,191,0,Diffusion,Operating model = Diffusion
beta[j1],-2.32925613573495,191,-2.30258509299405,Diffusion,Operating model = Diffusion
beta[j1],-2.6252037829709214,191,0.693147180559945,Diffusion,Operating model = Diffusion
beta[j1],-2.0881443750955415,192,0,Diffusion,Operating model = Diffusion
beta[j1],-2.163086939778308,192,-2.30258509299405,Diffusion,Operating model = Diffusion
beta[j1],-2.412294823830996,192,0.693147180559945,Diffusion,Operating model = Diffusion
beta[j1],-2.7417668935579265,193,0,Diffusion,Operating model = Diffusion
beta[j1],-2.6620424232463935,193,-2.30258509299405,Diffusion,Operating model = Diffusion
beta[j1],-2.194784736592976,193,0.693147180559945,Diffusion,Operating model = Diffusion
beta[j1],-2.770718709926321,194,0,Diffusion,Operating model = Diffusion
beta[j1],-2.523006831158118,194,-2.30258509299405,Diffusion,Operating model = Diffusion
beta[j1],-2.732410598836286,194,0.693147180559945,Diffusion,Operating model = Diffusion
beta[j1],-2.53971052039768,195,0,Diffusion,Operating model = Diffusion
beta[j1],-2.277771488856408,195,-2.30258509299405,Diffusion,Operating model = Diffusion
beta[j1],-2.652039118294301,195,0.693147180559945,Diffusion,Operating model = Diffusion
beta[j1],-2.2827796790257486,196,0,Diffusion,Operating model = Diffusion
beta[j1],-2.414269849197657,196,-2.30258509299405,Diffusion,Operating model = Diffusion
beta[j1],-2.2739546856549953,196,0.693147180559945,Diffusion,Operating model = Diffusion
beta[j1],-2.804717132804744,197,0,Diffusion,Operating model = Diffusion
beta[j1],-2.24293639934291,197,-2.30258509299405,Diffusion,Operating model = Diffusion
beta[j1],-2.439514580613053,197,0.693147180559945,Diffusion,Operating model = Diffusion
beta[j1],-2.072318538758851,198,0,Diffusion,Operating model = Diffusion
beta[j1],-2.4057248446216,198,-2.30258509299405,Diffusion,Operating model = Diffusion
beta[j1],-2.2940192523174336,198,0.693147180559945,Diffusion,Operating model = Diffusion
beta[j1],-2.576599058993444,199,0,Diffusion,Operating model = Diffusion
beta[j1],-2.260284117905632,199,-2.30258509299405,Diffusion,Operating model = Diffusion
beta[j1],-2.4625944536740674,199,0.693147180559945,Diffusion,Operating model = Diffusion
beta[j1],-2.430254547524639,200,0,Diffusion,Operating model = Diffusion
beta[j1],-2.1430932365994706,200,-2.30258509299405,Diffusion,Operating model = Diffusion
beta[j1],-2.628966514274354,200,0.693147180559945,Diffusion,Operating model = Diffusion
beta[j1],-1.7177284579319905,1,0,Null,Operating model = Diffusion
beta[j1],-1.5595883758304845,1,-2.30258509299405,Null,Operating model = Diffusion
beta[j1],-1.8717571717246324,1,0.693147180559945,Null,Operating model = Diffusion
beta[j1],-1.8895481967458476,2,0,Null,Operating model = Diffusion
beta[j1],-1.2165944429802404,2,-2.30258509299405,Null,Operating model = Diffusion
beta[j1],-1.9743038720108044,2,0.693147180559945,Null,Operating model = Diffusion
beta[j1],-2.3994806401224875,3,0,Null,Operating model = Diffusion
beta[j1],-1.716380539643099,3,-2.30258509299405,Null,Operating model = Diffusion
beta[j1],-2.0417513489745946,3,0.693147180559945,Null,Operating model = Diffusion
beta[j1],-1.6584059257748887,4,0,Null,Operating model = Diffusion
beta[j1],-1.5346014977983504,4,-2.30258509299405,Null,Operating model = Diffusion
beta[j1],-1.7502370043730167,4,0.693147180559945,Null,Operating model = Diffusion
beta[j1],-1.5478641928649577,5,0,Null,Operating model = Diffusion
beta[j1],-1.9212050712387796,5,-2.30258509299405,Null,Operating model = Diffusion
beta[j1],-1.7805536108943263,5,0.693147180559945,Null,Operating model = Diffusion
beta[j1],-2.188312233422049,6,0,Null,Operating model = Diffusion
beta[j1],-1.4899798803439592,6,-2.30258509299405,Null,Operating model = Diffusion
beta[j1],-1.8501719577070697,6,0.693147180559945,Null,Operating model = Diffusion
beta[j1],-1.6650660789472906,7,0,Null,Operating model = Diffusion
beta[j1],-1.3678530608559758,7,-2.30258509299405,Null,Operating model = Diffusion
beta[j1],-1.9419130793816224,7,0.693147180559945,Null,Operating model = Diffusion
beta[j1],-1.6440478049830138,8,0,Null,Operating model = Diffusion
beta[j1],-1.6968515166206215,8,-2.30258509299405,Null,Operating model = Diffusion
beta[j1],-1.8651113425108736,8,0.693147180559945,Null,Operating model = Diffusion
beta[j1],-1.5876029135616785,9,0,Null,Operating model = Diffusion
beta[j1],-2.253578298037474,9,-2.30258509299405,Null,Operating model = Diffusion
beta[j1],-1.736031703806645,9,0.693147180559945,Null,Operating model = Diffusion
beta[j1],-1.3878070764573434,10,0,Null,Operating model = Diffusion
beta[j1],-1.431282050080219,10,-2.30258509299405,Null,Operating model = Diffusion
beta[j1],-1.9339207992490046,10,0.693147180559945,Null,Operating model = Diffusion
beta[j1],-1.563261985031734,11,0,Null,Operating model = Diffusion
beta[j1],-1.6022150337413807,11,-2.30258509299405,Null,Operating model = Diffusion
beta[j1],-1.7952144392007328,11,0.693147180559945,Null,Operating model = Diffusion
beta[j1],-1.8619331827751575,12,0,Null,Operating model = Diffusion
beta[j1],-1.8017733618473732,12,-2.30258509299405,Null,Operating model = Diffusion
beta[j1],-1.543383082956014,12,0.693147180559945,Null,Operating model = Diffusion
beta[j1],-1.7836630711534913,13,0,Null,Operating model = Diffusion
beta[j1],-2.3788059766799594,13,-2.30258509299405,Null,Operating model = Diffusion
beta[j1],-2.191377118850519,13,0.693147180559945,Null,Operating model = Diffusion
beta[j1],-1.7656646022495461,14,0,Null,Operating model = Diffusion
beta[j1],-1.6727602611975536,14,-2.30258509299405,Null,Operating model = Diffusion
beta[j1],-2.02343373778973,14,0.693147180559945,Null,Operating model = Diffusion
beta[j1],-2.4483551423675123,15,0,Null,Operating model = Diffusion
beta[j1],-1.5584726139876697,15,-2.30258509299405,Null,Operating model = Diffusion
beta[j1],-1.7926194177971,15,0.693147180559945,Null,Operating model = Diffusion
beta[j1],-1.753704699173895,16,0,Null,Operating model = Diffusion
beta[j1],-2.0230305503470882,16,-2.30258509299405,Null,Operating model = Diffusion
beta[j1],-1.9415178500642534,16,0.693147180559945,Null,Operating model = Diffusion
beta[j1],-1.8293528552652425,17,0,Null,Operating model = Diffusion
beta[j1],-1.8618110361086806,17,-2.30258509299405,Null,Operating model = Diffusion
beta[j1],-1.759167539542943,17,0.693147180559945,Null,Operating model = Diffusion
beta[j1],-1.4982830029919683,18,0,Null,Operating model = Diffusion
beta[j1],-1.456786682502169,18,-2.30258509299405,Null,Operating model = Diffusion
beta[j1],-1.770931337999561,18,0.693147180559945,Null,Operating model = Diffusion
beta[j1],-2.109144046063593,19,0,Null,Operating model = Diffusion
beta[j1],-2.0756745998152026,19,-2.30258509299405,Null,Operating model = Diffusion
beta[j1],-1.5930488289964406,19,0.693147180559945,Null,Operating model = Diffusion
beta[j1],-1.9386881841865697,20,0,Null,Operating model = Diffusion
beta[j1],-1.530558525990136,20,-2.30258509299405,Null,Operating model = Diffusion
beta[j1],-1.838677866397666,20,0.693147180559945,Null,Operating model = Diffusion
beta[j1],-2.10532640157662,21,0,Null,Operating model = Diffusion
beta[j1],-1.7878702888938418,21,-2.30258509299405,Null,Operating model = Diffusion
beta[j1],-1.9312505045145145,21,0.693147180559945,Null,Operating model = Diffusion
beta[j1],-2.374618329148544,22,0,Null,Operating model = Diffusion
beta[j1],-1.7125339960686166,22,-2.30258509299405,Null,Operating model = Diffusion
beta[j1],-1.8436765181034926,22,0.693147180559945,Null,Operating model = Diffusion
beta[j1],-1.6645411751134074,23,0,Null,Operating model = Diffusion
beta[j1],-1.3979374220193082,23,-2.30258509299405,Null,Operating model = Diffusion
beta[j1],-1.6860375994307482,23,0.693147180559945,Null,Operating model = Diffusion
beta[j1],-1.8296930953554618,24,0,Null,Operating model = Diffusion
beta[j1],-1.6494446802341602,24,-2.30258509299405,Null,Operating model = Diffusion
beta[j1],-1.6658326119752154,24,0.693147180559945,Null,Operating model = Diffusion
beta[j1],-1.5768186894334737,25,0,Null,Operating model = Diffusion
beta[j1],-1.7122395945589153,25,-2.30258509299405,Null,Operating model = Diffusion
beta[j1],-1.738593239582977,25,0.693147180559945,Null,Operating model = Diffusion
beta[j1],-1.4497416047064413,26,0,Null,Operating model = Diffusion
beta[j1],-1.5699688692945544,26,-2.30258509299405,Null,Operating model = Diffusion
beta[j1],-1.8026966724002111,26,0.693147180559945,Null,Operating model = Diffusion
beta[j1],-1.4226091638202663,27,0,Null,Operating model = Diffusion
beta[j1],-1.6731365868558203,27,-2.30258509299405,Null,Operating model = Diffusion
beta[j1],-1.7341195360685773,27,0.693147180559945,Null,Operating model = Diffusion
beta[j1],-2.145445871605466,28,0,Null,Operating model = Diffusion
beta[j1],-1.5541392292730436,28,-2.30258509299405,Null,Operating model = Diffusion
beta[j1],-1.903117489478049,28,0.693147180559945,Null,Operating model = Diffusion
beta[j1],-2.11940166859924,29,0,Null,Operating model = Diffusion
beta[j1],-2.278031863308379,29,-2.30258509299405,Null,Operating model = Diffusion
beta[j1],-1.742723231383681,29,0.693147180559945,Null,Operating model = Diffusion
beta[j1],-1.5570899810434184,30,0,Null,Operating model = Diffusion
beta[j1],-1.3910395403302696,30,-2.30258509299405,Null,Operating model = Diffusion
beta[j1],-1.6760757182627086,30,0.693147180559945,Null,Operating model = Diffusion
beta[j1],-2.1879948487495007,31,0,Null,Operating model = Diffusion
beta[j1],-1.5528756133324895,31,-2.30258509299405,Null,Operating model = Diffusion
beta[j1],-1.6086047218898547,31,0.693147180559945,Null,Operating model = Diffusion
beta[j1],-1.4959061431365372,32,0,Null,Operating model = Diffusion
beta[j1],-1.808273192778126,32,-2.30258509299405,Null,Operating model = Diffusion
beta[j1],-1.6683354614549208,32,0.693147180559945,Null,Operating model = Diffusion
beta[j1],-1.938416062134297,33,0,Null,Operating model = Diffusion
beta[j1],-2.3241557980239826,33,-2.30258509299405,Null,Operating model = Diffusion
beta[j1],-1.6887946493529966,33,0.693147180559945,Null,Operating model = Diffusion
beta[j1],-1.8356206372536188,34,0,Null,Operating model = Diffusion
beta[j1],-1.5810880721035903,34,-2.30258509299405,Null,Operating model = Diffusion
beta[j1],-1.7955223740761685,34,0.693147180559945,Null,Operating model = Diffusion
beta[j1],-1.6962547920594273,35,0,Null,Operating model = Diffusion
beta[j1],-1.8362241105371162,35,-2.30258509299405,Null,Operating model = Diffusion
beta[j1],-1.5946434746797769,35,0.693147180559945,Null,Operating model = Diffusion
beta[j1],-1.6360417361359076,36,0,Null,Operating model = Diffusion
beta[j1],-1.4200208072968232,36,-2.30258509299405,Null,Operating model = Diffusion
beta[j1],-1.569109566490089,36,0.693147180559945,Null,Operating model = Diffusion
beta[j1],-1.6355909607339087,37,0,Null,Operating model = Diffusion
beta[j1],-1.503802160209552,37,-2.30258509299405,Null,Operating model = Diffusion
beta[j1],-1.810304596469217,37,0.693147180559945,Null,Operating model = Diffusion
beta[j1],-1.6923412043592252,38,0,Null,Operating model = Diffusion
beta[j1],-1.302208701095249,38,-2.30258509299405,Null,Operating model = Diffusion
beta[j1],-2.2002591709957167,38,0.693147180559945,Null,Operating model = Diffusion
beta[j1],-1.9109657093489747,39,0,Null,Operating model = Diffusion
beta[j1],-1.6225411648703831,39,-2.30258509299405,Null,Operating model = Diffusion
beta[j1],-1.616417067503943,39,0.693147180559945,Null,Operating model = Diffusion
beta[j1],-1.8386542867127142,40,0,Null,Operating model = Diffusion
beta[j1],-2.150380812674694,40,-2.30258509299405,Null,Operating model = Diffusion
beta[j1],-1.7010476262549568,40,0.693147180559945,Null,Operating model = Diffusion
beta[j1],-2.2431243470999083,41,0,Null,Operating model = Diffusion
beta[j1],-1.4806757823236616,41,-2.30258509299405,Null,Operating model = Diffusion
beta[j1],-1.6209069750858394,41,0.693147180559945,Null,Operating model = Diffusion
beta[j1],-2.282708263162385,42,0,Null,Operating model = Diffusion
beta[j1],-1.7104952971613225,42,-2.30258509299405,Null,Operating model = Diffusion
beta[j1],-1.8484022608763633,42,0.693147180559945,Null,Operating model = Diffusion
beta[j1],-1.9198151355547755,43,0,Null,Operating model = Diffusion
beta[j1],-1.9404978185423463,43,-2.30258509299405,Null,Operating model = Diffusion
beta[j1],-1.8327363688917377,43,0.693147180559945,Null,Operating model = Diffusion
beta[j1],-1.619321456947667,44,0,Null,Operating model = Diffusion
beta[j1],-2.0975133242377595,44,-2.30258509299405,Null,Operating model = Diffusion
beta[j1],-1.9459034262874126,44,0.693147180559945,Null,Operating model = Diffusion
beta[j1],-1.4949613739964611,45,0,Null,Operating model = Diffusion
beta[j1],-1.5996605489438622,45,-2.30258509299405,Null,Operating model = Diffusion
beta[j1],-1.6632828362577463,45,0.693147180559945,Null,Operating model = Diffusion
beta[j1],-1.5955996797739627,46,0,Null,Operating model = Diffusion
beta[j1],-2.060102218596984,46,-2.30258509299405,Null,Operating model = Diffusion
beta[j1],-1.9847781972781355,46,0.693147180559945,Null,Operating model = Diffusion
beta[j1],-1.497334787980093,47,0,Null,Operating model = Diffusion
beta[j1],-1.392251353505201,47,-2.30258509299405,Null,Operating model = Diffusion
beta[j1],-1.8978851532397627,47,0.693147180559945,Null,Operating model = Diffusion
beta[j1],-1.6832531936925832,48,0,Null,Operating model = Diffusion
beta[j1],-1.6640783152054306,48,-2.30258509299405,Null,Operating model = Diffusion
beta[j1],-1.9786811826298378,48,0.693147180559945,Null,Operating model = Diffusion
beta[j1],-1.9779630665136982,49,0,Null,Operating model = Diffusion
beta[j1],-1.7785580409767767,49,-2.30258509299405,Null,Operating model = Diffusion
beta[j1],-1.7888612160706474,49,0.693147180559945,Null,Operating model = Diffusion
beta[j1],-2.0799040976850036,50,0,Null,Operating model = Diffusion
beta[j1],-1.5439367339167416,50,-2.30258509299405,Null,Operating model = Diffusion
beta[j1],-1.8830994830281484,50,0.693147180559945,Null,Operating model = Diffusion
beta[j1],-1.808229323851121,51,0,Null,Operating model = Diffusion
beta[j1],-1.5477117632506605,51,-2.30258509299405,Null,Operating model = Diffusion
beta[j1],-1.7952778520933461,51,0.693147180559945,Null,Operating model = Diffusion
beta[j1],-1.5032187868691322,52,0,Null,Operating model = Diffusion
beta[j1],-1.5158524023064173,52,-2.30258509299405,Null,Operating model = Diffusion
beta[j1],-1.6750727014536915,52,0.693147180559945,Null,Operating model = Diffusion
beta[j1],-1.766259578143963,53,0,Null,Operating model = Diffusion
beta[j1],-1.4193604861840365,53,-2.30258509299405,Null,Operating model = Diffusion
beta[j1],-1.7299609667977303,53,0.693147180559945,Null,Operating model = Diffusion
beta[j1],-1.8180774431412268,54,0,Null,Operating model = Diffusion
beta[j1],-2.1951821950975288,54,-2.30258509299405,Null,Operating model = Diffusion
beta[j1],-1.649154518476346,54,0.693147180559945,Null,Operating model = Diffusion
beta[j1],-1.607764052184684,55,0,Null,Operating model = Diffusion
beta[j1],-1.7996350024155985,55,-2.30258509299405,Null,Operating model = Diffusion
beta[j1],-1.6886621396348058,55,0.693147180559945,Null,Operating model = Diffusion
beta[j1],-1.7328506186170558,56,0,Null,Operating model = Diffusion
beta[j1],-2.2138057111859832,56,-2.30258509299405,Null,Operating model = Diffusion
beta[j1],-1.5333439354294867,56,0.693147180559945,Null,Operating model = Diffusion
beta[j1],-1.7433402269048066,57,0,Null,Operating model = Diffusion
beta[j1],-2.013121834917169,57,-2.30258509299405,Null,Operating model = Diffusion
beta[j1],-2.113053471068272,57,0.693147180559945,Null,Operating model = Diffusion
beta[j1],-1.5438252822540983,58,0,Null,Operating model = Diffusion
beta[j1],-1.4201438225335572,58,-2.30258509299405,Null,Operating model = Diffusion
beta[j1],-1.8478017427747693,58,0.693147180559945,Null,Operating model = Diffusion
beta[j1],-1.8419957460186192,59,0,Null,Operating model = Diffusion
beta[j1],-1.7765168222611023,59,-2.30258509299405,Null,Operating model = Diffusion
beta[j1],-1.5537917589707415,59,0.693147180559945,Null,Operating model = Diffusion
beta[j1],-1.7668437098442864,60,0,Null,Operating model = Diffusion
beta[j1],-2.9176799966328097,60,-2.30258509299405,Null,Operating model = Diffusion
beta[j1],-1.6759797654245974,60,0.693147180559945,Null,Operating model = Diffusion
beta[j1],-1.924993638062125,61,0,Null,Operating model = Diffusion
beta[j1],-2.078293371033317,61,-2.30258509299405,Null,Operating model = Diffusion
beta[j1],-1.6584886739700317,61,0.693147180559945,Null,Operating model = Diffusion
beta[j1],-1.8151773039017816,62,0,Null,Operating model = Diffusion
beta[j1],-1.2687184444787747,62,-2.30258509299405,Null,Operating model = Diffusion
beta[j1],-2.0010015490785866,62,0.693147180559945,Null,Operating model = Diffusion
beta[j1],-1.9652936272588195,63,0,Null,Operating model = Diffusion
beta[j1],-1.4917477624215019,63,-2.30258509299405,Null,Operating model = Diffusion
beta[j1],-1.8718567762034186,63,0.693147180559945,Null,Operating model = Diffusion
beta[j1],-2.1301137806476853,64,0,Null,Operating model = Diffusion
beta[j1],-1.561641001390335,64,-2.30258509299405,Null,Operating model = Diffusion
beta[j1],-2.1534530775467347,64,0.693147180559945,Null,Operating model = Diffusion
beta[j1],-1.6855729124629961,65,0,Null,Operating model = Diffusion
beta[j1],-1.422438600909269,65,-2.30258509299405,Null,Operating model = Diffusion
beta[j1],-1.5697805549436452,65,0.693147180559945,Null,Operating model = Diffusion
beta[j1],-1.783964059085528,66,0,Null,Operating model = Diffusion
beta[j1],-2.111481139776776,66,-2.30258509299405,Null,Operating model = Diffusion
beta[j1],-2.453264918600382,66,0.693147180559945,Null,Operating model = Diffusion
beta[j1],-1.9391549059785547,67,0,Null,Operating model = Diffusion
beta[j1],-1.8308661208761976,67,-2.30258509299405,Null,Operating model = Diffusion
beta[j1],-1.7288130383835494,67,0.693147180559945,Null,Operating model = Diffusion
beta[j1],-1.9276891846078799,68,0,Null,Operating model = Diffusion
beta[j1],-1.837233126469453,68,-2.30258509299405,Null,Operating model = Diffusion
beta[j1],-1.7251335925635853,68,0.693147180559945,Null,Operating model = Diffusion
beta[j1],-1.8366396362811381,69,0,Null,Operating model = Diffusion
beta[j1],-1.6296487320340054,69,-2.30258509299405,Null,Operating model = Diffusion
beta[j1],-1.8106155247912745,69,0.693147180559945,Null,Operating model = Diffusion
beta[j1],-1.401386247804807,70,0,Null,Operating model = Diffusion
beta[j1],-1.7115425693370603,70,-2.30258509299405,Null,Operating model = Diffusion
beta[j1],-1.6495296284703942,70,0.693147180559945,Null,Operating model = Diffusion
beta[j1],-1.545409663788204,71,0,Null,Operating model = Diffusion
beta[j1],-1.4073999670086297,71,-2.30258509299405,Null,Operating model = Diffusion
beta[j1],-1.574527273857392,71,0.693147180559945,Null,Operating model = Diffusion
beta[j1],-2.6091379373452286,72,0,Null,Operating model = Diffusion
beta[j1],-1.7146653272331167,72,-2.30258509299405,Null,Operating model = Diffusion
beta[j1],-1.8162440513611473,72,0.693147180559945,Null,Operating model = Diffusion
beta[j1],-1.754004673646441,73,0,Null,Operating model = Diffusion
beta[j1],-1.663794300894158,73,-2.30258509299405,Null,Operating model = Diffusion
beta[j1],-1.7811587831352185,73,0.693147180559945,Null,Operating model = Diffusion
beta[j1],-1.646419970880819,74,0,Null,Operating model = Diffusion
beta[j1],-1.5784641503727277,74,-2.30258509299405,Null,Operating model = Diffusion
beta[j1],-1.812610028348098,74,0.693147180559945,Null,Operating model = Diffusion
beta[j1],-2.142555142319059,75,0,Null,Operating model = Diffusion
beta[j1],-2.080972869891106,75,-2.30258509299405,Null,Operating model = Diffusion
beta[j1],-1.6614777593131884,75,0.693147180559945,Null,Operating model = Diffusion
beta[j1],-1.8841817452877667,76,0,Null,Operating model = Diffusion
beta[j1],-2.1385569233952877,76,-2.30258509299405,Null,Operating model = Diffusion
beta[j1],-1.9073278978007249,76,0.693147180559945,Null,Operating model = Diffusion
beta[j1],-1.7194573178773664,77,0,Null,Operating model = Diffusion
beta[j1],-1.819756780628471,77,-2.30258509299405,Null,Operating model = Diffusion
beta[j1],-1.5856468399026722,77,0.693147180559945,Null,Operating model = Diffusion
beta[j1],-1.7545839224407662,78,0,Null,Operating model = Diffusion
beta[j1],-2.5309809327263775,78,-2.30258509299405,Null,Operating model = Diffusion
beta[j1],-1.7867306501019182,78,0.693147180559945,Null,Operating model = Diffusion
beta[j1],-1.7400774543016815,79,0,Null,Operating model = Diffusion
beta[j1],-1.7815564525264274,79,-2.30258509299405,Null,Operating model = Diffusion
beta[j1],-2.1869883631841587,79,0.693147180559945,Null,Operating model = Diffusion
beta[j1],-1.7229773635788983,80,0,Null,Operating model = Diffusion
beta[j1],-1.959878927223466,80,-2.30258509299405,Null,Operating model = Diffusion
beta[j1],-1.6990710987311521,80,0.693147180559945,Null,Operating model = Diffusion
beta[j1],-1.4788977226245708,81,0,Null,Operating model = Diffusion
beta[j1],-1.9059521096072731,81,-2.30258509299405,Null,Operating model = Diffusion
beta[j1],-1.8382103724678118,81,0.693147180559945,Null,Operating model = Diffusion
beta[j1],-1.9086426856579264,82,0,Null,Operating model = Diffusion
beta[j1],-1.5028848240505441,82,-2.30258509299405,Null,Operating model = Diffusion
beta[j1],-2.118200367862024,82,0.693147180559945,Null,Operating model = Diffusion
beta[j1],-1.8868698164760302,83,0,Null,Operating model = Diffusion
beta[j1],-1.2953455475713092,83,-2.30258509299405,Null,Operating model = Diffusion
beta[j1],-1.624959622437095,83,0.693147180559945,Null,Operating model = Diffusion
beta[j1],-1.8963880299963105,84,0,Null,Operating model = Diffusion
beta[j1],-1.5255980467662802,84,-2.30258509299405,Null,Operating model = Diffusion
beta[j1],-1.9657732513014947,84,0.693147180559945,Null,Operating model = Diffusion
beta[j1],-1.6227254315437944,85,0,Null,Operating model = Diffusion
beta[j1],-1.9726484548369692,85,-2.30258509299405,Null,Operating model = Diffusion
beta[j1],-1.6725648769171886,85,0.693147180559945,Null,Operating model = Diffusion
beta[j1],-1.876924911459818,86,0,Null,Operating model = Diffusion
beta[j1],-1.6341341278579493,86,-2.30258509299405,Null,Operating model = Diffusion
beta[j1],-1.6273655529547495,86,0.693147180559945,Null,Operating model = Diffusion
beta[j1],-1.5320860752080225,87,0,Null,Operating model = Diffusion
beta[j1],-1.2788841545587102,87,-2.30258509299405,Null,Operating model = Diffusion
beta[j1],-1.5450743310691928,87,0.693147180559945,Null,Operating model = Diffusion
beta[j1],-1.5729979295906944,88,0,Null,Operating model = Diffusion
beta[j1],-1.402364327653327,88,-2.30258509299405,Null,Operating model = Diffusion
beta[j1],-1.829157111709403,88,0.693147180559945,Null,Operating model = Diffusion
beta[j1],-1.9689124263730942,89,0,Null,Operating model = Diffusion
beta[j1],-1.403737708652689,89,-2.30258509299405,Null,Operating model = Diffusion
beta[j1],-1.5685338907399136,89,0.693147180559945,Null,Operating model = Diffusion
beta[j1],-1.9499485843755096,90,0,Null,Operating model = Diffusion
beta[j1],-1.4204536680620305,90,-2.30258509299405,Null,Operating model = Diffusion
beta[j1],-1.7166964192664258,90,0.693147180559945,Null,Operating model = Diffusion
beta[j1],-1.7806582282115264,91,0,Null,Operating model = Diffusion
beta[j1],-1.8265210881829488,91,-2.30258509299405,Null,Operating model = Diffusion
beta[j1],-1.665835993408113,91,0.693147180559945,Null,Operating model = Diffusion
beta[j1],-2.004206710100323,92,0,Null,Operating model = Diffusion
beta[j1],-1.604634142578976,92,-2.30258509299405,Null,Operating model = Diffusion
beta[j1],-1.6447504544782892,92,0.693147180559945,Null,Operating model = Diffusion
beta[j1],-1.5678435984572074,93,0,Null,Operating model = Diffusion
beta[j1],-1.492448226882002,93,-2.30258509299405,Null,Operating model = Diffusion
beta[j1],-1.6790826195239015,93,0.693147180559945,Null,Operating model = Diffusion
beta[j1],-1.6858065129350481,94,0,Null,Operating model = Diffusion
beta[j1],-1.5884112581154288,94,-2.30258509299405,Null,Operating model = Diffusion
beta[j1],-1.6972633080429378,94,0.693147180559945,Null,Operating model = Diffusion
beta[j1],-1.8630826740356785,95,0,Null,Operating model = Diffusion
beta[j1],-1.5418778143542533,95,-2.30258509299405,Null,Operating model = Diffusion
beta[j1],-1.7736555861932515,95,0.693147180559945,Null,Operating model = Diffusion
beta[j1],-1.8125909486931295,96,0,Null,Operating model = Diffusion
beta[j1],-1.6433192721924585,96,-2.30258509299405,Null,Operating model = Diffusion
beta[j1],-1.7061038443777217,96,0.693147180559945,Null,Operating model = Diffusion
beta[j1],-1.6313663658624025,97,0,Null,Operating model = Diffusion
beta[j1],-1.599099387051634,97,-2.30258509299405,Null,Operating model = Diffusion
beta[j1],-1.5824782569102187,97,0.693147180559945,Null,Operating model = Diffusion
beta[j1],-2.041729960447312,98,0,Null,Operating model = Diffusion
beta[j1],-1.8186907158322756,98,-2.30258509299405,Null,Operating model = Diffusion
beta[j1],-1.6456830962168603,98,0.693147180559945,Null,Operating model = Diffusion
beta[j1],-1.772080952728073,99,0,Null,Operating model = Diffusion
beta[j1],-1.4246142113617477,99,-2.30258509299405,Null,Operating model = Diffusion
beta[j1],-2.0710337710280005,99,0.693147180559945,Null,Operating model = Diffusion
beta[j1],-1.781474591678951,100,0,Null,Operating model = Diffusion
beta[j1],-2.1499340736343373,100,-2.30258509299405,Null,Operating model = Diffusion
beta[j1],-1.6864018865048827,100,0.693147180559945,Null,Operating model = Diffusion
beta[j1],-1.580826518769905,101,0,Null,Operating model = Diffusion
beta[j1],-1.8361193277818846,101,-2.30258509299405,Null,Operating model = Diffusion
beta[j1],-2.0168831386929913,101,0.693147180559945,Null,Operating model = Diffusion
beta[j1],-1.6557343566901153,102,0,Null,Operating model = Diffusion
beta[j1],-1.5710377362925019,102,-2.30258509299405,Null,Operating model = Diffusion
beta[j1],-1.6282906954434087,102,0.693147180559945,Null,Operating model = Diffusion
beta[j1],-1.718345965958006,103,0,Null,Operating model = Diffusion
beta[j1],-1.569463698515599,103,-2.30258509299405,Null,Operating model = Diffusion
beta[j1],-1.6609508316436195,103,0.693147180559945,Null,Operating model = Diffusion
beta[j1],-2.063811267903776,104,0,Null,Operating model = Diffusion
beta[j1],-2.3752821088994676,104,-2.30258509299405,Null,Operating model = Diffusion
beta[j1],-1.6918916703390627,104,0.693147180559945,Null,Operating model = Diffusion
beta[j1],-2.004693879297138,105,0,Null,Operating model = Diffusion
beta[j1],-1.6450517926613164,105,-2.30258509299405,Null,Operating model = Diffusion
beta[j1],-1.6785940986130952,105,0.693147180559945,Null,Operating model = Diffusion
beta[j1],-1.716007336292923,106,0,Null,Operating model = Diffusion
beta[j1],-1.7375489531315738,106,-2.30258509299405,Null,Operating model = Diffusion
beta[j1],-1.6246806251842025,106,0.693147180559945,Null,Operating model = Diffusion
beta[j1],-1.641740917021983,107,0,Null,Operating model = Diffusion
beta[j1],-1.6525477162549191,107,-2.30258509299405,Null,Operating model = Diffusion
beta[j1],-1.5777937285260903,107,0.693147180559945,Null,Operating model = Diffusion
beta[j1],-2.248024201661755,108,0,Null,Operating model = Diffusion
beta[j1],-1.8515561068173179,108,-2.30258509299405,Null,Operating model = Diffusion
beta[j1],-1.725017187751109,108,0.693147180559945,Null,Operating model = Diffusion
beta[j1],-1.5105058234772506,109,0,Null,Operating model = Diffusion
beta[j1],-1.6664775992833147,109,-2.30258509299405,Null,Operating model = Diffusion
beta[j1],-1.717007136068623,109,0.693147180559945,Null,Operating model = Diffusion
beta[j1],-1.9163483383815052,110,0,Null,Operating model = Diffusion
beta[j1],-1.5750538075551155,110,-2.30258509299405,Null,Operating model = Diffusion
beta[j1],-1.6332106673084859,110,0.693147180559945,Null,Operating model = Diffusion
beta[j1],-1.5347777810847607,111,0,Null,Operating model = Diffusion
beta[j1],-1.6950904534213176,111,-2.30258509299405,Null,Operating model = Diffusion
beta[j1],-2.1253665785933293,111,0.693147180559945,Null,Operating model = Diffusion
beta[j1],-1.9247673395704716,112,0,Null,Operating model = Diffusion
beta[j1],-1.490800045933623,112,-2.30258509299405,Null,Operating model = Diffusion
beta[j1],-1.8018878176011461,112,0.693147180559945,Null,Operating model = Diffusion
beta[j1],-1.5687289268756082,113,0,Null,Operating model = Diffusion
beta[j1],-1.5325218425341196,113,-2.30258509299405,Null,Operating model = Diffusion
beta[j1],-1.9300559090337106,113,0.693147180559945,Null,Operating model = Diffusion
beta[j1],-2.414964872463405,114,0,Null,Operating model = Diffusion
beta[j1],-1.4312563406110441,114,-2.30258509299405,Null,Operating model = Diffusion
beta[j1],-1.8476593436382551,114,0.693147180559945,Null,Operating model = Diffusion
beta[j1],-1.5753076375262292,115,0,Null,Operating model = Diffusion
beta[j1],-1.3982071525007638,115,-2.30258509299405,Null,Operating model = Diffusion
beta[j1],-1.5779236561090735,115,0.693147180559945,Null,Operating model = Diffusion
beta[j1],-1.6608381464985251,116,0,Null,Operating model = Diffusion
beta[j1],-1.5304994515510537,116,-2.30258509299405,Null,Operating model = Diffusion
beta[j1],-1.825411601677309,116,0.693147180559945,Null,Operating model = Diffusion
beta[j1],-1.7070927941428122,117,0,Null,Operating model = Diffusion
beta[j1],-1.4174036882122765,117,-2.30258509299405,Null,Operating model = Diffusion
beta[j1],-1.6286131905175099,117,0.693147180559945,Null,Operating model = Diffusion
beta[j1],-2.024487761880849,118,0,Null,Operating model = Diffusion
beta[j1],-1.4668101649227212,118,-2.30258509299405,Null,Operating model = Diffusion
beta[j1],-1.5245693396388962,118,0.693147180559945,Null,Operating model = Diffusion
beta[j1],-2.0494257214240172,119,0,Null,Operating model = Diffusion
beta[j1],-1.693215960337273,119,-2.30258509299405,Null,Operating model = Diffusion
beta[j1],-1.791329246839153,119,0.693147180559945,Null,Operating model = Diffusion
beta[j1],-1.7601870452611919,120,0,Null,Operating model = Diffusion
beta[j1],-1.9381429813735302,120,-2.30258509299405,Null,Operating model = Diffusion
beta[j1],-1.8101128153360857,120,0.693147180559945,Null,Operating model = Diffusion
beta[j1],-1.69546466749055,121,0,Null,Operating model = Diffusion
beta[j1],-1.9044287275787688,121,-2.30258509299405,Null,Operating model = Diffusion
beta[j1],-1.7513329271716251,121,0.693147180559945,Null,Operating model = Diffusion
beta[j1],-2.212331904198218,122,0,Null,Operating model = Diffusion
beta[j1],-1.4632771632004675,122,-2.30258509299405,Null,Operating model = Diffusion
beta[j1],-1.6269408436695392,122,0.693147180559945,Null,Operating model = Diffusion
beta[j1],-1.3992508179814112,123,0,Null,Operating model = Diffusion
beta[j1],-1.5368951370030748,123,-2.30258509299405,Null,Operating model = Diffusion
beta[j1],-1.8393741030933621,123,0.693147180559945,Null,Operating model = Diffusion
beta[j1],-1.910994968200526,124,0,Null,Operating model = Diffusion
beta[j1],-2.1351864647344936,124,-2.30258509299405,Null,Operating model = Diffusion
beta[j1],-1.708525149869375,124,0.693147180559945,Null,Operating model = Diffusion
beta[j1],-1.603504575832176,125,0,Null,Operating model = Diffusion
beta[j1],-1.3724483794828073,125,-2.30258509299405,Null,Operating model = Diffusion
beta[j1],-1.623032401185006,125,0.693147180559945,Null,Operating model = Diffusion
beta[j1],-1.557348734923834,126,0,Null,Operating model = Diffusion
beta[j1],-1.7279274782377338,126,-2.30258509299405,Null,Operating model = Diffusion
beta[j1],-1.9514129719236777,126,0.693147180559945,Null,Operating model = Diffusion
beta[j1],-1.5427827491240658,127,0,Null,Operating model = Diffusion
beta[j1],-1.928233743671685,127,-2.30258509299405,Null,Operating model = Diffusion
beta[j1],-1.8271920539909532,127,0.693147180559945,Null,Operating model = Diffusion
beta[j1],-1.8342645026249467,128,0,Null,Operating model = Diffusion
beta[j1],-1.4234380762235723,128,-2.30258509299405,Null,Operating model = Diffusion
beta[j1],-2.101532706080427,128,0.693147180559945,Null,Operating model = Diffusion
beta[j1],-1.6909294808429627,129,0,Null,Operating model = Diffusion
beta[j1],-1.7041464673333717,129,-2.30258509299405,Null,Operating model = Diffusion
beta[j1],-1.6964775558436902,129,0.693147180559945,Null,Operating model = Diffusion
beta[j1],-1.6927266262674965,130,0,Null,Operating model = Diffusion
beta[j1],-1.8749359417711218,130,-2.30258509299405,Null,Operating model = Diffusion
beta[j1],-1.6581548973462852,130,0.693147180559945,Null,Operating model = Diffusion
beta[j1],-1.6087696524750685,131,0,Null,Operating model = Diffusion
beta[j1],-1.6239322343197635,131,-2.30258509299405,Null,Operating model = Diffusion
beta[j1],-2.016709390152393,131,0.693147180559945,Null,Operating model = Diffusion
beta[j1],-1.8808692958008526,132,0,Null,Operating model = Diffusion
beta[j1],-1.4496148793678785,132,-2.30258509299405,Null,Operating model = Diffusion
beta[j1],-1.5539833892671282,132,0.693147180559945,Null,Operating model = Diffusion
beta[j1],-1.8420977396929128,133,0,Null,Operating model = Diffusion
beta[j1],-1.5075054244768065,133,-2.30258509299405,Null,Operating model = Diffusion
beta[j1],-1.874340652199926,133,0.693147180559945,Null,Operating model = Diffusion
beta[j1],-1.8054310907132851,134,0,Null,Operating model = Diffusion
beta[j1],-1.7383650665975638,134,-2.30258509299405,Null,Operating model = Diffusion
beta[j1],-1.8880904102142912,134,0.693147180559945,Null,Operating model = Diffusion
beta[j1],-1.5099097417863554,135,0,Null,Operating model = Diffusion
beta[j1],-1.4922283584296774,135,-2.30258509299405,Null,Operating model = Diffusion
beta[j1],-1.6911474757785925,135,0.693147180559945,Null,Operating model = Diffusion
beta[j1],-1.5568053016751007,136,0,Null,Operating model = Diffusion
beta[j1],-2.1443054736676728,136,-2.30258509299405,Null,Operating model = Diffusion
beta[j1],-1.850504236068355,136,0.693147180559945,Null,Operating model = Diffusion
beta[j1],-1.6227267180104816,137,0,Null,Operating model = Diffusion
beta[j1],-1.5359454503349006,137,-2.30258509299405,Null,Operating model = Diffusion
beta[j1],-1.7446126971410871,137,0.693147180559945,Null,Operating model = Diffusion
beta[j1],-1.5712523763605002,138,0,Null,Operating model = Diffusion
beta[j1],-1.6540406992272612,138,-2.30258509299405,Null,Operating model = Diffusion
beta[j1],-1.5382648029389985,138,0.693147180559945,Null,Operating model = Diffusion
beta[j1],-1.6193620590161635,139,0,Null,Operating model = Diffusion
beta[j1],-1.610431294631358,139,-2.30258509299405,Null,Operating model = Diffusion
beta[j1],-1.6681557282749717,139,0.693147180559945,Null,Operating model = Diffusion
beta[j1],-1.8897666840555185,140,0,Null,Operating model = Diffusion
beta[j1],-2.125755950952978,140,-2.30258509299405,Null,Operating model = Diffusion
beta[j1],-1.6045803789740098,140,0.693147180559945,Null,Operating model = Diffusion
beta[j1],-1.5473369792981193,141,0,Null,Operating model = Diffusion
beta[j1],-1.7544599581610605,141,-2.30258509299405,Null,Operating model = Diffusion
beta[j1],-1.901513214242161,141,0.693147180559945,Null,Operating model = Diffusion
beta[j1],-1.672196239507803,142,0,Null,Operating model = Diffusion
beta[j1],-1.4533911486082378,142,-2.30258509299405,Null,Operating model = Diffusion
beta[j1],-1.5336525807352717,142,0.693147180559945,Null,Operating model = Diffusion
beta[j1],-2.365200583261512,143,0,Null,Operating model = Diffusion
beta[j1],-1.7377557436522522,143,-2.30258509299405,Null,Operating model = Diffusion
beta[j1],-1.8930500727052195,143,0.693147180559945,Null,Operating model = Diffusion
beta[j1],-1.5401089449286565,144,0,Null,Operating model = Diffusion
beta[j1],-1.6212650649682692,144,-2.30258509299405,Null,Operating model = Diffusion
beta[j1],-1.6506342986226983,144,0.693147180559945,Null,Operating model = Diffusion
beta[j1],-1.4750151776303433,145,0,Null,Operating model = Diffusion
beta[j1],-1.563612395883949,145,-2.30258509299405,Null,Operating model = Diffusion
beta[j1],-1.5144030839746672,145,0.693147180559945,Null,Operating model = Diffusion
beta[j1],-1.6626921535710495,146,0,Null,Operating model = Diffusion
beta[j1],-1.3766097688741306,146,-2.30258509299405,Null,Operating model = Diffusion
beta[j1],-1.8929878888399483,146,0.693147180559945,Null,Operating model = Diffusion
beta[j1],-2.0014598000707426,147,0,Null,Operating model = Diffusion
beta[j1],-1.9030346316240772,147,-2.30258509299405,Null,Operating model = Diffusion
beta[j1],-1.558278704569948,147,0.693147180559945,Null,Operating model = Diffusion
beta[j1],-1.641254239239524,148,0,Null,Operating model = Diffusion
beta[j1],-2.231039113397333,148,-2.30258509299405,Null,Operating model = Diffusion
beta[j1],-1.7072398163117941,148,0.693147180559945,Null,Operating model = Diffusion
beta[j1],-2.1608576974348424,149,0,Null,Operating model = Diffusion
beta[j1],-1.7115959054493615,149,-2.30258509299405,Null,Operating model = Diffusion
beta[j1],-1.7083608818336598,149,0.693147180559945,Null,Operating model = Diffusion
beta[j1],-1.6103709241262192,150,0,Null,Operating model = Diffusion
beta[j1],-1.6500295407020913,150,-2.30258509299405,Null,Operating model = Diffusion
beta[j1],-1.701054938123758,150,0.693147180559945,Null,Operating model = Diffusion
beta[j1],-2.4342934424173337,151,0,Null,Operating model = Diffusion
beta[j1],-2.3143961061542324,151,-2.30258509299405,Null,Operating model = Diffusion
beta[j1],-2.8534496097801214,151,0.693147180559945,Null,Operating model = Diffusion
beta[j1],-1.947929358207129,152,0,Null,Operating model = Diffusion
beta[j1],-1.599362475604763,152,-2.30258509299405,Null,Operating model = Diffusion
beta[j1],-1.5793232205797925,152,0.693147180559945,Null,Operating model = Diffusion
beta[j1],-1.5193749418233147,153,0,Null,Operating model = Diffusion
beta[j1],-1.9556145107037324,153,-2.30258509299405,Null,Operating model = Diffusion
beta[j1],-1.752541008158981,153,0.693147180559945,Null,Operating model = Diffusion
beta[j1],-1.528976741588794,154,0,Null,Operating model = Diffusion
beta[j1],-1.3296185567783922,154,-2.30258509299405,Null,Operating model = Diffusion
beta[j1],-1.7479349669234703,154,0.693147180559945,Null,Operating model = Diffusion
beta[j1],-2.43425171726062,155,0,Null,Operating model = Diffusion
beta[j1],-1.405627321271838,155,-2.30258509299405,Null,Operating model = Diffusion
beta[j1],-1.6654583848125013,155,0.693147180559945,Null,Operating model = Diffusion
beta[j1],-1.7544040524567277,156,0,Null,Operating model = Diffusion
beta[j1],-1.4053098199598113,156,-2.30258509299405,Null,Operating model = Diffusion
beta[j1],-1.683099674605369,156,0.693147180559945,Null,Operating model = Diffusion
beta[j1],-1.5326796665553752,157,0,Null,Operating model = Diffusion
beta[j1],-1.7569599269264566,157,-2.30258509299405,Null,Operating model = Diffusion
beta[j1],-1.6528674877868303,157,0.693147180559945,Null,Operating model = Diffusion
beta[j1],-1.7492936405096915,158,0,Null,Operating model = Diffusion
beta[j1],-1.6812754877848244,158,-2.30258509299405,Null,Operating model = Diffusion
beta[j1],-1.7585458398428222,158,0.693147180559945,Null,Operating model = Diffusion
beta[j1],-1.8172806876196856,159,0,Null,Operating model = Diffusion
beta[j1],-1.6055711535418147,159,-2.30258509299405,Null,Operating model = Diffusion
beta[j1],-1.5577816426908508,159,0.693147180559945,Null,Operating model = Diffusion
beta[j1],-1.6017755919155159,160,0,Null,Operating model = Diffusion
beta[j1],-1.595151479836564,160,-2.30258509299405,Null,Operating model = Diffusion
beta[j1],-1.8484836869134176,160,0.693147180559945,Null,Operating model = Diffusion
beta[j1],-1.5613496523809705,161,0,Null,Operating model = Diffusion
beta[j1],-1.8297303699622247,161,-2.30258509299405,Null,Operating model = Diffusion
beta[j1],-2.3820824737287367,161,0.693147180559945,Null,Operating model = Diffusion
beta[j1],-1.6521435490484062,162,0,Null,Operating model = Diffusion
beta[j1],-1.4179590977133476,162,-2.30258509299405,Null,Operating model = Diffusion
beta[j1],-1.8946143165034985,162,0.693147180559945,Null,Operating model = Diffusion
beta[j1],-2.385336892491203,163,0,Null,Operating model = Diffusion
beta[j1],-1.5472124879429248,163,-2.30258509299405,Null,Operating model = Diffusion
beta[j1],-1.7885298129282645,163,0.693147180559945,Null,Operating model = Diffusion
beta[j1],-1.4303433109866965,164,0,Null,Operating model = Diffusion
beta[j1],-1.578807387369767,164,-2.30258509299405,Null,Operating model = Diffusion
beta[j1],-1.5785803284432784,164,0.693147180559945,Null,Operating model = Diffusion
beta[j1],-2.126728947304484,165,0,Null,Operating model = Diffusion
beta[j1],-1.9739877826004044,165,-2.30258509299405,Null,Operating model = Diffusion
beta[j1],-1.6150547637994253,165,0.693147180559945,Null,Operating model = Diffusion
beta[j1],-1.7253293176269684,166,0,Null,Operating model = Diffusion
beta[j1],-1.8531466779436179,166,-2.30258509299405,Null,Operating model = Diffusion
beta[j1],-1.707152484073207,166,0.693147180559945,Null,Operating model = Diffusion
beta[j1],-1.7247420173190313,167,0,Null,Operating model = Diffusion
beta[j1],-1.3452366664280466,167,-2.30258509299405,Null,Operating model = Diffusion
beta[j1],-2.066368349650345,167,0.693147180559945,Null,Operating model = Diffusion
beta[j1],-1.7239063619813288,168,0,Null,Operating model = Diffusion
beta[j1],-1.6470044346789017,168,-2.30258509299405,Null,Operating model = Diffusion
beta[j1],-1.7295762710250158,168,0.693147180559945,Null,Operating model = Diffusion
beta[j1],-1.724428084818632,169,0,Null,Operating model = Diffusion
beta[j1],-1.5480664007418488,169,-2.30258509299405,Null,Operating model = Diffusion
beta[j1],-1.5593873296354972,169,0.693147180559945,Null,Operating model = Diffusion
beta[j1],-2.238616307444121,170,0,Null,Operating model = Diffusion
beta[j1],-1.5944699370012418,170,-2.30258509299405,Null,Operating model = Diffusion
beta[j1],-1.8350087657745482,170,0.693147180559945,Null,Operating model = Diffusion
beta[j1],-1.6618400416002501,171,0,Null,Operating model = Diffusion
beta[j1],-1.8117924979966165,171,-2.30258509299405,Null,Operating model = Diffusion
beta[j1],-1.7764207148930038,171,0.693147180559945,Null,Operating model = Diffusion
beta[j1],-1.593663373322738,172,0,Null,Operating model = Diffusion
beta[j1],-1.6418604096083016,172,-2.30258509299405,Null,Operating model = Diffusion
beta[j1],-1.8139712358630125,172,0.693147180559945,Null,Operating model = Diffusion
beta[j1],-1.6452997025429112,173,0,Null,Operating model = Diffusion
beta[j1],-1.2979789019872192,173,-2.30258509299405,Null,Operating model = Diffusion
beta[j1],-2.1839840123414453,173,0.693147180559945,Null,Operating model = Diffusion
beta[j1],-1.6156363692126037,174,0,Null,Operating model = Diffusion
beta[j1],-1.7711844656208326,174,-2.30258509299405,Null,Operating model = Diffusion
beta[j1],-1.9850086090895416,174,0.693147180559945,Null,Operating model = Diffusion
beta[j1],-1.8721298975037468,175,0,Null,Operating model = Diffusion
beta[j1],-1.9842099709904228,175,-2.30258509299405,Null,Operating model = Diffusion
beta[j1],-1.9612855318207774,175,0.693147180559945,Null,Operating model = Diffusion
beta[j1],-1.8187194227713694,176,0,Null,Operating model = Diffusion
beta[j1],-1.6973983533591623,176,-2.30258509299405,Null,Operating model = Diffusion
beta[j1],-1.588957587684986,176,0.693147180559945,Null,Operating model = Diffusion
beta[j1],-1.8703585876077098,177,0,Null,Operating model = Diffusion
beta[j1],-1.9986548107311444,177,-2.30258509299405,Null,Operating model = Diffusion
beta[j1],-1.7294283670572486,177,0.693147180559945,Null,Operating model = Diffusion
beta[j1],-1.7836547543490684,178,0,Null,Operating model = Diffusion
beta[j1],-3.172180496254496,178,-2.30258509299405,Null,Operating model = Diffusion
beta[j1],-1.7219298836901615,178,0.693147180559945,Null,Operating model = Diffusion
beta[j1],-1.6770732048506738,179,0,Null,Operating model = Diffusion
beta[j1],-1.4379913853680382,179,-2.30258509299405,Null,Operating model = Diffusion
beta[j1],-1.9309169972620923,179,0.693147180559945,Null,Operating model = Diffusion
beta[j1],-1.4243231515808825,180,0,Null,Operating model = Diffusion
beta[j1],-1.7835381246398427,180,-2.30258509299405,Null,Operating model = Diffusion
beta[j1],-1.820888459535527,180,0.693147180559945,Null,Operating model = Diffusion
beta[j1],-2.482872254147076,181,0,Null,Operating model = Diffusion
beta[j1],-1.9288130239603918,181,-2.30258509299405,Null,Operating model = Diffusion
beta[j1],-1.702309957597966,181,0.693147180559945,Null,Operating model = Diffusion
beta[j1],-1.7512956493090082,182,0,Null,Operating model = Diffusion
beta[j1],-1.7687317274448011,182,-2.30258509299405,Null,Operating model = Diffusion
beta[j1],-1.9528827691310708,182,0.693147180559945,Null,Operating model = Diffusion
beta[j1],-2.0545717225397344,183,0,Null,Operating model = Diffusion
beta[j1],-1.6898813815699374,183,-2.30258509299405,Null,Operating model = Diffusion
beta[j1],-1.5628396332070136,183,0.693147180559945,Null,Operating model = Diffusion
beta[j1],-1.7280162147742784,184,0,Null,Operating model = Diffusion
beta[j1],-1.8761385837662197,184,-2.30258509299405,Null,Operating model = Diffusion
beta[j1],-1.4955145821696958,184,0.693147180559945,Null,Operating model = Diffusion
beta[j1],-1.830920382204598,185,0,Null,Operating model = Diffusion
beta[j1],-1.5398693045433431,185,-2.30258509299405,Null,Operating model = Diffusion
beta[j1],-1.883155772743513,185,0.693147180559945,Null,Operating model = Diffusion
beta[j1],-1.5434462763731855,186,0,Null,Operating model = Diffusion
beta[j1],-1.7609821936811842,186,-2.30258509299405,Null,Operating model = Diffusion
beta[j1],-1.7986745635834789,186,0.693147180559945,Null,Operating model = Diffusion
beta[j1],-1.4958127762522129,187,0,Null,Operating model = Diffusion
beta[j1],-1.8913680568928084,187,-2.30258509299405,Null,Operating model = Diffusion
beta[j1],-1.6545095749305276,187,0.693147180559945,Null,Operating model = Diffusion
beta[j1],-1.625173005458791,188,0,Null,Operating model = Diffusion
beta[j1],-2.198698485767974,188,-2.30258509299405,Null,Operating model = Diffusion
beta[j1],-1.8280466379034455,188,0.693147180559945,Null,Operating model = Diffusion
beta[j1],-2.360621498895243,189,0,Null,Operating model = Diffusion
beta[j1],-2.0762621757907986,189,-2.30258509299405,Null,Operating model = Diffusion
beta[j1],-1.7356611492687724,189,0.693147180559945,Null,Operating model = Diffusion
beta[j1],-2.3269983203353974,190,0,Null,Operating model = Diffusion
beta[j1],-2.010509189200731,190,-2.30258509299405,Null,Operating model = Diffusion
beta[j1],-1.8577581850295801,190,0.693147180559945,Null,Operating model = Diffusion
beta[j1],-1.6911584255898222,191,0,Null,Operating model = Diffusion
beta[j1],-1.6382652762656655,191,-2.30258509299405,Null,Operating model = Diffusion
beta[j1],-2.0297322060984895,191,0.693147180559945,Null,Operating model = Diffusion
beta[j1],-1.4333063458828252,192,0,Null,Operating model = Diffusion
beta[j1],-1.3578314127023143,192,-2.30258509299405,Null,Operating model = Diffusion
beta[j1],-1.6174724542243353,192,0.693147180559945,Null,Operating model = Diffusion
beta[j1],-1.5777694453880786,193,0,Null,Operating model = Diffusion
beta[j1],-1.9403160908611712,193,-2.30258509299405,Null,Operating model = Diffusion
beta[j1],-1.7862217354504084,193,0.693147180559945,Null,Operating model = Diffusion
beta[j1],-1.8114099956383534,194,0,Null,Operating model = Diffusion
beta[j1],-1.5031692454192513,194,-2.30258509299405,Null,Operating model = Diffusion
beta[j1],-1.719607709652842,194,0.693147180559945,Null,Operating model = Diffusion
beta[j1],-1.8460604435730077,195,0,Null,Operating model = Diffusion
beta[j1],-1.6747698660244983,195,-2.30258509299405,Null,Operating model = Diffusion
beta[j1],-1.8838972552636923,195,0.693147180559945,Null,Operating model = Diffusion
beta[j1],-1.6115774559138154,196,0,Null,Operating model = Diffusion
beta[j1],-1.4239686143085182,196,-2.30258509299405,Null,Operating model = Diffusion
beta[j1],-1.6146282365792741,196,0.693147180559945,Null,Operating model = Diffusion
beta[j1],-2.191027009049185,197,0,Null,Operating model = Diffusion
beta[j1],-1.8439021620675853,197,-2.30258509299405,Null,Operating model = Diffusion
beta[j1],-1.8710706354444322,197,0.693147180559945,Null,Operating model = Diffusion
beta[j1],-1.7002618805453233,198,0,Null,Operating model = Diffusion
beta[j1],-1.667176838987974,198,-2.30258509299405,Null,Operating model = Diffusion
beta[j1],-1.8598688778378987,198,0.693147180559945,Null,Operating model = Diffusion
beta[j1],-1.9239275349971976,199,0,Null,Operating model = Diffusion
beta[j1],-1.5382904912732585,199,-2.30258509299405,Null,Operating model = Diffusion
beta[j1],-1.7303545589837466,199,0.693147180559945,Null,Operating model = Diffusion
beta[j1],-1.6843360366022824,200,0,Null,Operating model = Diffusion
beta[j1],-1.589152428943765,200,-2.30258509299405,Null,Operating model = Diffusion
beta[j1],-1.6742643126383152,200,0.693147180559945,Null,Operating model = Diffusion
beta[j1],-2.4311642826923276,1,0,Diffusion,Operating model = Null
beta[j1],-2.3954571204674506,1,-2.30258509299405,Diffusion,Operating model = Null
beta[j1],-2.414867301437634,1,0.693147180559945,Diffusion,Operating model = Null
beta[j1],-2.3719303759704795,2,0,Diffusion,Operating model = Null
beta[j1],-2.729426820994379,2,-2.30258509299405,Diffusion,Operating model = Null
beta[j1],-2.492413951210851,2,0.693147180559945,Diffusion,Operating model = Null
beta[j1],-2.5515294070121355,3,0,Diffusion,Operating model = Null
beta[j1],-2.3798846225328703,3,-2.30258509299405,Diffusion,Operating model = Null
beta[j1],-2.2467784015011025,3,0.693147180559945,Diffusion,Operating model = Null
beta[j1],-2.5215701854471977,4,0,Diffusion,Operating model = Null
beta[j1],-2.991882166567452,4,-2.30258509299405,Diffusion,Operating model = Null
beta[j1],-2.4731379718047988,4,0.693147180559945,Diffusion,Operating model = Null
beta[j1],-2.4803743270912544,5,0,Diffusion,Operating model = Null
beta[j1],-1.9771987782455014,5,-2.30258509299405,Diffusion,Operating model = Null
beta[j1],-2.461719238662165,5,0.693147180559945,Diffusion,Operating model = Null
beta[j1],-2.2933195441135124,6,0,Diffusion,Operating model = Null
beta[j1],-2.5776049081281176,6,-2.30258509299405,Diffusion,Operating model = Null
beta[j1],-2.328042837996044,6,0.693147180559945,Diffusion,Operating model = Null
beta[j1],-2.4778851112102376,7,0,Diffusion,Operating model = Null
beta[j1],-2.166591835518488,7,-2.30258509299405,Diffusion,Operating model = Null
beta[j1],-2.5389296231672738,7,0.693147180559945,Diffusion,Operating model = Null
beta[j1],-2.510795975432562,8,0,Diffusion,Operating model = Null
beta[j1],-2.2829543530855907,8,-2.30258509299405,Diffusion,Operating model = Null
beta[j1],-2.179431992289392,8,0.693147180559945,Diffusion,Operating model = Null
beta[j1],-2.327469471872156,9,0,Diffusion,Operating model = Null
beta[j1],-2.5097694555999968,9,-2.30258509299405,Diffusion,Operating model = Null
beta[j1],-2.517243265946601,9,0.693147180559945,Diffusion,Operating model = Null
beta[j1],-2.22684137914315,10,0,Diffusion,Operating model = Null
beta[j1],-2.336744383258381,10,-2.30258509299405,Diffusion,Operating model = Null
beta[j1],-2.1678486227494447,10,0.693147180559945,Diffusion,Operating model = Null
beta[j1],-2.6661588608411733,11,0,Diffusion,Operating model = Null
beta[j1],-2.6734606719996132,11,-2.30258509299405,Diffusion,Operating model = Null
beta[j1],-2.3337402369321105,11,0.693147180559945,Diffusion,Operating model = Null
beta[j1],-2.6477872340774646,12,0,Diffusion,Operating model = Null
beta[j1],-2.3865743362825835,12,-2.30258509299405,Diffusion,Operating model = Null
beta[j1],-2.2360318425862493,12,0.693147180559945,Diffusion,Operating model = Null
beta[j1],-2.2212884877880144,13,0,Diffusion,Operating model = Null
beta[j1],-2.387145452714579,13,-2.30258509299405,Diffusion,Operating model = Null
beta[j1],-2.4140593680136404,13,0.693147180559945,Diffusion,Operating model = Null
beta[j1],-2.2682353216932483,14,0,Diffusion,Operating model = Null
beta[j1],-2.5151921577713336,14,-2.30258509299405,Diffusion,Operating model = Null
beta[j1],-2.641022268742444,14,0.693147180559945,Diffusion,Operating model = Null
beta[j1],-2.4300024002353164,15,0,Diffusion,Operating model = Null
beta[j1],-2.5722489627494944,15,-2.30258509299405,Diffusion,Operating model = Null
beta[j1],-2.4430355348609862,15,0.693147180559945,Diffusion,Operating model = Null
beta[j1],-2.532094561213217,16,0,Diffusion,Operating model = Null
beta[j1],-1.861921015377199,16,-2.30258509299405,Diffusion,Operating model = Null
beta[j1],-2.0241416403395607,16,0.693147180559945,Diffusion,Operating model = Null
beta[j1],-2.5230902852793102,17,0,Diffusion,Operating model = Null
beta[j1],-2.2973333307882724,17,-2.30258509299405,Diffusion,Operating model = Null
beta[j1],-2.3520347290384165,17,0.693147180559945,Diffusion,Operating model = Null
beta[j1],-3.080364131007173,18,0,Diffusion,Operating model = Null
beta[j1],-2.42954844253569,18,-2.30258509299405,Diffusion,Operating model = Null
beta[j1],-2.5550189650647686,18,0.693147180559945,Diffusion,Operating model = Null
beta[j1],-2.407796244822089,19,0,Diffusion,Operating model = Null
beta[j1],-2.3864889120808437,19,-2.30258509299405,Diffusion,Operating model = Null
beta[j1],-2.3906446516487296,19,0.693147180559945,Diffusion,Operating model = Null
beta[j1],-2.033387847124339,20,0,Diffusion,Operating model = Null
beta[j1],-2.3942469247340123,20,-2.30258509299405,Diffusion,Operating model = Null
beta[j1],-2.277736706864293,20,0.693147180559945,Diffusion,Operating model = Null
beta[j1],-2.286840578222647,21,0,Diffusion,Operating model = Null
beta[j1],-2.5974306145501123,21,-2.30258509299405,Diffusion,Operating model = Null
beta[j1],-2.360837405672194,21,0.693147180559945,Diffusion,Operating model = Null
beta[j1],-2.470255608087375,22,0,Diffusion,Operating model = Null
beta[j1],-2.4411413439204077,22,-2.30258509299405,Diffusion,Operating model = Null
beta[j1],-2.8177254972342602,22,0.693147180559945,Diffusion,Operating model = Null
beta[j1],-3.0936123840415113,23,0,Diffusion,Operating model = Null
beta[j1],-2.5382478586382353,23,-2.30258509299405,Diffusion,Operating model = Null
beta[j1],-2.466896325377778,23,0.693147180559945,Diffusion,Operating model = Null
beta[j1],-2.0766910967236596,24,0,Diffusion,Operating model = Null
beta[j1],-2.179654359333653,24,-2.30258509299405,Diffusion,Operating model = Null
beta[j1],-2.4493092787715334,24,0.693147180559945,Diffusion,Operating model = Null
beta[j1],-2.5233441966943646,25,0,Diffusion,Operating model = Null
beta[j1],-2.373773551969178,25,-2.30258509299405,Diffusion,Operating model = Null
beta[j1],-2.3251056978413245,25,0.693147180559945,Diffusion,Operating model = Null
beta[j1],-2.450945894184761,26,0,Diffusion,Operating model = Null
beta[j1],-2.3906376180124806,26,-2.30258509299405,Diffusion,Operating model = Null
beta[j1],-2.4993225967052792,26,0.693147180559945,Diffusion,Operating model = Null
beta[j1],-2.1205392166286035,27,0,Diffusion,Operating model = Null
beta[j1],-2.529211401742554,27,-2.30258509299405,Diffusion,Operating model = Null
beta[j1],-2.4371149134774464,27,0.693147180559945,Diffusion,Operating model = Null
beta[j1],-2.175138415655884,28,0,Diffusion,Operating model = Null
beta[j1],-2.4505065386376685,28,-2.30258509299405,Diffusion,Operating model = Null
beta[j1],-2.380959460244489,28,0.693147180559945,Diffusion,Operating model = Null
beta[j1],-2.4282662180240107,29,0,Diffusion,Operating model = Null
beta[j1],-2.40286095432615,29,-2.30258509299405,Diffusion,Operating model = Null
beta[j1],-2.509993725673323,29,0.693147180559945,Diffusion,Operating model = Null
beta[j1],-2.5410551151236858,30,0,Diffusion,Operating model = Null
beta[j1],-2.3443319068059933,30,-2.30258509299405,Diffusion,Operating model = Null
beta[j1],-2.4012390226573443,30,0.693147180559945,Diffusion,Operating model = Null
beta[j1],-2.894487347386061,31,0,Diffusion,Operating model = Null
beta[j1],-2.217160458580287,31,-2.30258509299405,Diffusion,Operating model = Null
beta[j1],-2.4341321234018887,31,0.693147180559945,Diffusion,Operating model = Null
beta[j1],-2.4843872818858928,32,0,Diffusion,Operating model = Null
beta[j1],-2.378164778540057,32,-2.30258509299405,Diffusion,Operating model = Null
beta[j1],-2.4123527114719767,32,0.693147180559945,Diffusion,Operating model = Null
beta[j1],-3.4823566269333406,33,0,Diffusion,Operating model = Null
beta[j1],-2.38243910252231,33,-2.30258509299405,Diffusion,Operating model = Null
beta[j1],-2.25961308339927,33,0.693147180559945,Diffusion,Operating model = Null
beta[j1],-2.3946147354223593,34,0,Diffusion,Operating model = Null
beta[j1],-2.3805197747664657,34,-2.30258509299405,Diffusion,Operating model = Null
beta[j1],-2.277793918218394,34,0.693147180559945,Diffusion,Operating model = Null
beta[j1],-2.4885887721885456,35,0,Diffusion,Operating model = Null
beta[j1],-2.200116877055726,35,-2.30258509299405,Diffusion,Operating model = Null
beta[j1],-2.5541382861253363,35,0.693147180559945,Diffusion,Operating model = Null
beta[j1],-2.3834632118644428,36,0,Diffusion,Operating model = Null
beta[j1],-2.390341612162125,36,-2.30258509299405,Diffusion,Operating model = Null
beta[j1],-2.4742130745668462,36,0.693147180559945,Diffusion,Operating model = Null
beta[j1],-2.405135416079805,37,0,Diffusion,Operating model = Null
beta[j1],-2.5260762819451132,37,-2.30258509299405,Diffusion,Operating model = Null
beta[j1],-2.3263383886164313,37,0.693147180559945,Diffusion,Operating model = Null
beta[j1],-2.356171502011439,38,0,Diffusion,Operating model = Null
beta[j1],-2.252434810187595,38,-2.30258509299405,Diffusion,Operating model = Null
beta[j1],-2.541014031021664,38,0.693147180559945,Diffusion,Operating model = Null
beta[j1],-2.377405809486163,39,0,Diffusion,Operating model = Null
beta[j1],-2.434523687558236,39,-2.30258509299405,Diffusion,Operating model = Null
beta[j1],-2.343393403629419,39,0.693147180559945,Diffusion,Operating model = Null
beta[j1],-2.2195165323898913,40,0,Diffusion,Operating model = Null
beta[j1],-2.1130080771822795,40,-2.30258509299405,Diffusion,Operating model = Null
beta[j1],-2.249107180329143,40,0.693147180559945,Diffusion,Operating model = Null
beta[j1],-2.3357139343195437,41,0,Diffusion,Operating model = Null
beta[j1],-2.5613301585853865,41,-2.30258509299405,Diffusion,Operating model = Null
beta[j1],-2.427358547033081,41,0.693147180559945,Diffusion,Operating model = Null
beta[j1],-2.3524736224389153,42,0,Diffusion,Operating model = Null
beta[j1],-2.6852493131301607,42,-2.30258509299405,Diffusion,Operating model = Null
beta[j1],-2.309900244432064,42,0.693147180559945,Diffusion,Operating model = Null
beta[j1],-2.333139112656403,43,0,Diffusion,Operating model = Null
beta[j1],-2.2932039643128275,43,-2.30258509299405,Diffusion,Operating model = Null
beta[j1],-2.1741571584277306,43,0.693147180559945,Diffusion,Operating model = Null
beta[j1],-2.4573314076060857,44,0,Diffusion,Operating model = Null
beta[j1],-2.3609186477889557,44,-2.30258509299405,Diffusion,Operating model = Null
beta[j1],-2.5862507790381546,44,0.693147180559945,Diffusion,Operating model = Null
beta[j1],-2.4784056808825863,45,0,Diffusion,Operating model = Null
beta[j1],-2.5093702272567073,45,-2.30258509299405,Diffusion,Operating model = Null
beta[j1],-2.269245363843831,45,0.693147180559945,Diffusion,Operating model = Null
beta[j1],-2.3716982227848353,46,0,Diffusion,Operating model = Null
beta[j1],-2.3435588726672085,46,-2.30258509299405,Diffusion,Operating model = Null
beta[j1],-2.358377376907816,46,0.693147180559945,Diffusion,Operating model = Null
beta[j1],-2.664913643730775,47,0,Diffusion,Operating model = Null
beta[j1],-2.384828887830132,47,-2.30258509299405,Diffusion,Operating model = Null
beta[j1],-2.4600845235243836,47,0.693147180559945,Diffusion,Operating model = Null
beta[j1],-2.2049758725140087,48,0,Diffusion,Operating model = Null
beta[j1],-2.522031428555927,48,-2.30258509299405,Diffusion,Operating model = Null
beta[j1],-2.641547379148028,48,0.693147180559945,Diffusion,Operating model = Null
beta[j1],-2.2134816028191815,49,0,Diffusion,Operating model = Null
beta[j1],-2.5178702717330217,49,-2.30258509299405,Diffusion,Operating model = Null
beta[j1],-2.264255470594826,49,0.693147180559945,Diffusion,Operating model = Null
beta[j1],-2.616004891912948,50,0,Diffusion,Operating model = Null
beta[j1],-2.4472286185066214,50,-2.30258509299405,Diffusion,Operating model = Null
beta[j1],-2.497105769700989,50,0.693147180559945,Diffusion,Operating model = Null
beta[j1],-2.5202882263279163,51,0,Diffusion,Operating model = Null
beta[j1],-2.259978467048377,51,-2.30258509299405,Diffusion,Operating model = Null
beta[j1],-2.4621943347158686,51,0.693147180559945,Diffusion,Operating model = Null
beta[j1],-2.855876342190034,52,0,Diffusion,Operating model = Null
beta[j1],-2.4965592015159928,52,-2.30258509299405,Diffusion,Operating model = Null
beta[j1],-2.4181704722601065,52,0.693147180559945,Diffusion,Operating model = Null
beta[j1],-2.5770315965302246,53,0,Diffusion,Operating model = Null
beta[j1],-2.2702816258777907,53,-2.30258509299405,Diffusion,Operating model = Null
beta[j1],-2.3171344958093765,53,0.693147180559945,Diffusion,Operating model = Null
beta[j1],-2.8923300870533426,54,0,Diffusion,Operating model = Null
beta[j1],-2.312807066043512,54,-2.30258509299405,Diffusion,Operating model = Null
beta[j1],-2.2295285401593823,54,0.693147180559945,Diffusion,Operating model = Null
beta[j1],-2.3929872355147954,55,0,Diffusion,Operating model = Null
beta[j1],-2.3869912200751915,55,-2.30258509299405,Diffusion,Operating model = Null
beta[j1],-2.7392427402374144,55,0.693147180559945,Diffusion,Operating model = Null
beta[j1],-2.4927101355958743,56,0,Diffusion,Operating model = Null
beta[j1],-2.3154962304353743,56,-2.30258509299405,Diffusion,Operating model = Null
beta[j1],-2.491343094307625,56,0.693147180559945,Diffusion,Operating model = Null
beta[j1],-2.522576742054582,57,0,Diffusion,Operating model = Null
beta[j1],-2.8732200959499443,57,-2.30258509299405,Diffusion,Operating model = Null
beta[j1],-2.105422360556,57,0.693147180559945,Diffusion,Operating model = Null
beta[j1],-2.43042854171745,58,0,Diffusion,Operating model = Null
beta[j1],-2.4792431672019433,58,-2.30258509299405,Diffusion,Operating model = Null
beta[j1],-2.5421475394177935,58,0.693147180559945,Diffusion,Operating model = Null
beta[j1],-2.6113523345835077,59,0,Diffusion,Operating model = Null
beta[j1],-2.3155084869594513,59,-2.30258509299405,Diffusion,Operating model = Null
beta[j1],-2.337909842610671,59,0.693147180559945,Diffusion,Operating model = Null
beta[j1],-2.3137481229913592,60,0,Diffusion,Operating model = Null
beta[j1],-2.6958180728291503,60,-2.30258509299405,Diffusion,Operating model = Null
beta[j1],-2.450058939826886,60,0.693147180559945,Diffusion,Operating model = Null
beta[j1],-2.2503756764285665,61,0,Diffusion,Operating model = Null
beta[j1],-2.3793025453509236,61,-2.30258509299405,Diffusion,Operating model = Null
beta[j1],-2.6368714445834467,61,0.693147180559945,Diffusion,Operating model = Null
beta[j1],-2.415332628471167,62,0,Diffusion,Operating model = Null
beta[j1],-2.6044264722934414,62,-2.30258509299405,Diffusion,Operating model = Null
beta[j1],-2.1985560140787723,62,0.693147180559945,Diffusion,Operating model = Null
beta[j1],-3.0430021806867127,63,0,Diffusion,Operating model = Null
beta[j1],-2.4186133191386667,63,-2.30258509299405,Diffusion,Operating model = Null
beta[j1],-2.5293434244468016,63,0.693147180559945,Diffusion,Operating model = Null
beta[j1],-2.5367545320977465,64,0,Diffusion,Operating model = Null
beta[j1],-2.419311647020749,64,-2.30258509299405,Diffusion,Operating model = Null
beta[j1],-2.831745011589096,64,0.693147180559945,Diffusion,Operating model = Null
beta[j1],-1.8807694820540537,65,0,Diffusion,Operating model = Null
beta[j1],-2.2946586810378626,65,-2.30258509299405,Diffusion,Operating model = Null
beta[j1],-2.8202827303497506,65,0.693147180559945,Diffusion,Operating model = Null
beta[j1],-2.354966328365871,66,0,Diffusion,Operating model = Null
beta[j1],-2.405385064168954,66,-2.30258509299405,Diffusion,Operating model = Null
beta[j1],-2.235906504987219,66,0.693147180559945,Diffusion,Operating model = Null
beta[j1],-2.359607290121231,67,0,Diffusion,Operating model = Null
beta[j1],-2.2970968346189156,67,-2.30258509299405,Diffusion,Operating model = Null
beta[j1],-2.556164834305135,67,0.693147180559945,Diffusion,Operating model = Null
beta[j1],-2.368038248698984,68,0,Diffusion,Operating model = Null
beta[j1],-2.2276289587566023,68,-2.30258509299405,Diffusion,Operating model = Null
beta[j1],-2.3636111104251034,68,0.693147180559945,Diffusion,Operating model = Null
beta[j1],-2.6239876061955782,69,0,Diffusion,Operating model = Null
beta[j1],-2.372558123286542,69,-2.30258509299405,Diffusion,Operating model = Null
beta[j1],-2.7490518874040415,69,0.693147180559945,Diffusion,Operating model = Null
beta[j1],-2.3965005476466157,70,0,Diffusion,Operating model = Null
beta[j1],-2.619677576537343,70,-2.30258509299405,Diffusion,Operating model = Null
beta[j1],-2.191422815009116,70,0.693147180559945,Diffusion,Operating model = Null
beta[j1],-2.2692196715180457,71,0,Diffusion,Operating model = Null
beta[j1],-2.6430393848860336,71,-2.30258509299405,Diffusion,Operating model = Null
beta[j1],-2.5102490710227845,71,0.693147180559945,Diffusion,Operating model = Null
beta[j1],-2.9100914848556605,72,0,Diffusion,Operating model = Null
beta[j1],-2.495379273110029,72,-2.30258509299405,Diffusion,Operating model = Null
beta[j1],-2.539784352770107,72,0.693147180559945,Diffusion,Operating model = Null
beta[j1],-1.948951851734037,73,0,Diffusion,Operating model = Null
beta[j1],-2.40284765448981,73,-2.30258509299405,Diffusion,Operating model = Null
beta[j1],-2.4993552784319615,73,0.693147180559945,Diffusion,Operating model = Null
beta[j1],-2.4303392752699646,74,0,Diffusion,Operating model = Null
beta[j1],-2.5075848677314974,74,-2.30258509299405,Diffusion,Operating model = Null
beta[j1],-1.963937200963725,74,0.693147180559945,Diffusion,Operating model = Null
beta[j1],-2.3391980985705865,75,0,Diffusion,Operating model = Null
beta[j1],-2.420818952568764,75,-2.30258509299405,Diffusion,Operating model = Null
beta[j1],-2.102661877813519,75,0.693147180559945,Diffusion,Operating model = Null
beta[j1],-2.4244659390458154,76,0,Diffusion,Operating model = Null
beta[j1],-2.4386221965063544,76,-2.30258509299405,Diffusion,Operating model = Null
beta[j1],-2.5311435486002236,76,0.693147180559945,Diffusion,Operating model = Null
beta[j1],-2.4510247912737158,77,0,Diffusion,Operating model = Null
beta[j1],-2.3303415659785065,77,-2.30258509299405,Diffusion,Operating model = Null
beta[j1],-2.281057168225962,77,0.693147180559945,Diffusion,Operating model = Null
beta[j1],-2.150766129508153,78,0,Diffusion,Operating model = Null
beta[j1],-2.224071460739633,78,-2.30258509299405,Diffusion,Operating model = Null
beta[j1],-2.4838866337106356,78,0.693147180559945,Diffusion,Operating model = Null
beta[j1],-2.390121782686921,79,0,Diffusion,Operating model = Null
beta[j1],-2.727288506906311,79,-2.30258509299405,Diffusion,Operating model = Null
beta[j1],-2.555863960889007,79,0.693147180559945,Diffusion,Operating model = Null
beta[j1],-2.2655017444833763,80,0,Diffusion,Operating model = Null
beta[j1],-2.300292896209009,80,-2.30258509299405,Diffusion,Operating model = Null
beta[j1],-2.3350516421874636,80,0.693147180559945,Diffusion,Operating model = Null
beta[j1],-2.3133815555144137,81,0,Diffusion,Operating model = Null
beta[j1],-2.204398145619981,81,-2.30258509299405,Diffusion,Operating model = Null
beta[j1],-2.574917851598887,81,0.693147180559945,Diffusion,Operating model = Null
beta[j1],-2.584489787078234,82,0,Diffusion,Operating model = Null
beta[j1],-2.346389820573363,82,-2.30258509299405,Diffusion,Operating model = Null
beta[j1],-2.5099904149274184,82,0.693147180559945,Diffusion,Operating model = Null
beta[j1],-2.3912054843285775,83,0,Diffusion,Operating model = Null
beta[j1],-2.6683859917875945,83,-2.30258509299405,Diffusion,Operating model = Null
beta[j1],-2.501733382988252,83,0.693147180559945,Diffusion,Operating model = Null
beta[j1],-2.3277709830486604,84,0,Diffusion,Operating model = Null
beta[j1],-2.334078512226174,84,-2.30258509299405,Diffusion,Operating model = Null
beta[j1],-2.0542460044110533,84,0.693147180559945,Diffusion,Operating model = Null
beta[j1],-2.3477773658298857,85,0,Diffusion,Operating model = Null
beta[j1],-2.229944931253171,85,-2.30258509299405,Diffusion,Operating model = Null
beta[j1],-2.341344174487801,85,0.693147180559945,Diffusion,Operating model = Null
beta[j1],-2.232117396229709,86,0,Diffusion,Operating model = Null
beta[j1],-2.349716416111505,86,-2.30258509299405,Diffusion,Operating model = Null
beta[j1],-2.673821766171647,86,0.693147180559945,Diffusion,Operating model = Null
beta[j1],-2.532786675139082,87,0,Diffusion,Operating model = Null
beta[j1],-2.546482256565461,87,-2.30258509299405,Diffusion,Operating model = Null
beta[j1],-2.333794137757272,87,0.693147180559945,Diffusion,Operating model = Null
beta[j1],-2.421405351347526,88,0,Diffusion,Operating model = Null
beta[j1],-2.574949386399338,88,-2.30258509299405,Diffusion,Operating model = Null
beta[j1],-2.71453466171338,88,0.693147180559945,Diffusion,Operating model = Null
beta[j1],-2.4802967367101174,89,0,Diffusion,Operating model = Null
beta[j1],-2.3401354483080246,89,-2.30258509299405,Diffusion,Operating model = Null
beta[j1],-2.335642695194753,89,0.693147180559945,Diffusion,Operating model = Null
beta[j1],-2.2593034945006263,90,0,Diffusion,Operating model = Null
beta[j1],-2.3988863753393432,90,-2.30258509299405,Diffusion,Operating model = Null
beta[j1],-2.535693371356298,90,0.693147180559945,Diffusion,Operating model = Null
beta[j1],-2.4186751251142895,91,0,Diffusion,Operating model = Null
beta[j1],-2.5389697708713572,91,-2.30258509299405,Diffusion,Operating model = Null
beta[j1],-2.2804989735759036,91,0.693147180559945,Diffusion,Operating model = Null
beta[j1],-2.3982426726856017,92,0,Diffusion,Operating model = Null
beta[j1],-2.369430472976068,92,-2.30258509299405,Diffusion,Operating model = Null
beta[j1],-2.503670123329221,92,0.693147180559945,Diffusion,Operating model = Null
beta[j1],-2.419475499509706,93,0,Diffusion,Operating model = Null
beta[j1],-2.4268813676298198,93,-2.30258509299405,Diffusion,Operating model = Null
beta[j1],-2.3942494160824466,93,0.693147180559945,Diffusion,Operating model = Null
beta[j1],-2.4835611366398953,94,0,Diffusion,Operating model = Null
beta[j1],-2.278984075394451,94,-2.30258509299405,Diffusion,Operating model = Null
beta[j1],-2.306468069883281,94,0.693147180559945,Diffusion,Operating model = Null
beta[j1],-2.3250431062001797,95,0,Diffusion,Operating model = Null
beta[j1],-2.609809504869649,95,-2.30258509299405,Diffusion,Operating model = Null
beta[j1],-2.5484535085841653,95,0.693147180559945,Diffusion,Operating model = Null
beta[j1],-2.335467206687612,96,0,Diffusion,Operating model = Null
beta[j1],-2.4146393966226847,96,-2.30258509299405,Diffusion,Operating model = Null
beta[j1],-2.7706040389712596,96,0.693147180559945,Diffusion,Operating model = Null
beta[j1],-2.3271573550088758,97,0,Diffusion,Operating model = Null
beta[j1],-2.2241411149369688,97,-2.30258509299405,Diffusion,Operating model = Null
beta[j1],-2.2350593200988116,97,0.693147180559945,Diffusion,Operating model = Null
beta[j1],-2.6927346759345085,98,0,Diffusion,Operating model = Null
beta[j1],-2.5204416809953054,98,-2.30258509299405,Diffusion,Operating model = Null
beta[j1],-1.9732865471321406,98,0.693147180559945,Diffusion,Operating model = Null
beta[j1],-2.442421313959657,99,0,Diffusion,Operating model = Null
beta[j1],-2.3712665236387434,99,-2.30258509299405,Diffusion,Operating model = Null
beta[j1],-2.4849455167833887,99,0.693147180559945,Diffusion,Operating model = Null
beta[j1],-2.175663691442683,100,0,Diffusion,Operating model = Null
beta[j1],-2.2710974726966007,100,-2.30258509299405,Diffusion,Operating model = Null
beta[j1],-2.3668645288940784,100,0.693147180559945,Diffusion,Operating model = Null
beta[j1],-2.400373201240826,101,0,Diffusion,Operating model = Null
beta[j1],-2.6049296558305333,101,-2.30258509299405,Diffusion,Operating model = Null
beta[j1],-2.1550672502160495,101,0.693147180559945,Diffusion,Operating model = Null
beta[j1],-2.4121018502223315,102,0,Diffusion,Operating model = Null
beta[j1],-2.441627526403064,102,-2.30258509299405,Diffusion,Operating model = Null
beta[j1],-2.3349194285606414,102,0.693147180559945,Diffusion,Operating model = Null
beta[j1],-2.4754807355603328,103,0,Diffusion,Operating model = Null
beta[j1],-2.3701546769551434,103,-2.30258509299405,Diffusion,Operating model = Null
beta[j1],-2.33608060812131,103,0.693147180559945,Diffusion,Operating model = Null
beta[j1],-2.2139238570128494,104,0,Diffusion,Operating model = Null
beta[j1],-2.4381617892182224,104,-2.30258509299405,Diffusion,Operating model = Null
beta[j1],-2.3677261204871125,104,0.693147180559945,Diffusion,Operating model = Null
beta[j1],-2.4223746460335716,105,0,Diffusion,Operating model = Null
beta[j1],-2.675210166331813,105,-2.30258509299405,Diffusion,Operating model = Null
beta[j1],-2.293875168979947,105,0.693147180559945,Diffusion,Operating model = Null
beta[j1],-2.662737470544058,106,0,Diffusion,Operating model = Null
beta[j1],-2.5886763362275786,106,-2.30258509299405,Diffusion,Operating model = Null
beta[j1],-2.5715491243488215,106,0.693147180559945,Diffusion,Operating model = Null
beta[j1],-2.39617098723807,107,0,Diffusion,Operating model = Null
beta[j1],-2.2752774964852898,107,-2.30258509299405,Diffusion,Operating model = Null
beta[j1],-2.5403666883050087,107,0.693147180559945,Diffusion,Operating model = Null
beta[j1],-2.6170660074809233,108,0,Diffusion,Operating model = Null
beta[j1],-2.4840366613490517,108,-2.30258509299405,Diffusion,Operating model = Null
beta[j1],-2.7971270730552864,108,0.693147180559945,Diffusion,Operating model = Null
beta[j1],-3.1347836557958098,109,0,Diffusion,Operating model = Null
beta[j1],-2.3932869994620507,109,-2.30258509299405,Diffusion,Operating model = Null
beta[j1],-2.3447164820258855,109,0.693147180559945,Diffusion,Operating model = Null
beta[j1],-2.795575757463019,110,0,Diffusion,Operating model = Null
beta[j1],-2.4142626810156353,110,-2.30258509299405,Diffusion,Operating model = Null
beta[j1],-2.4592242487556937,110,0.693147180559945,Diffusion,Operating model = Null
beta[j1],-2.412494776776185,111,0,Diffusion,Operating model = Null
beta[j1],-2.459813258471286,111,-2.30258509299405,Diffusion,Operating model = Null
beta[j1],-2.523350116261966,111,0.693147180559945,Diffusion,Operating model = Null
beta[j1],-2.4404329202910966,112,0,Diffusion,Operating model = Null
beta[j1],-2.2311553905756702,112,-2.30258509299405,Diffusion,Operating model = Null
beta[j1],-2.421489268231721,112,0.693147180559945,Diffusion,Operating model = Null
beta[j1],-2.3767486328139813,113,0,Diffusion,Operating model = Null
beta[j1],-2.459653882062564,113,-2.30258509299405,Diffusion,Operating model = Null
beta[j1],-2.427821460436187,113,0.693147180559945,Diffusion,Operating model = Null
beta[j1],-2.3141860749156833,114,0,Diffusion,Operating model = Null
beta[j1],-2.206105453545402,114,-2.30258509299405,Diffusion,Operating model = Null
beta[j1],-2.4979848952196906,114,0.693147180559945,Diffusion,Operating model = Null
beta[j1],-2.3471227541499093,115,0,Diffusion,Operating model = Null
beta[j1],-2.349305837405102,115,-2.30258509299405,Diffusion,Operating model = Null
beta[j1],-2.391322822708589,115,0.693147180559945,Diffusion,Operating model = Null
beta[j1],-3.0066512643895376,116,0,Diffusion,Operating model = Null
beta[j1],-2.859581136825656,116,-2.30258509299405,Diffusion,Operating model = Null
beta[j1],-2.587083144080399,116,0.693147180559945,Diffusion,Operating model = Null
beta[j1],-2.1741753625015616,117,0,Diffusion,Operating model = Null
beta[j1],-2.598835002809609,117,-2.30258509299405,Diffusion,Operating model = Null
beta[j1],-2.4279848614699033,117,0.693147180559945,Diffusion,Operating model = Null
beta[j1],-2.3460044649255964,118,0,Diffusion,Operating model = Null
beta[j1],-2.5156786886460627,118,-2.30258509299405,Diffusion,Operating model = Null
beta[j1],-2.3337739090569234,118,0.693147180559945,Diffusion,Operating model = Null
beta[j1],-2.6753142627213555,119,0,Diffusion,Operating model = Null
beta[j1],-2.4378944238272107,119,-2.30258509299405,Diffusion,Operating model = Null
beta[j1],-2.4417884998399675,119,0.693147180559945,Diffusion,Operating model = Null
beta[j1],-1.8100294944369821,120,0,Diffusion,Operating model = Null
beta[j1],-2.351352030740719,120,-2.30258509299405,Diffusion,Operating model = Null
beta[j1],-2.5675232218570923,120,0.693147180559945,Diffusion,Operating model = Null
beta[j1],-2.418186815350253,121,0,Diffusion,Operating model = Null
beta[j1],-2.397336808057042,121,-2.30258509299405,Diffusion,Operating model = Null
beta[j1],-2.4552420356074083,121,0.693147180559945,Diffusion,Operating model = Null
beta[j1],-2.522669788434439,122,0,Diffusion,Operating model = Null
beta[j1],-2.7873739245155913,122,-2.30258509299405,Diffusion,Operating model = Null
beta[j1],-2.375232628285216,122,0.693147180559945,Diffusion,Operating model = Null
beta[j1],-2.2738811273966464,123,0,Diffusion,Operating model = Null
beta[j1],-2.34123067821218,123,-2.30258509299405,Diffusion,Operating model = Null
beta[j1],-2.5226830899152084,123,0.693147180559945,Diffusion,Operating model = Null
beta[j1],-2.454624417829752,124,0,Diffusion,Operating model = Null
beta[j1],-2.489423807951992,124,-2.30258509299405,Diffusion,Operating model = Null
beta[j1],-2.3978036633368394,124,0.693147180559945,Diffusion,Operating model = Null
beta[j1],-2.480616134006642,125,0,Diffusion,Operating model = Null
beta[j1],-2.8094849678543055,125,-2.30258509299405,Diffusion,Operating model = Null
beta[j1],-2.5305726685523564,125,0.693147180559945,Diffusion,Operating model = Null
beta[j1],-2.6265882788452526,126,0,Diffusion,Operating model = Null
beta[j1],-2.4327009304265768,126,-2.30258509299405,Diffusion,Operating model = Null
beta[j1],-2.503914072334133,126,0.693147180559945,Diffusion,Operating model = Null
beta[j1],-2.3348495125651567,127,0,Diffusion,Operating model = Null
beta[j1],-2.3963287121966013,127,-2.30258509299405,Diffusion,Operating model = Null
beta[j1],-2.440743784664559,127,0.693147180559945,Diffusion,Operating model = Null
beta[j1],-2.46792687101694,128,0,Diffusion,Operating model = Null
beta[j1],-2.3814635498779597,128,-2.30258509299405,Diffusion,Operating model = Null
beta[j1],-2.680161005953866,128,0.693147180559945,Diffusion,Operating model = Null
beta[j1],-2.375069165864521,129,0,Diffusion,Operating model = Null
beta[j1],-2.55579651820112,129,-2.30258509299405,Diffusion,Operating model = Null
beta[j1],-2.4048901317514804,129,0.693147180559945,Diffusion,Operating model = Null
beta[j1],-2.7019070194557298,130,0,Diffusion,Operating model = Null
beta[j1],-2.4989244112276428,130,-2.30258509299405,Diffusion,Operating model = Null
beta[j1],-2.469261301854467,130,0.693147180559945,Diffusion,Operating model = Null
beta[j1],-2.681516900557992,131,0,Diffusion,Operating model = Null
beta[j1],-2.452981707416624,131,-2.30258509299405,Diffusion,Operating model = Null
beta[j1],-2.367405407173851,131,0.693147180559945,Diffusion,Operating model = Null
beta[j1],-2.5556919095620434,132,0,Diffusion,Operating model = Null
beta[j1],-2.7150704076634553,132,-2.30258509299405,Diffusion,Operating model = Null
beta[j1],-2.4344404175918877,132,0.693147180559945,Diffusion,Operating model = Null
beta[j1],-2.2455875187211474,133,0,Diffusion,Operating model = Null
beta[j1],-2.2933388785095357,133,-2.30258509299405,Diffusion,Operating model = Null
beta[j1],-2.221707365050723,133,0.693147180559945,Diffusion,Operating model = Null
beta[j1],-2.5601448097750223,134,0,Diffusion,Operating model = Null
beta[j1],-2.48047289574617,134,-2.30258509299405,Diffusion,Operating model = Null
beta[j1],-2.563087354267151,134,0.693147180559945,Diffusion,Operating model = Null
beta[j1],-2.681554792375214,135,0,Diffusion,Operating model = Null
beta[j1],-2.4785510625634,135,-2.30258509299405,Diffusion,Operating model = Null
beta[j1],-2.495083177818401,135,0.693147180559945,Diffusion,Operating model = Null
beta[j1],-2.4512780906382696,136,0,Diffusion,Operating model = Null
beta[j1],-2.3750655702717767,136,-2.30258509299405,Diffusion,Operating model = Null
beta[j1],-2.414418237422909,136,0.693147180559945,Diffusion,Operating model = Null
beta[j1],-2.3767878811037524,137,0,Diffusion,Operating model = Null
beta[j1],-2.52389624919109,137,-2.30258509299405,Diffusion,Operating model = Null
beta[j1],-1.8601698733539724,137,0.693147180559945,Diffusion,Operating model = Null
beta[j1],-2.6294282850713935,138,0,Diffusion,Operating model = Null
beta[j1],-2.3798956084775287,138,-2.30258509299405,Diffusion,Operating model = Null
beta[j1],-2.3924610826603465,138,0.693147180559945,Diffusion,Operating model = Null
beta[j1],-2.5505444483373543,139,0,Diffusion,Operating model = Null
beta[j1],-2.346847513790434,139,-2.30258509299405,Diffusion,Operating model = Null
beta[j1],-2.4175760890812663,139,0.693147180559945,Diffusion,Operating model = Null
beta[j1],-2.3641714806775527,140,0,Diffusion,Operating model = Null
beta[j1],-3.0799907038736003,140,-2.30258509299405,Diffusion,Operating model = Null
beta[j1],-2.40112703363025,140,0.693147180559945,Diffusion,Operating model = Null
beta[j1],-2.2928371644534042,141,0,Diffusion,Operating model = Null
beta[j1],-2.4735722307082595,141,-2.30258509299405,Diffusion,Operating model = Null
beta[j1],-2.44445810710478,141,0.693147180559945,Diffusion,Operating model = Null
beta[j1],-2.359718733697855,142,0,Diffusion,Operating model = Null
beta[j1],-2.4110376529742124,142,-2.30258509299405,Diffusion,Operating model = Null
beta[j1],-2.145750771726567,142,0.693147180559945,Diffusion,Operating model = Null
beta[j1],-2.3475889125246296,143,0,Diffusion,Operating model = Null
beta[j1],-2.6213009032331462,143,-2.30258509299405,Diffusion,Operating model = Null
beta[j1],-2.6813837739886055,143,0.693147180559945,Diffusion,Operating model = Null
beta[j1],-1.952021027060868,144,0,Diffusion,Operating model = Null
beta[j1],-2.4260328045430706,144,-2.30258509299405,Diffusion,Operating model = Null
beta[j1],-2.231820869512314,144,0.693147180559945,Diffusion,Operating model = Null
beta[j1],-2.4619815486610137,145,0,Diffusion,Operating model = Null
beta[j1],-2.3605272146421656,145,-2.30258509299405,Diffusion,Operating model = Null
beta[j1],-2.4282933170832,145,0.693147180559945,Diffusion,Operating model = Null
beta[j1],-2.364070088325468,146,0,Diffusion,Operating model = Null
beta[j1],-2.4101225528366648,146,-2.30258509299405,Diffusion,Operating model = Null
beta[j1],-2.3647180335292184,146,0.693147180559945,Diffusion,Operating model = Null
beta[j1],-2.3776868705317713,147,0,Diffusion,Operating model = Null
beta[j1],-2.541088362646232,147,-2.30258509299405,Diffusion,Operating model = Null
beta[j1],-2.0972366546699206,147,0.693147180559945,Diffusion,Operating model = Null
beta[j1],-2.499185592662042,148,0,Diffusion,Operating model = Null
beta[j1],-2.338365366185053,148,-2.30258509299405,Diffusion,Operating model = Null
beta[j1],-2.2327504290754328,148,0.693147180559945,Diffusion,Operating model = Null
beta[j1],-2.4488875564783976,149,0,Diffusion,Operating model = Null
beta[j1],-2.2805655866090975,149,-2.30258509299405,Diffusion,Operating model = Null
beta[j1],-3.0931591999058345,149,0.693147180559945,Diffusion,Operating model = Null
beta[j1],-2.5532779846907796,150,0,Diffusion,Operating model = Null
beta[j1],-2.295288305892243,150,-2.30258509299405,Diffusion,Operating model = Null
beta[j1],-2.94890332020052,150,0.693147180559945,Diffusion,Operating model = Null
beta[j1],-2.360589287706672,151,0,Diffusion,Operating model = Null
beta[j1],-2.304159435676695,151,-2.30258509299405,Diffusion,Operating model = Null
beta[j1],-2.5308897478659245,151,0.693147180559945,Diffusion,Operating model = Null
beta[j1],-2.7718355931965237,152,0,Diffusion,Operating model = Null
beta[j1],-2.566037510423544,152,-2.30258509299405,Diffusion,Operating model = Null
beta[j1],-2.3785221203776428,152,0.693147180559945,Diffusion,Operating model = Null
beta[j1],-2.389650177133308,153,0,Diffusion,Operating model = Null
beta[j1],-2.4801250367033316,153,-2.30258509299405,Diffusion,Operating model = Null
beta[j1],-2.392915822442574,153,0.693147180559945,Diffusion,Operating model = Null
beta[j1],-2.9821848233234065,154,0,Diffusion,Operating model = Null
beta[j1],-2.6405511062075337,154,-2.30258509299405,Diffusion,Operating model = Null
beta[j1],-2.281847658280838,154,0.693147180559945,Diffusion,Operating model = Null
beta[j1],-2.545531436551071,155,0,Diffusion,Operating model = Null
beta[j1],-2.420974289641492,155,-2.30258509299405,Diffusion,Operating model = Null
beta[j1],-2.625528684658842,155,0.693147180559945,Diffusion,Operating model = Null
beta[j1],-2.552801979359405,156,0,Diffusion,Operating model = Null
beta[j1],-2.236530250364236,156,-2.30258509299405,Diffusion,Operating model = Null
beta[j1],-2.473812363141033,156,0.693147180559945,Diffusion,Operating model = Null
beta[j1],-2.293612525477316,157,0,Diffusion,Operating model = Null
beta[j1],-2.458140369528274,157,-2.30258509299405,Diffusion,Operating model = Null
beta[j1],-1.9444739093406447,157,0.693147180559945,Diffusion,Operating model = Null
beta[j1],-2.5429566640249024,158,0,Diffusion,Operating model = Null
beta[j1],-2.356420002498911,158,-2.30258509299405,Diffusion,Operating model = Null
beta[j1],-2.3332491991944764,158,0.693147180559945,Diffusion,Operating model = Null
beta[j1],-2.574778609099239,159,0,Diffusion,Operating model = Null
beta[j1],-2.727698764524211,159,-2.30258509299405,Diffusion,Operating model = Null
beta[j1],-2.107732187485036,159,0.693147180559945,Diffusion,Operating model = Null
beta[j1],-2.2586514020656807,160,0,Diffusion,Operating model = Null
beta[j1],-2.507316875572126,160,-2.30258509299405,Diffusion,Operating model = Null
beta[j1],-2.4901553000796084,160,0.693147180559945,Diffusion,Operating model = Null
beta[j1],-2.4296874546995455,161,0,Diffusion,Operating model = Null
beta[j1],-2.183559131293961,161,-2.30258509299405,Diffusion,Operating model = Null
beta[j1],-2.440730604875277,161,0.693147180559945,Diffusion,Operating model = Null
beta[j1],-2.362054315544611,162,0,Diffusion,Operating model = Null
beta[j1],-2.557379687615115,162,-2.30258509299405,Diffusion,Operating model = Null
beta[j1],-2.4010485322762913,162,0.693147180559945,Diffusion,Operating model = Null
beta[j1],-2.7699571495110793,163,0,Diffusion,Operating model = Null
beta[j1],-2.3952046910732085,163,-2.30258509299405,Diffusion,Operating model = Null
beta[j1],-2.9931839045275956,163,0.693147180559945,Diffusion,Operating model = Null
beta[j1],-2.1653316623863734,164,0,Diffusion,Operating model = Null
beta[j1],-2.4248198723421788,164,-2.30258509299405,Diffusion,Operating model = Null
beta[j1],-2.3442023484480394,164,0.693147180559945,Diffusion,Operating model = Null
beta[j1],-2.677268803202179,165,0,Diffusion,Operating model = Null
beta[j1],-2.42607611859817,165,-2.30258509299405,Diffusion,Operating model = Null
beta[j1],-2.6729482356150935,165,0.693147180559945,Diffusion,Operating model = Null
beta[j1],-2.66883904063605,166,0,Diffusion,Operating model = Null
beta[j1],-2.0951753140222484,166,-2.30258509299405,Diffusion,Operating model = Null
beta[j1],-2.167746256665919,166,0.693147180559945,Diffusion,Operating model = Null
beta[j1],-2.0782897858584874,167,0,Diffusion,Operating model = Null
beta[j1],-2.440185053043118,167,-2.30258509299405,Diffusion,Operating model = Null
beta[j1],-2.347445446769931,167,0.693147180559945,Diffusion,Operating model = Null
beta[j1],-2.518459574920486,168,0,Diffusion,Operating model = Null
beta[j1],-2.328628832701187,168,-2.30258509299405,Diffusion,Operating model = Null
beta[j1],-2.4766346986702388,168,0.693147180559945,Diffusion,Operating model = Null
beta[j1],-2.218060529257898,169,0,Diffusion,Operating model = Null
beta[j1],-2.4452371672748914,169,-2.30258509299405,Diffusion,Operating model = Null
beta[j1],-2.4904086930371236,169,0.693147180559945,Diffusion,Operating model = Null
beta[j1],-2.379894625496366,170,0,Diffusion,Operating model = Null
beta[j1],-2.4779742554938586,170,-2.30258509299405,Diffusion,Operating model = Null
beta[j1],-2.419630855600906,170,0.693147180559945,Diffusion,Operating model = Null
beta[j1],-2.3250710228344826,171,0,Diffusion,Operating model = Null
beta[j1],-2.3292328566101284,171,-2.30258509299405,Diffusion,Operating model = Null
beta[j1],-3.1937336035331247,171,0.693147180559945,Diffusion,Operating model = Null
beta[j1],-2.466961277499604,172,0,Diffusion,Operating model = Null
beta[j1],-2.5879932629805196,172,-2.30258509299405,Diffusion,Operating model = Null
beta[j1],-2.5172114224662194,172,0.693147180559945,Diffusion,Operating model = Null
beta[j1],-2.4403236931235432,173,0,Diffusion,Operating model = Null
beta[j1],-2.9263602137089912,173,-2.30258509299405,Diffusion,Operating model = Null
beta[j1],-2.7134810396319367,173,0.693147180559945,Diffusion,Operating model = Null
beta[j1],-2.4421623544071114,174,0,Diffusion,Operating model = Null
beta[j1],-2.6632900711638516,174,-2.30258509299405,Diffusion,Operating model = Null
beta[j1],-2.155084278764893,174,0.693147180559945,Diffusion,Operating model = Null
beta[j1],-2.5250863564975234,175,0,Diffusion,Operating model = Null
beta[j1],-2.39055445312865,175,-2.30258509299405,Diffusion,Operating model = Null
beta[j1],-2.5639992154841886,175,0.693147180559945,Diffusion,Operating model = Null
beta[j1],-2.6353071785598465,176,0,Diffusion,Operating model = Null
beta[j1],-2.5067110156299752,176,-2.30258509299405,Diffusion,Operating model = Null
beta[j1],-2.52463675179247,176,0.693147180559945,Diffusion,Operating model = Null
beta[j1],-2.5881930767931447,177,0,Diffusion,Operating model = Null
beta[j1],-2.5187528807307933,177,-2.30258509299405,Diffusion,Operating model = Null
beta[j1],-2.450589661298347,177,0.693147180559945,Diffusion,Operating model = Null
beta[j1],-2.3422889071820925,178,0,Diffusion,Operating model = Null
beta[j1],-2.4012174641128174,178,-2.30258509299405,Diffusion,Operating model = Null
beta[j1],-2.7699427841820397,178,0.693147180559945,Diffusion,Operating model = Null
beta[j1],-2.162923432561552,179,0,Diffusion,Operating model = Null
beta[j1],-2.465830652870588,179,-2.30258509299405,Diffusion,Operating model = Null
beta[j1],-2.3513694813370023,179,0.693147180559945,Diffusion,Operating model = Null
beta[j1],-2.51427066944702,180,0,Diffusion,Operating model = Null
beta[j1],-2.2261459208958745,180,-2.30258509299405,Diffusion,Operating model = Null
beta[j1],-2.745031943267205,180,0.693147180559945,Diffusion,Operating model = Null
beta[j1],-2.2874109778574803,181,0,Diffusion,Operating model = Null
beta[j1],-2.558072280038507,181,-2.30258509299405,Diffusion,Operating model = Null
beta[j1],-2.4017076471227203,181,0.693147180559945,Diffusion,Operating model = Null
beta[j1],-2.3353003948836983,182,0,Diffusion,Operating model = Null
beta[j1],-2.4326385947426195,182,-2.30258509299405,Diffusion,Operating model = Null
beta[j1],-2.42053859111638,182,0.693147180559945,Diffusion,Operating model = Null
beta[j1],-2.5470986475643853,183,0,Diffusion,Operating model = Null
beta[j1],-2.4256476870795263,183,-2.30258509299405,Diffusion,Operating model = Null
beta[j1],-2.405519084089918,183,0.693147180559945,Diffusion,Operating model = Null
beta[j1],-2.3274599838644687,184,0,Diffusion,Operating model = Null
beta[j1],-2.3668768470030317,184,-2.30258509299405,Diffusion,Operating model = Null
beta[j1],-2.296752473832478,184,0.693147180559945,Diffusion,Operating model = Null
beta[j1],-2.531747372521056,185,0,Diffusion,Operating model = Null
beta[j1],-2.53734620760015,185,-2.30258509299405,Diffusion,Operating model = Null
beta[j1],-2.318471593155903,185,0.693147180559945,Diffusion,Operating model = Null
beta[j1],-2.6063354497506057,186,0,Diffusion,Operating model = Null
beta[j1],-2.422066698866281,186,-2.30258509299405,Diffusion,Operating model = Null
beta[j1],-3.0186191350923877,186,0.693147180559945,Diffusion,Operating model = Null
beta[j1],-2.60176524454377,187,0,Diffusion,Operating model = Null
beta[j1],-2.3829070758864948,187,-2.30258509299405,Diffusion,Operating model = Null
beta[j1],-2.4336016363891897,187,0.693147180559945,Diffusion,Operating model = Null
beta[j1],-2.6145846445027487,188,0,Diffusion,Operating model = Null
beta[j1],-2.6983232241591324,188,-2.30258509299405,Diffusion,Operating model = Null
beta[j1],-2.3924136998821166,188,0.693147180559945,Diffusion,Operating model = Null
beta[j1],-2.2895445761930353,189,0,Diffusion,Operating model = Null
beta[j1],-2.7115620251096924,189,-2.30258509299405,Diffusion,Operating model = Null
beta[j1],-2.101145888443134,189,0.693147180559945,Diffusion,Operating model = Null
beta[j1],-2.4793192885912676,190,0,Diffusion,Operating model = Null
beta[j1],-2.3606778047835144,190,-2.30258509299405,Diffusion,Operating model = Null
beta[j1],-2.388978543410148,190,0.693147180559945,Diffusion,Operating model = Null
beta[j1],-2.0384637972806443,191,0,Diffusion,Operating model = Null
beta[j1],-2.342463894030875,191,-2.30258509299405,Diffusion,Operating model = Null
beta[j1],-2.197264923736795,191,0.693147180559945,Diffusion,Operating model = Null
beta[j1],-2.5261387704586045,192,0,Diffusion,Operating model = Null
beta[j1],-2.4844788052833886,192,-2.30258509299405,Diffusion,Operating model = Null
beta[j1],-2.5809939880067216,192,0.693147180559945,Diffusion,Operating model = Null
beta[j1],-2.394900083449057,193,0,Diffusion,Operating model = Null
beta[j1],-2.3194233064976646,193,-2.30258509299405,Diffusion,Operating model = Null
beta[j1],-2.2381850833902828,193,0.693147180559945,Diffusion,Operating model = Null
beta[j1],-2.5099515797356666,194,0,Diffusion,Operating model = Null
beta[j1],-2.4079696091109555,194,-2.30258509299405,Diffusion,Operating model = Null
beta[j1],-2.0579282211057786,194,0.693147180559945,Diffusion,Operating model = Null
beta[j1],-2.5453135350198965,195,0,Diffusion,Operating model = Null
beta[j1],-2.6743818276955182,195,-2.30258509299405,Diffusion,Operating model = Null
beta[j1],-2.2625824077944303,195,0.693147180559945,Diffusion,Operating model = Null
beta[j1],-2.2549421561512055,196,0,Diffusion,Operating model = Null
beta[j1],-2.5530890670315287,196,-2.30258509299405,Diffusion,Operating model = Null
beta[j1],-2.3997829963339554,196,0.693147180559945,Diffusion,Operating model = Null
beta[j1],-2.0456412077173565,197,0,Diffusion,Operating model = Null
beta[j1],-2.653256632530722,197,-2.30258509299405,Diffusion,Operating model = Null
beta[j1],-2.5499666110402885,197,0.693147180559945,Diffusion,Operating model = Null
beta[j1],-2.4773559200708224,198,0,Diffusion,Operating model = Null
beta[j1],-2.326809934409925,198,-2.30258509299405,Diffusion,Operating model = Null
beta[j1],-2.531220625143601,198,0.693147180559945,Diffusion,Operating model = Null
beta[j1],-2.2833773867283345,199,0,Diffusion,Operating model = Null
beta[j1],-2.2883214825690326,199,-2.30258509299405,Diffusion,Operating model = Null
beta[j1],-2.619828341330326,199,0.693147180559945,Diffusion,Operating model = Null
beta[j1],-2.2658509522797656,200,0,Diffusion,Operating model = Null
beta[j1],-2.430677908858137,200,-2.30258509299405,Diffusion,Operating model = Null
beta[j1],-2.278834797992737,200,0.693147180559945,Diffusion,Operating model = Null
beta[j1],-2.429641235842951,1,0,Null,Operating model = Null
beta[j1],-2.3953138221886916,1,-2.30258509299405,Null,Operating model = Null
beta[j1],-2.2871025274823236,1,0.693147180559945,Null,Operating model = Null
beta[j1],-2.371901026272633,2,0,Null,Operating model = Null
beta[j1],-2.3742406472701383,2,-2.30258509299405,Null,Operating model = Null
beta[j1],-2.492591191383787,2,0.693147180559945,Null,Operating model = Null
beta[j1],-2.5515309001762567,3,0,Null,Operating model = Null
beta[j1],-2.3714047353154717,3,-2.30258509299405,Null,Operating model = Null
beta[j1],-2.2439359112617,3,0.693147180559945,Null,Operating model = Null
beta[j1],-2.365473953163629,4,0,Null,Operating model = Null
beta[j1],-2.9285343079274506,4,-2.30258509299405,Null,Operating model = Null
beta[j1],-2.3082150986611287,4,0.693147180559945,Null,Operating model = Null
beta[j1],-2.4094339075163105,5,0,Null,Operating model = Null
beta[j1],-1.953717652081561,5,-2.30258509299405,Null,Operating model = Null
beta[j1],-2.462206611798985,5,0.693147180559945,Null,Operating model = Null
beta[j1],-2.292993287824486,6,0,Null,Operating model = Null
beta[j1],-2.577410464349704,6,-2.30258509299405,Null,Operating model = Null
beta[j1],-2.325911712481254,6,0.693147180559945,Null,Operating model = Null
beta[j1],-2.390912299665614,7,0,Null,Operating model = Null
beta[j1],-2.166673972831713,7,-2.30258509299405,Null,Operating model = Null
beta[j1],-2.5088959425293806,7,0.693147180559945,Null,Operating model = Null
beta[j1],-2.356751226505939,8,0,Null,Operating model = Null
beta[j1],-2.251442135469852,8,-2.30258509299405,Null,Operating model = Null
beta[j1],-2.179392103264533,8,0.693147180559945,Null,Operating model = Null
beta[j1],-2.2672290178947585,9,0,Null,Operating model = Null
beta[j1],-2.4289891981980407,9,-2.30258509299405,Null,Operating model = Null
beta[j1],-2.5085798749577397,9,0.693147180559945,Null,Operating model = Null
beta[j1],-2.2267847844416733,10,0,Null,Operating model = Null
beta[j1],-2.335760120646043,10,-2.30258509299405,Null,Operating model = Null
beta[j1],-2.166234413595227,10,0.693147180559945,Null,Operating model = Null
beta[j1],-2.5321645336793552,11,0,Null,Operating model = Null
beta[j1],-2.6732268938103556,11,-2.30258509299405,Null,Operating model = Null
beta[j1],-2.333993136314782,11,0.693147180559945,Null,Operating model = Null
beta[j1],-2.435109246648388,12,0,Null,Operating model = Null
beta[j1],-2.329797846495064,12,-2.30258509299405,Null,Operating model = Null
beta[j1],-2.2359958681733643,12,0.693147180559945,Null,Operating model = Null
beta[j1],-2.221299549961817,13,0,Null,Operating model = Null
beta[j1],-2.364553428527237,13,-2.30258509299405,Null,Operating model = Null
beta[j1],-2.4124899619401847,13,0.693147180559945,Null,Operating model = Null
beta[j1],-2.2682024222473824,14,0,Null,Operating model = Null
beta[j1],-2.468340884247319,14,-2.30258509299405,Null,Operating model = Null
beta[j1],-2.6410528439650336,14,0.693147180559945,Null,Operating model = Null
beta[j1],-2.3434943351439737,15,0,Null,Operating model = Null
beta[j1],-2.4883874990272985,15,-2.30258509299405,Null,Operating model = Null
beta[j1],-2.3758292505235805,15,0.693147180559945,Null,Operating model = Null
beta[j1],-2.4624520201120044,16,0,Null,Operating model = Null
beta[j1],-1.862083781299154,16,-2.30258509299405,Null,Operating model = Null
beta[j1],-2.024210236821523,16,0.693147180559945,Null,Operating model = Null
beta[j1],-2.5218214395177725,17,0,Null,Operating model = Null
beta[j1],-2.2408076076106274,17,-2.30258509299405,Null,Operating model = Null
beta[j1],-2.346549511268843,17,0.693147180559945,Null,Operating model = Null
beta[j1],-3.080243629917388,18,0,Null,Operating model = Null
beta[j1],-2.370062999562045,18,-2.30258509299405,Null,Operating model = Null
beta[j1],-2.401095670243679,18,0.693147180559945,Null,Operating model = Null
beta[j1],-2.4077817535756916,19,0,Null,Operating model = Null
beta[j1],-2.1321843814193646,19,-2.30258509299405,Null,Operating model = Null
beta[j1],-2.3904727822948404,19,0.693147180559945,Null,Operating model = Null
beta[j1],-1.99601495107279,20,0,Null,Operating model = Null
beta[j1],-2.3497708346538535,20,-2.30258509299405,Null,Operating model = Null
beta[j1],-2.2779160248503953,20,0.693147180559945,Null,Operating model = Null
beta[j1],-2.28687381014282,21,0,Null,Operating model = Null
beta[j1],-2.5108554855420895,21,-2.30258509299405,Null,Operating model = Null
beta[j1],-2.228782197461074,21,0.693147180559945,Null,Operating model = Null
beta[j1],-2.4705823310580572,22,0,Null,Operating model = Null
beta[j1],-2.4100306971888736,22,-2.30258509299405,Null,Operating model = Null
beta[j1],-2.5545689329608323,22,0.693147180559945,Null,Operating model = Null
beta[j1],-2.9575666403626957,23,0,Null,Operating model = Null
beta[j1],-2.487041137236321,23,-2.30258509299405,Null,Operating model = Null
beta[j1],-2.466945954098811,23,0.693147180559945,Null,Operating model = Null
beta[j1],-2.076188820871143,24,0,Null,Operating model = Null
beta[j1],-2.0818875409508713,24,-2.30258509299405,Null,Operating model = Null
beta[j1],-2.398750015671862,24,0.693147180559945,Null,Operating model = Null
beta[j1],-2.4212084142062436,25,0,Null,Operating model = Null
beta[j1],-2.373910104861453,25,-2.30258509299405,Null,Operating model = Null
beta[j1],-2.3249840520894085,25,0.693147180559945,Null,Operating model = Null
beta[j1],-2.4420458165326853,26,0,Null,Operating model = Null
beta[j1],-2.3906350518877746,26,-2.30258509299405,Null,Operating model = Null
beta[j1],-2.4187627686194633,26,0.693147180559945,Null,Operating model = Null
beta[j1],-2.1158536593744066,27,0,Null,Operating model = Null
beta[j1],-2.487063997821489,27,-2.30258509299405,Null,Operating model = Null
beta[j1],-2.372117496168369,27,0.693147180559945,Null,Operating model = Null
beta[j1],-2.174998591055222,28,0,Null,Operating model = Null
beta[j1],-2.450546978590617,28,-2.30258509299405,Null,Operating model = Null
beta[j1],-2.3810383092890737,28,0.693147180559945,Null,Operating model = Null
beta[j1],-2.427670315830135,29,0,Null,Operating model = Null
beta[j1],-2.402803818779205,29,-2.30258509299405,Null,Operating model = Null
beta[j1],-2.5053655358003892,29,0.693147180559945,Null,Operating model = Null
beta[j1],-2.541010413731926,30,0,Null,Operating model = Null
beta[j1],-2.313424016578051,30,-2.30258509299405,Null,Operating model = Null
beta[j1],-2.3487694389189198,30,0.693147180559945,Null,Operating model = Null
beta[j1],-2.894601181763516,31,0,Null,Operating model = Null
beta[j1],-2.2117819671817682,31,-2.30258509299405,Null,Operating model = Null
beta[j1],-2.434180576659798,31,0.693147180559945,Null,Operating model = Null
beta[j1],-2.4846448299865007,32,0,Null,Operating model = Null
beta[j1],-2.3781489179313073,32,-2.30258509299405,Null,Operating model = Null
beta[j1],-2.3711013519722717,32,0.693147180559945,Null,Operating model = Null
beta[j1],-3.483011197272095,33,0,Null,Operating model = Null
beta[j1],-2.3593662091950023,33,-2.30258509299405,Null,Operating model = Null
beta[j1],-2.2409125953361535,33,0.693147180559945,Null,Operating model = Null
beta[j1],-2.395315135401248,34,0,Null,Operating model = Null
beta[j1],-2.380474690725421,34,-2.30258509299405,Null,Operating model = Null
beta[j1],-2.277890267387054,34,0.693147180559945,Null,Operating model = Null
beta[j1],-2.460220124172016,35,0,Null,Operating model = Null
beta[j1],-2.2000156628460554,35,-2.30258509299405,Null,Operating model = Null
beta[j1],-2.5563980289791903,35,0.693147180559945,Null,Operating model = Null
beta[j1],-2.3831924248662637,36,0,Null,Operating model = Null
beta[j1],-2.3901817763008175,36,-2.30258509299405,Null,Operating model = Null
beta[j1],-2.4442952133236386,36,0.693147180559945,Null,Operating model = Null
beta[j1],-2.405657906932992,37,0,Null,Operating model = Null
beta[j1],-2.5261497649856315,37,-2.30258509299405,Null,Operating model = Null
beta[j1],-2.320625796904202,37,0.693147180559945,Null,Operating model = Null
beta[j1],-2.2891926527222948,38,0,Null,Operating model = Null
beta[j1],-2.1792424425996546,38,-2.30258509299405,Null,Operating model = Null
beta[j1],-2.4598513357926746,38,0.693147180559945,Null,Operating model = Null
beta[j1],-2.377040684612092,39,0,Null,Operating model = Null
beta[j1],-2.43448941541177,39,-2.30258509299405,Null,Operating model = Null
beta[j1],-2.133763725994926,39,0.693147180559945,Null,Operating model = Null
beta[j1],-2.219491869717165,40,0,Null,Operating model = Null
beta[j1],-2.1117222304627123,40,-2.30258509299405,Null,Operating model = Null
beta[j1],-2.249070784405479,40,0.693147180559945,Null,Operating model = Null
beta[j1],-2.3355296855165344,41,0,Null,Operating model = Null
beta[j1],-2.4238284447757734,41,-2.30258509299405,Null,Operating model = Null
beta[j1],-2.4148227389538235,41,0.693147180559945,Null,Operating model = Null
beta[j1],-2.3524361779325145,42,0,Null,Operating model = Null
beta[j1],-2.5004050299840377,42,-2.30258509299405,Null,Operating model = Null
beta[j1],-2.154496671447746,42,0.693147180559945,Null,Operating model = Null
beta[j1],-2.332542320039605,43,0,Null,Operating model = Null
beta[j1],-2.285553200827676,43,-2.30258509299405,Null,Operating model = Null
beta[j1],-2.1740269935104153,43,0.693147180559945,Null,Operating model = Null
beta[j1],-2.4169006123823946,44,0,Null,Operating model = Null
beta[j1],-2.360914089284891,44,-2.30258509299405,Null,Operating model = Null
beta[j1],-2.5847487421271484,44,0.693147180559945,Null,Operating model = Null
beta[j1],-2.477937036281406,45,0,Null,Operating model = Null
beta[j1],-2.5148479815496247,45,-2.30258509299405,Null,Operating model = Null
beta[j1],-2.252492108816857,45,0.693147180559945,Null,Operating model = Null
beta[j1],-2.3717639086413276,46,0,Null,Operating model = Null
beta[j1],-2.3096636729318405,46,-2.30258509299405,Null,Operating model = Null
beta[j1],-2.2857817063613757,46,0.693147180559945,Null,Operating model = Null
beta[j1],-2.6616113339293195,47,0,Null,Operating model = Null
beta[j1],-2.38484307465005,47,-2.30258509299405,Null,Operating model = Null
beta[j1],-2.4420826827218924,47,0.693147180559945,Null,Operating model = Null
beta[j1],-2.2013503186524894,48,0,Null,Operating model = Null
beta[j1],-2.522019407187136,48,-2.30258509299405,Null,Operating model = Null
beta[j1],-2.641549856884937,48,0.693147180559945,Null,Operating model = Null
beta[j1],-2.212910443625773,49,0,Null,Operating model = Null
beta[j1],-2.517930479823458,49,-2.30258509299405,Null,Operating model = Null
beta[j1],-2.264219932235714,49,0.693147180559945,Null,Operating model = Null
beta[j1],-2.6161458530004276,50,0,Null,Operating model = Null
beta[j1],-2.447170828824748,50,-2.30258509299405,Null,Operating model = Null
beta[j1],-2.444526945224034,50,0.693147180559945,Null,Operating model = Null
beta[j1],-2.5199619732686824,51,0,Null,Operating model = Null
beta[j1],-2.25994106868861,51,-2.30258509299405,Null,Operating model = Null
beta[j1],-2.4626256011595937,51,0.693147180559945,Null,Operating model = Null
beta[j1],-2.8559675184704596,52,0,Null,Operating model = Null
beta[j1],-2.451615693626781,52,-2.30258509299405,Null,Operating model = Null
beta[j1],-2.4181684850882514,52,0.693147180559945,Null,Operating model = Null
beta[j1],-2.57602787320426,53,0,Null,Operating model = Null
beta[j1],-2.270273001305823,53,-2.30258509299405,Null,Operating model = Null
beta[j1],-2.318468886746056,53,0.693147180559945,Null,Operating model = Null
beta[j1],-2.8809800575051203,54,0,Null,Operating model = Null
beta[j1],-2.3127964111166133,54,-2.30258509299405,Null,Operating model = Null
beta[j1],-2.220051678069938,54,0.693147180559945,Null,Operating model = Null
beta[j1],-2.3928856074761127,55,0,Null,Operating model = Null
beta[j1],-2.3880370674204006,55,-2.30258509299405,Null,Operating model = Null
beta[j1],-2.676666655881859,55,0.693147180559945,Null,Operating model = Null
beta[j1],-2.4927054358183347,56,0,Null,Operating model = Null
beta[j1],-2.2275198026938314,56,-2.30258509299405,Null,Operating model = Null
beta[j1],-2.369463792292384,56,0.693147180559945,Null,Operating model = Null
beta[j1],-2.5222533544840453,57,0,Null,Operating model = Null
beta[j1],-2.6675958240310904,57,-2.30258509299405,Null,Operating model = Null
beta[j1],-2.1054599193236636,57,0.693147180559945,Null,Operating model = Null
beta[j1],-2.358008504442372,58,0,Null,Operating model = Null
beta[j1],-2.4293757811319767,58,-2.30258509299405,Null,Operating model = Null
beta[j1],-2.542172733655459,58,0.693147180559945,Null,Operating model = Null
beta[j1],-2.5617859018667746,59,0,Null,Operating model = Null
beta[j1],-2.31567612325485,59,-2.30258509299405,Null,Operating model = Null
beta[j1],-2.337876137135539,59,0.693147180559945,Null,Operating model = Null
beta[j1],-2.3157780608144027,60,0,Null,Operating model = Null
beta[j1],-2.6906312329162363,60,-2.30258509299405,Null,Operating model = Null
beta[j1],-2.450014196184794,60,0.693147180559945,Null,Operating model = Null
beta[j1],-2.239359214097686,61,0,Null,Operating model = Null
beta[j1],-2.3791590214536003,61,-2.30258509299405,Null,Operating model = Null
beta[j1],-2.5945545059815984,61,0.693147180559945,Null,Operating model = Null
beta[j1],-2.395229336311961,62,0,Null,Operating model = Null
beta[j1],-2.604303438705944,62,-2.30258509299405,Null,Operating model = Null
beta[j1],-2.198495241603392,62,0.693147180559945,Null,Operating model = Null
beta[j1],-3.0430402211076144,63,0,Null,Operating model = Null
beta[j1],-2.273605346713937,63,-2.30258509299405,Null,Operating model = Null
beta[j1],-2.52987903746878,63,0.693147180559945,Null,Operating model = Null
beta[j1],-2.522384088661401,64,0,Null,Operating model = Null
beta[j1],-2.419313790856778,64,-2.30258509299405,Null,Operating model = Null
beta[j1],-2.706969540368331,64,0.693147180559945,Null,Operating model = Null
beta[j1],-1.8810294434309032,65,0,Null,Operating model = Null
beta[j1],-2.294565531239396,65,-2.30258509299405,Null,Operating model = Null
beta[j1],-2.690831097019613,65,0.693147180559945,Null,Operating model = Null
beta[j1],-2.3549727847935524,66,0,Null,Operating model = Null
beta[j1],-2.39694325163729,66,-2.30258509299405,Null,Operating model = Null
beta[j1],-2.2196631252536982,66,0.693147180559945,Null,Operating model = Null
beta[j1],-2.359586273976171,67,0,Null,Operating model = Null
beta[j1],-2.2520783565344273,67,-2.30258509299405,Null,Operating model = Null
beta[j1],-2.478863866433227,67,0.693147180559945,Null,Operating model = Null
beta[j1],-2.3677360206687355,68,0,Null,Operating model = Null
beta[j1],-2.2190110174080098,68,-2.30258509299405,Null,Operating model = Null
beta[j1],-2.3609065245461283,68,0.693147180559945,Null,Operating model = Null
beta[j1],-2.5933461778260574,69,0,Null,Operating model = Null
beta[j1],-2.3723332542351407,69,-2.30258509299405,Null,Operating model = Null
beta[j1],-2.7111535292801605,69,0.693147180559945,Null,Operating model = Null
beta[j1],-2.396339965091364,70,0,Null,Operating model = Null
beta[j1],-2.619593271230967,70,-2.30258509299405,Null,Operating model = Null
beta[j1],-2.1917702899668976,70,0.693147180559945,Null,Operating model = Null
beta[j1],-2.1755075781608486,71,0,Null,Operating model = Null
beta[j1],-2.6055921288539556,71,-2.30258509299405,Null,Operating model = Null
beta[j1],-2.5092741199006112,71,0.693147180559945,Null,Operating model = Null
beta[j1],-2.9100895024519065,72,0,Null,Operating model = Null
beta[j1],-2.452741817713382,72,-2.30258509299405,Null,Operating model = Null
beta[j1],-2.4649418658792412,72,0.693147180559945,Null,Operating model = Null
beta[j1],-1.9489081631991862,73,0,Null,Operating model = Null
beta[j1],-2.403001423070847,73,-2.30258509299405,Null,Operating model = Null
beta[j1],-2.499239514845765,73,0.693147180559945,Null,Operating model = Null
beta[j1],-2.430425181193129,74,0,Null,Operating model = Null
beta[j1],-2.507571179048757,74,-2.30258509299405,Null,Operating model = Null
beta[j1],-1.9639146314199376,74,0.693147180559945,Null,Operating model = Null
beta[j1],-2.3368486756522793,75,0,Null,Operating model = Null
beta[j1],-2.4209479462613146,75,-2.30258509299405,Null,Operating model = Null
beta[j1],-2.102674005509011,75,0.693147180559945,Null,Operating model = Null
beta[j1],-2.424433470819344,76,0,Null,Operating model = Null
beta[j1],-2.4326600950077957,76,-2.30258509299405,Null,Operating model = Null
beta[j1],-2.459900687965909,76,0.693147180559945,Null,Operating model = Null
beta[j1],-2.4405702084340315,77,0,Null,Operating model = Null
beta[j1],-2.237459364633145,77,-2.30258509299405,Null,Operating model = Null
beta[j1],-2.2815596224975416,77,0.693147180559945,Null,Operating model = Null
beta[j1],-2.1504373466616182,78,0,Null,Operating model = Null
beta[j1],-2.2238126619598315,78,-2.30258509299405,Null,Operating model = Null
beta[j1],-2.483925506716522,78,0.693147180559945,Null,Operating model = Null
beta[j1],-2.3900193093918825,79,0,Null,Operating model = Null
beta[j1],-2.657850048051367,79,-2.30258509299405,Null,Operating model = Null
beta[j1],-2.5562515288967145,79,0.693147180559945,Null,Operating model = Null
beta[j1],-2.265503875003235,80,0,Null,Operating model = Null
beta[j1],-2.299207225129343,80,-2.30258509299405,Null,Operating model = Null
beta[j1],-2.3349647841824,80,0.693147180559945,Null,Operating model = Null
beta[j1],-2.3132405202227577,81,0,Null,Operating model = Null
beta[j1],-2.204624843377984,81,-2.30258509299405,Null,Operating model = Null
beta[j1],-2.5123680690249683,81,0.693147180559945,Null,Operating model = Null
beta[j1],-2.4203828678989625,82,0,Null,Operating model = Null
beta[j1],-2.253181241420336,82,-2.30258509299405,Null,Operating model = Null
beta[j1],-2.36592919174328,82,0.693147180559945,Null,Operating model = Null
beta[j1],-2.391571085510255,83,0,Null,Operating model = Null
beta[j1],-2.6120234653312853,83,-2.30258509299405,Null,Operating model = Null
beta[j1],-2.5017148947292314,83,0.693147180559945,Null,Operating model = Null
beta[j1],-2.1818107418362653,84,0,Null,Operating model = Null
beta[j1],-2.334086655993568,84,-2.30258509299405,Null,Operating model = Null
beta[j1],-2.0179734042474413,84,0.693147180559945,Null,Operating model = Null
beta[j1],-2.3475708835370535,85,0,Null,Operating model = Null
beta[j1],-2.2298516344741217,85,-2.30258509299405,Null,Operating model = Null
beta[j1],-2.316076908029047,85,0.693147180559945,Null,Operating model = Null
beta[j1],-2.2305052319748566,86,0,Null,Operating model = Null
beta[j1],-2.350310858730138,86,-2.30258509299405,Null,Operating model = Null
beta[j1],-2.666671258120579,86,0.693147180559945,Null,Operating model = Null
beta[j1],-2.532951059240177,87,0,Null,Operating model = Null
beta[j1],-2.432611157673593,87,-2.30258509299405,Null,Operating model = Null
beta[j1],-2.3341503334890796,87,0.693147180559945,Null,Operating model = Null
beta[j1],-2.421260826388867,88,0,Null,Operating model = Null
beta[j1],-2.474599596247794,88,-2.30258509299405,Null,Operating model = Null
beta[j1],-2.580599948157284,88,0.693147180559945,Null,Operating model = Null
beta[j1],-2.476229809539807,89,0,Null,Operating model = Null
beta[j1],-2.340580548610568,89,-2.30258509299405,Null,Operating model = Null
beta[j1],-2.3356872828337125,89,0.693147180559945,Null,Operating model = Null
beta[j1],-2.2582807480501836,90,0,Null,Operating model = Null
beta[j1],-2.3988541664089027,90,-2.30258509299405,Null,Operating model = Null
beta[j1],-2.459287024629285,90,0.693147180559945,Null,Operating model = Null
beta[j1],-2.361042996049933,91,0,Null,Operating model = Null
beta[j1],-2.419665665552207,91,-2.30258509299405,Null,Operating model = Null
beta[j1],-2.280343646769882,91,0.693147180559945,Null,Operating model = Null
beta[j1],-2.3981321746106117,92,0,Null,Operating model = Null
beta[j1],-2.369757052071374,92,-2.30258509299405,Null,Operating model = Null
beta[j1],-2.464522585168929,92,0.693147180559945,Null,Operating model = Null
beta[j1],-2.35982446161571,93,0,Null,Operating model = Null
beta[j1],-2.4202644516000675,93,-2.30258509299405,Null,Operating model = Null
beta[j1],-2.3749758976389805,93,0.693147180559945,Null,Operating model = Null
beta[j1],-2.468611862979246,94,0,Null,Operating model = Null
beta[j1],-2.2786761799840916,94,-2.30258509299405,Null,Operating model = Null
beta[j1],-2.305138422557295,94,0.693147180559945,Null,Operating model = Null
beta[j1],-2.253636802386024,95,0,Null,Operating model = Null
beta[j1],-2.583637013127783,95,-2.30258509299405,Null,Operating model = Null
beta[j1],-2.484203936860942,95,0.693147180559945,Null,Operating model = Null
beta[j1],-2.3359880503259944,96,0,Null,Operating model = Null
beta[j1],-2.414705015259731,96,-2.30258509299405,Null,Operating model = Null
beta[j1],-2.5760251451854423,96,0.693147180559945,Null,Operating model = Null
beta[j1],-2.322441450726423,97,0,Null,Operating model = Null
beta[j1],-2.224068385604871,97,-2.30258509299405,Null,Operating model = Null
beta[j1],-2.2263786739845792,97,0.693147180559945,Null,Operating model = Null
beta[j1],-2.458609572120016,98,0,Null,Operating model = Null
beta[j1],-2.455182329590852,98,-2.30258509299405,Null,Operating model = Null
beta[j1],-1.9732873722979654,98,0.693147180559945,Null,Operating model = Null
beta[j1],-2.305529995796421,99,0,Null,Operating model = Null
beta[j1],-2.3713201093071175,99,-2.30258509299405,Null,Operating model = Null
beta[j1],-2.450210581484413,99,0.693147180559945,Null,Operating model = Null
beta[j1],-2.175556764685871,100,0,Null,Operating model = Null
beta[j1],-2.1686777430190665,100,-2.30258509299405,Null,Operating model = Null
beta[j1],-2.2828775962454335,100,0.693147180559945,Null,Operating model = Null
beta[j1],-2.407880868367108,101,0,Null,Operating model = Null
beta[j1],-2.609578023988195,101,-2.30258509299405,Null,Operating model = Null
beta[j1],-1.9862419858663845,101,0.693147180559945,Null,Operating model = Null
beta[j1],-2.364709200125424,102,0,Null,Operating model = Null
beta[j1],-2.441612619809881,102,-2.30258509299405,Null,Operating model = Null
beta[j1],-2.2662308136704787,102,0.693147180559945,Null,Operating model = Null
beta[j1],-2.403828827630987,103,0,Null,Operating model = Null
beta[j1],-2.3490203134099024,103,-2.30258509299405,Null,Operating model = Null
beta[j1],-2.335868423243719,103,0.693147180559945,Null,Operating model = Null
beta[j1],-2.1365410230553907,104,0,Null,Operating model = Null
beta[j1],-2.4335773502444504,104,-2.30258509299405,Null,Operating model = Null
beta[j1],-2.1843244345488597,104,0.693147180559945,Null,Operating model = Null
beta[j1],-2.3749364896190555,105,0,Null,Operating model = Null
beta[j1],-2.6276116584042613,105,-2.30258509299405,Null,Operating model = Null
beta[j1],-2.2934945453495867,105,0.693147180559945,Null,Operating model = Null
beta[j1],-2.6630039773542156,106,0,Null,Operating model = Null
beta[j1],-2.374739244064104,106,-2.30258509299405,Null,Operating model = Null
beta[j1],-2.5715974312964196,106,0.693147180559945,Null,Operating model = Null
beta[j1],-2.3536123285678006,107,0,Null,Operating model = Null
beta[j1],-2.239381394806194,107,-2.30258509299405,Null,Operating model = Null
beta[j1],-2.5405485024365855,107,0.693147180559945,Null,Operating model = Null
beta[j1],-1.9532430837691241,108,0,Null,Operating model = Null
beta[j1],-2.4593167727366896,108,-2.30258509299405,Null,Operating model = Null
beta[j1],-2.7639483118644432,108,0.693147180559945,Null,Operating model = Null
beta[j1],-2.4884009054437017,109,0,Null,Operating model = Null
beta[j1],-2.3902894981583827,109,-2.30258509299405,Null,Operating model = Null
beta[j1],-2.3448327548307795,109,0.693147180559945,Null,Operating model = Null
beta[j1],-2.707254434262094,110,0,Null,Operating model = Null
beta[j1],-2.3990839479407287,110,-2.30258509299405,Null,Operating model = Null
beta[j1],-2.4146874030534238,110,0.693147180559945,Null,Operating model = Null
beta[j1],-2.412554534682103,111,0,Null,Operating model = Null
beta[j1],-2.4597940156474594,111,-2.30258509299405,Null,Operating model = Null
beta[j1],-2.523429331245166,111,0.693147180559945,Null,Operating model = Null
beta[j1],-2.4403361635140124,112,0,Null,Operating model = Null
beta[j1],-2.2313327913369103,112,-2.30258509299405,Null,Operating model = Null
beta[j1],-2.333364832479432,112,0.693147180559945,Null,Operating model = Null
beta[j1],-2.3765612870225854,113,0,Null,Operating model = Null
beta[j1],-2.3983053505049066,113,-2.30258509299405,Null,Operating model = Null
beta[j1],-2.255494796903322,113,0.693147180559945,Null,Operating model = Null
beta[j1],-2.3141708322742263,114,0,Null,Operating model = Null
beta[j1],-2.2061051072696345,114,-2.30258509299405,Null,Operating model = Null
beta[j1],-2.4947842612475513,114,0.693147180559945,Null,Operating model = Null
beta[j1],-2.304969585037201,115,0,Null,Operating model = Null
beta[j1],-2.349299100728916,115,-2.30258509299405,Null,Operating model = Null
beta[j1],-2.391307730565497,115,0.693147180559945,Null,Operating model = Null
beta[j1],-3.006861540717535,116,0,Null,Operating model = Null
beta[j1],-2.7452232233704947,116,-2.30258509299405,Null,Operating model = Null
beta[j1],-2.4650641419610064,116,0.693147180559945,Null,Operating model = Null
beta[j1],-2.144333631915977,117,0,Null,Operating model = Null
beta[j1],-2.5991110854713915,117,-2.30258509299405,Null,Operating model = Null
beta[j1],-2.3956154216719323,117,0.693147180559945,Null,Operating model = Null
beta[j1],-2.345808411864309,118,0,Null,Operating model = Null
beta[j1],-2.4357846506245955,118,-2.30258509299405,Null,Operating model = Null
beta[j1],-2.333746883976023,118,0.693147180559945,Null,Operating model = Null
beta[j1],-2.6507704003802606,119,0,Null,Operating model = Null
beta[j1],-2.437209675153188,119,-2.30258509299405,Null,Operating model = Null
beta[j1],-2.433831715919498,119,0.693147180559945,Null,Operating model = Null
beta[j1],-1.810017352833431,120,0,Null,Operating model = Null
beta[j1],-2.1489420491078906,120,-2.30258509299405,Null,Operating model = Null
beta[j1],-2.4193187974517105,120,0.693147180559945,Null,Operating model = Null
beta[j1],-2.418173731599508,121,0,Null,Operating model = Null
beta[j1],-2.377645384137332,121,-2.30258509299405,Null,Operating model = Null
beta[j1],-2.3535062632830788,121,0.693147180559945,Null,Operating model = Null
beta[j1],-2.5226386860414642,122,0,Null,Operating model = Null
beta[j1],-2.787190066327555,122,-2.30258509299405,Null,Operating model = Null
beta[j1],-2.3346284759110953,122,0.693147180559945,Null,Operating model = Null
beta[j1],-2.2737907206867476,123,0,Null,Operating model = Null
beta[j1],-2.2583056717728187,123,-2.30258509299405,Null,Operating model = Null
beta[j1],-2.5225876096300457,123,0.693147180559945,Null,Operating model = Null
beta[j1],-2.2816863831909613,124,0,Null,Operating model = Null
beta[j1],-2.46584316170994,124,-2.30258509299405,Null,Operating model = Null
beta[j1],-2.3977553829290446,124,0.693147180559945,Null,Operating model = Null
beta[j1],-2.4800635976773675,125,0,Null,Operating model = Null
beta[j1],-2.7885144976805196,125,-2.30258509299405,Null,Operating model = Null
beta[j1],-2.530602167364571,125,0.693147180559945,Null,Operating model = Null
beta[j1],-2.5327185066511597,126,0,Null,Operating model = Null
beta[j1],-2.4295627032063725,126,-2.30258509299405,Null,Operating model = Null
beta[j1],-2.5044275502579563,126,0.693147180559945,Null,Operating model = Null
beta[j1],-2.334855819016772,127,0,Null,Operating model = Null
beta[j1],-2.3963474120126866,127,-2.30258509299405,Null,Operating model = Null
beta[j1],-2.440552849928661,127,0.693147180559945,Null,Operating model = Null
beta[j1],-2.418161038279073,128,0,Null,Operating model = Null
beta[j1],-2.2153960696961557,128,-2.30258509299405,Null,Operating model = Null
beta[j1],-2.6792348780616835,128,0.693147180559945,Null,Operating model = Null
beta[j1],-2.374558355746751,129,0,Null,Operating model = Null
beta[j1],-2.5578300418521045,129,-2.30258509299405,Null,Operating model = Null
beta[j1],-2.319456356655095,129,0.693147180559945,Null,Operating model = Null
beta[j1],-2.7013187070074025,130,0,Null,Operating model = Null
beta[j1],-2.4988261518888724,130,-2.30258509299405,Null,Operating model = Null
beta[j1],-2.465848270202604,130,0.693147180559945,Null,Operating model = Null
beta[j1],-2.4868911524921096,131,0,Null,Operating model = Null
beta[j1],-2.45297928567555,131,-2.30258509299405,Null,Operating model = Null
beta[j1],-2.3048133354126814,131,0.693147180559945,Null,Operating model = Null
beta[j1],-2.55561503421072,132,0,Null,Operating model = Null
beta[j1],-2.715714097411773,132,-2.30258509299405,Null,Operating model = Null
beta[j1],-2.434695671290764,132,0.693147180559945,Null,Operating model = Null
beta[j1],-2.159871734327313,133,0,Null,Operating model = Null
beta[j1],-2.2933638435165964,133,-2.30258509299405,Null,Operating model = Null
beta[j1],-2.221676926724912,133,0.693147180559945,Null,Operating model = Null
beta[j1],-2.5598696960288394,134,0,Null,Operating model = Null
beta[j1],-2.416155482044592,134,-2.30258509299405,Null,Operating model = Null
beta[j1],-2.4496112077580903,134,0.693147180559945,Null,Operating model = Null
beta[j1],-2.5742408182969876,135,0,Null,Operating model = Null
beta[j1],-2.4784384468069205,135,-2.30258509299405,Null,Operating model = Null
beta[j1],-2.353457563487667,135,0.693147180559945,Null,Operating model = Null
beta[j1],-2.420467276869578,136,0,Null,Operating model = Null
beta[j1],-2.2787174280149514,136,-2.30258509299405,Null,Operating model = Null
beta[j1],-2.414899584405725,136,0.693147180559945,Null,Operating model = Null
beta[j1],-2.3420354791655025,137,0,Null,Operating model = Null
beta[j1],-2.4201093102040603,137,-2.30258509299405,Null,Operating model = Null
beta[j1],-1.8520580367378692,137,0.693147180559945,Null,Operating model = Null
beta[j1],-2.6294634998477098,138,0,Null,Operating model = Null
beta[j1],-2.3797098333804096,138,-2.30258509299405,Null,Operating model = Null
beta[j1],-2.3923702947817795,138,0.693147180559945,Null,Operating model = Null
beta[j1],-2.54091997799399,139,0,Null,Operating model = Null
beta[j1],-2.3204199952963536,139,-2.30258509299405,Null,Operating model = Null
beta[j1],-2.2871214845367893,139,0.693147180559945,Null,Operating model = Null
beta[j1],-2.364111806563335,140,0,Null,Operating model = Null
beta[j1],-2.85950064319816,140,-2.30258509299405,Null,Operating model = Null
beta[j1],-2.334905808520212,140,0.693147180559945,Null,Operating model = Null
beta[j1],-2.29296618154496,141,0,Null,Operating model = Null
beta[j1],-2.461910664600622,141,-2.30258509299405,Null,Operating model = Null
beta[j1],-2.44139550134858,141,0.693147180559945,Null,Operating model = Null
beta[j1],-2.3597600946737924,142,0,Null,Operating model = Null
beta[j1],-2.411092773880253,142,-2.30258509299405,Null,Operating model = Null
beta[j1],-2.1457475025654595,142,0.693147180559945,Null,Operating model = Null
beta[j1],-2.3473350469510894,143,0,Null,Operating model = Null
beta[j1],-2.557739053275093,143,-2.30258509299405,Null,Operating model = Null
beta[j1],-2.6813771319495836,143,0.693147180559945,Null,Operating model = Null
beta[j1],-1.9215395006094322,144,0,Null,Operating model = Null
beta[j1],-2.3710107493167545,144,-2.30258509299405,Null,Operating model = Null
beta[j1],-2.231675264320635,144,0.693147180559945,Null,Operating model = Null
beta[j1],-2.4535934201832106,145,0,Null,Operating model = Null
beta[j1],-2.34060884496017,145,-2.30258509299405,Null,Operating model = Null
beta[j1],-2.428148915056907,145,0.693147180559945,Null,Operating model = Null
beta[j1],-2.364465545269848,146,0,Null,Operating model = Null
beta[j1],-2.4101225609722197,146,-2.30258509299405,Null,Operating model = Null
beta[j1],-2.364757788195471,146,0.693147180559945,Null,Operating model = Null
beta[j1],-2.3701381476034524,147,0,Null,Operating model = Null
beta[j1],-2.4019151430500285,147,-2.30258509299405,Null,Operating model = Null
beta[j1],-2.0975939590697052,147,0.693147180559945,Null,Operating model = Null
beta[j1],-2.499123414967643,148,0,Null,Operating model = Null
beta[j1],-2.3384345788999705,148,-2.30258509299405,Null,Operating model = Null
beta[j1],-2.232351476378425,148,0.693147180559945,Null,Operating model = Null
beta[j1],-2.432947574102844,149,0,Null,Operating model = Null
beta[j1],-2.2805040778568824,149,-2.30258509299405,Null,Operating model = Null
beta[j1],-3.033907111517643,149,0.693147180559945,Null,Operating model = Null
beta[j1],-2.5513138740639576,150,0,Null,Operating model = Null
beta[j1],-2.2805952182460736,150,-2.30258509299405,Null,Operating model = Null
beta[j1],-2.948897403397831,150,0.693147180559945,Null,Operating model = Null
beta[j1],-2.360699406165096,151,0,Null,Operating model = Null
beta[j1],-2.2091129072073277,151,-2.30258509299405,Null,Operating model = Null
beta[j1],-2.5308785358720636,151,0.693147180559945,Null,Operating model = Null
beta[j1],-2.762179356674437,152,0,Null,Operating model = Null
beta[j1],-2.4461499873249077,152,-2.30258509299405,Null,Operating model = Null
beta[j1],-2.26955433373718,152,0.693147180559945,Null,Operating model = Null
beta[j1],-2.389609480262198,153,0,Null,Operating model = Null
beta[j1],-2.4801367228228677,153,-2.30258509299405,Null,Operating model = Null
beta[j1],-2.392738132937975,153,0.693147180559945,Null,Operating model = Null
beta[j1],-2.8234636585952124,154,0,Null,Operating model = Null
beta[j1],-2.583543687548138,154,-2.30258509299405,Null,Operating model = Null
beta[j1],-2.284356790425865,154,0.693147180559945,Null,Operating model = Null
beta[j1],-2.5378087248400383,155,0,Null,Operating model = Null
beta[j1],-2.4209792722017296,155,-2.30258509299405,Null,Operating model = Null
beta[j1],-2.6253360629936533,155,0.693147180559945,Null,Operating model = Null
beta[j1],-2.4189048155683364,156,0,Null,Operating model = Null
beta[j1],-2.2366015135819093,156,-2.30258509299405,Null,Operating model = Null
beta[j1],-2.474813271322693,156,0.693147180559945,Null,Operating model = Null
beta[j1],-2.293390671299871,157,0,Null,Operating model = Null
beta[j1],-2.334272538374692,157,-2.30258509299405,Null,Operating model = Null
beta[j1],-1.944347961661198,157,0.693147180559945,Null,Operating model = Null
beta[j1],-2.4850998181837487,158,0,Null,Operating model = Null
beta[j1],-2.3563678566703965,158,-2.30258509299405,Null,Operating model = Null
beta[j1],-2.2128709909285673,158,0.693147180559945,Null,Operating model = Null
beta[j1],-2.495526840048915,159,0,Null,Operating model = Null
beta[j1],-2.722215241935294,159,-2.30258509299405,Null,Operating model = Null
beta[j1],-2.107951289556397,159,0.693147180559945,Null,Operating model = Null
beta[j1],-2.258578984965744,160,0,Null,Operating model = Null
beta[j1],-2.5067602121142887,160,-2.30258509299405,Null,Operating model = Null
beta[j1],-2.490209851788508,160,0.693147180559945,Null,Operating model = Null
beta[j1],-2.429679288662414,161,0,Null,Operating model = Null
beta[j1],-2.182928994963213,161,-2.30258509299405,Null,Operating model = Null
beta[j1],-2.436346819667315,161,0.693147180559945,Null,Operating model = Null
beta[j1],-2.3620962543712007,162,0,Null,Operating model = Null
beta[j1],-2.557328300076067,162,-2.30258509299405,Null,Operating model = Null
beta[j1],-2.3880527971103875,162,0.693147180559945,Null,Operating model = Null
beta[j1],-2.7699664346512693,163,0,Null,Operating model = Null
beta[j1],-2.395089275899974,163,-2.30258509299405,Null,Operating model = Null
beta[j1],-2.8057504532947846,163,0.693147180559945,Null,Operating model = Null
beta[j1],-2.1597411516383738,164,0,Null,Operating model = Null
beta[j1],-2.3341963718777845,164,-2.30258509299405,Null,Operating model = Null
beta[j1],-2.3439183860454675,164,0.693147180559945,Null,Operating model = Null
beta[j1],-2.6509604486336316,165,0,Null,Operating model = Null
beta[j1],-2.4100942358844213,165,-2.30258509299405,Null,Operating model = Null
beta[j1],-2.6567161726661763,165,0.693147180559945,Null,Operating model = Null
beta[j1],-2.479297298512026,166,0,Null,Operating model = Null
beta[j1],-2.0960111613675054,166,-2.30258509299405,Null,Operating model = Null
beta[j1],-2.0775731350473676,166,0.693147180559945,Null,Operating model = Null
beta[j1],-2.0781817477702496,167,0,Null,Operating model = Null
beta[j1],-2.401867650941639,167,-2.30258509299405,Null,Operating model = Null
beta[j1],-2.3474394651322186,167,0.693147180559945,Null,Operating model = Null
beta[j1],-2.4825530494359356,168,0,Null,Operating model = Null
beta[j1],-2.328610841224139,168,-2.30258509299405,Null,Operating model = Null
beta[j1],-2.2984853129584484,168,0.693147180559945,Null,Operating model = Null
beta[j1],-2.220063055099005,169,0,Null,Operating model = Null
beta[j1],-2.370513407521973,169,-2.30258509299405,Null,Operating model = Null
beta[j1],-2.423914661952939,169,0.693147180559945,Null,Operating model = Null
beta[j1],-2.2748092138697533,170,0,Null,Operating model = Null
beta[j1],-2.477450195896767,170,-2.30258509299405,Null,Operating model = Null
beta[j1],-2.4193955249623316,170,0.693147180559945,Null,Operating model = Null
beta[j1],-2.117830033864015,171,0,Null,Operating model = Null
beta[j1],-2.329230834547815,171,-2.30258509299405,Null,Operating model = Null
beta[j1],-2.6300199341856114,171,0.693147180559945,Null,Operating model = Null
beta[j1],-2.4671064271333907,172,0,Null,Operating model = Null
beta[j1],-2.482338514622463,172,-2.30258509299405,Null,Operating model = Null
beta[j1],-2.5173140547717923,172,0.693147180559945,Null,Operating model = Null
beta[j1],-2.440298609506901,173,0,Null,Operating model = Null
beta[j1],-2.9241788263170463,173,-2.30258509299405,Null,Operating model = Null
beta[j1],-2.7133829795876485,173,0.693147180559945,Null,Operating model = Null
beta[j1],-2.3992876886993653,174,0,Null,Operating model = Null
beta[j1],-2.582683694920911,174,-2.30258509299405,Null,Operating model = Null
beta[j1],-2.1548510514954033,174,0.693147180559945,Null,Operating model = Null
beta[j1],-2.525010974689404,175,0,Null,Operating model = Null
beta[j1],-2.286980633154286,175,-2.30258509299405,Null,Operating model = Null
beta[j1],-2.3981306804180837,175,0.693147180559945,Null,Operating model = Null
beta[j1],-2.63648416582084,176,0,Null,Operating model = Null
beta[j1],-2.342503769468841,176,-2.30258509299405,Null,Operating model = Null
beta[j1],-2.4991835383482397,176,0.693147180559945,Null,Operating model = Null
beta[j1],-2.4630508323620988,177,0,Null,Operating model = Null
beta[j1],-2.500395490214846,177,-2.30258509299405,Null,Operating model = Null
beta[j1],-2.4200726417744662,177,0.693147180559945,Null,Operating model = Null
beta[j1],-2.34230443197134,178,0,Null,Operating model = Null
beta[j1],-2.4012757132224105,178,-2.30258509299405,Null,Operating model = Null
beta[j1],-2.6826408265849273,178,0.693147180559945,Null,Operating model = Null
beta[j1],-2.134144307670543,179,0,Null,Operating model = Null
beta[j1],-2.466080871469389,179,-2.30258509299405,Null,Operating model = Null
beta[j1],-2.3513482657965348,179,0.693147180559945,Null,Operating model = Null
beta[j1],-2.486750358040134,180,0,Null,Operating model = Null
beta[j1],-2.18439894363331,180,-2.30258509299405,Null,Operating model = Null
beta[j1],-2.5750379986595546,180,0.693147180559945,Null,Operating model = Null
beta[j1],-2.287373945311204,181,0,Null,Operating model = Null
beta[j1],-2.447708416675767,181,-2.30258509299405,Null,Operating model = Null
beta[j1],-2.4015565008043636,181,0.693147180559945,Null,Operating model = Null
beta[j1],-2.3338697265935733,182,0,Null,Operating model = Null
beta[j1],-2.37601679492932,182,-2.30258509299405,Null,Operating model = Null
beta[j1],-2.420544611815295,182,0.693147180559945,Null,Operating model = Null
beta[j1],-2.5419606888396182,183,0,Null,Operating model = Null
beta[j1],-2.425742059115753,183,-2.30258509299405,Null,Operating model = Null
beta[j1],-2.4060469102607587,183,0.693147180559945,Null,Operating model = Null
beta[j1],-2.3273514652216094,184,0,Null,Operating model = Null
beta[j1],-2.3626091968192857,184,-2.30258509299405,Null,Operating model = Null
beta[j1],-2.296684824341623,184,0.693147180559945,Null,Operating model = Null
beta[j1],-2.511236644839884,185,0,Null,Operating model = Null
beta[j1],-2.5371639643419015,185,-2.30258509299405,Null,Operating model = Null
beta[j1],-2.3177937734846346,185,0.693147180559945,Null,Operating model = Null
beta[j1],-2.6058761787618088,186,0,Null,Operating model = Null
beta[j1],-2.410493074084557,186,-2.30258509299405,Null,Operating model = Null
beta[j1],-3.018603684226353,186,0.693147180559945,Null,Operating model = Null
beta[j1],-2.5908105339738796,187,0,Null,Operating model = Null
beta[j1],-2.3835918459122647,187,-2.30258509299405,Null,Operating model = Null
beta[j1],-2.4122005190100424,187,0.693147180559945,Null,Operating model = Null
beta[j1],-2.6145012054154217,188,0,Null,Operating model = Null
beta[j1],-2.700039576898182,188,-2.30258509299405,Null,Operating model = Null
beta[j1],-2.351694184061337,188,0.693147180559945,Null,Operating model = Null
beta[j1],-2.289668002658316,189,0,Null,Operating model = Null
beta[j1],-2.5479287101765893,189,-2.30258509299405,Null,Operating model = Null
beta[j1],-2.099425666194223,189,0.693147180559945,Null,Operating model = Null
beta[j1],-2.4470293175423814,190,0,Null,Operating model = Null
beta[j1],-2.3478308841666014,190,-2.30258509299405,Null,Operating model = Null
beta[j1],-2.3041166704868052,190,0.693147180559945,Null,Operating model = Null
beta[j1],-1.9211850312438823,191,0,Null,Operating model = Null
beta[j1],-2.3423176244792883,191,-2.30258509299405,Null,Operating model = Null
beta[j1],-2.197103708972274,191,0.693147180559945,Null,Operating model = Null
beta[j1],-2.4863955023915554,192,0,Null,Operating model = Null
beta[j1],-2.446359056935835,192,-2.30258509299405,Null,Operating model = Null
beta[j1],-2.4517910993401233,192,0.693147180559945,Null,Operating model = Null
beta[j1],-2.3704757668420062,193,0,Null,Operating model = Null
beta[j1],-2.319443150491987,193,-2.30258509299405,Null,Operating model = Null
beta[j1],-2.2379599869659788,193,0.693147180559945,Null,Operating model = Null
beta[j1],-2.4812999669731295,194,0,Null,Operating model = Null
beta[j1],-2.2800186444519444,194,-2.30258509299405,Null,Operating model = Null
beta[j1],-1.882130055473624,194,0.693147180559945,Null,Operating model = Null
beta[j1],-2.4742984895094198,195,0,Null,Operating model = Null
beta[j1],-2.6153376802778734,195,-2.30258509299405,Null,Operating model = Null
beta[j1],-2.2624761023042748,195,0.693147180559945,Null,Operating model = Null
beta[j1],-2.2547693965140594,196,0,Null,Operating model = Null
beta[j1],-2.5530703958149723,196,-2.30258509299405,Null,Operating model = Null
beta[j1],-2.385692681897307,196,0.693147180559945,Null,Operating model = Null
beta[j1],-2.0492425916983645,197,0,Null,Operating model = Null
beta[j1],-2.4940201766996934,197,-2.30258509299405,Null,Operating model = Null
beta[j1],-2.549981032572634,197,0.693147180559945,Null,Operating model = Null
beta[j1],-2.4733067080243005,198,0,Null,Operating model = Null
beta[j1],-2.327018997229072,198,-2.30258509299405,Null,Operating model = Null
beta[j1],-2.531287196277819,198,0.693147180559945,Null,Operating model = Null
beta[j1],-2.2833542108534064,199,0,Null,Operating model = Null
beta[j1],-2.2882462527413208,199,-2.30258509299405,Null,Operating model = Null
beta[j1],-2.4571534976414506,199,0.693147180559945,Null,Operating model = Null
beta[j1],-2.243809219275788,200,0,Null,Operating model = Null
beta[j1],-2.4058473687910644,200,-2.30258509299405,Null,Operating model = Null
beta[j1],-2.2788957756645365,200,0.693147180559945,Null,Operating model = Null
